id,1994,1995,1996,1997,1998,1999,2000,2001,2002,2003,2004,2005,2006,2007,2008,2009,2010,2011,2012,2013,2014,2015,2016,2017,2018,2019,2020,2021,2022,chrt,sex,stage,nest.site.origin,cma.bin,translocated,captive,wild,SFdist,SFcat,SF_2km,SF_3km,Fcoeff,subpop,BFDV,BFDVtest,Dam_age
10005,0,0,0,0,0,0,0,0,0,0,0,0,0,0,0,0,0,0,0,PB,0,0,0,0,0,0,0,0,0,2013,UNK,juvenile,FMG,1,no,no,yes,0.234059632,1,1,1,0.0390625,GG,NA,NA,6
10025,0,0,0,0,0,0,0,0,0,0,0,0,0,0,0,0,0,0,0,PB,0,0,0,0,0,0,0,0,0,2013,UNK,juvenile,GME,1,no,no,yes,0.050813928,1,1,1,0,GG,1,1,7
10040,0,0,0,0,0,0,0,0,0,0,0,0,0,0,0,0,0,0,0,PB,0,0,0,0,0,0,0,0,0,2013,UNK,juvenile,GON,0,no,no,yes,2.615733511,2,0,1,0,BO,0,0,6
10045,0,0,0,0,0,0,0,0,0,0,0,0,0,0,0,0,0,0,0,PB,0,0,0,0,0,0,B,0,0,2013,UNK,juvenile,GON,0,no,no,yes,2.615733511,2,0,1,0,BO,0,0,6
10060,0,0,0,0,0,0,0,0,0,0,0,0,0,0,0,0,0,0,0,PB,0,0,0,0,0,0,0,0,0,2013,UNK,juvenile,HEN,0,no,no,yes,0.641990806,1,1,1,0.015625,GG,0,0,8
10065,0,0,0,0,0,0,0,0,0,0,0,0,0,0,0,0,0,0,0,PB,0,0,0,0,0,0,0,0,0,2013,UNK,juvenile,HEN,0,no,no,yes,0.641990806,1,1,1,0.015625,GG,0,0,8
10070,0,0,0,0,0,0,0,0,0,0,0,0,0,0,0,0,0,0,0,PB,0,0,0,0,0,0,0,0,0,2013,Female,juvenile,HEN,0,no,no,yes,0.641990806,1,1,1,0.015625,GG,1,1,8
10090,0,0,0,0,0,0,0,0,0,0,0,0,0,0,0,0,0,0,0,PB,0,PB,PB,B,B,B,PO,0,0,2013,Female,juvenile,HZN,0,no,no,yes,0.13292568,1,1,1,0.015625,GG,1,1,7
10095,0,0,0,0,0,0,0,0,0,0,0,0,0,0,0,0,0,0,0,PB,0,0,0,0,0,0,0,0,0,2013,Male,juvenile,HZN,0,no,no,yes,0.13292568,1,1,1,0.015625,GG,0,0,7
1010,0,PB,0,0,0,0,0,0,0,0,0,0,0,0,0,0,0,0,0,0,0,0,0,0,0,0,0,0,0,1995,Female,juvenile,TBQ,0,no,no,yes,1.306486991,1,1,1,NA,GG,0,0,NA
10105,0,0,0,0,0,0,0,0,0,0,0,0,0,0,0,0,0,0,0,PB,0,0,0,0,0,0,0,0,0,2013,Female,juvenile,HHP,0,no,no,yes,3.108427933,2,0,0,0,BO,NA,NA,10
10110,0,0,0,0,0,0,0,0,0,0,0,0,0,0,0,0,0,0,0,PB,0,0,0,0,0,0,0,0,0,2013,UNK,juvenile,HHP,0,no,no,yes,3.108427933,2,0,0,0,BO,NA,NA,10
10130,0,0,0,0,0,0,0,0,0,0,0,0,0,0,0,0,0,0,0,PB,0,0,0,0,0,0,PB,0,0,2013,Male,juvenile,IGL,0,no,no,yes,0.359733241,1,1,1,0.01953125,GG,1,1,4
10135,0,0,0,0,0,0,0,0,0,0,0,0,0,0,0,0,0,0,0,PB,0,0,0,0,0,0,0,0,0,2013,UNK,juvenile,IGL,0,no,no,yes,0.359733241,1,1,1,0.01953125,GG,1,1,4
10145,0,0,0,0,0,0,0,0,0,0,0,0,0,0,0,0,0,0,0,PB,0,0,B,B,0,0,0,0,0,2013,Female,juvenile,IPR,0,no,no,yes,1.676437644,1,1,1,0,GG,1,1,8
10150,0,0,0,0,0,0,0,0,0,0,0,0,0,0,0,0,0,0,0,PB,0,0,0,0,0,0,0,0,0,2013,UNK,juvenile,IPR,0,no,no,yes,1.676437644,1,1,1,0,GG,1,1,8
10155,0,0,0,0,0,0,0,0,0,0,0,0,0,0,0,0,0,0,0,PB,0,0,0,0,0,0,0,0,0,2013,UNK,juvenile,IPR,0,no,no,yes,1.676437644,1,1,1,0,GG,0,0,8
10165,0,0,0,0,0,0,0,0,0,0,0,0,0,0,0,0,0,0,0,PB,0,0,0,0,B,B,B,B,B,2013,Female,juvenile,JAS,0,no,no,yes,0.09697577,1,1,1,0,GG,0,0,10
10170,0,0,0,0,0,0,0,0,0,0,0,0,0,0,0,0,0,0,0,PB,0,0,0,B,B,B,B,B,B,2013,Female,juvenile,JAS,0,no,no,yes,0.09697577,1,1,1,0,GG,1,1,10
10185,0,0,0,0,0,0,0,0,0,0,0,0,0,0,0,0,0,0,0,PB,0,0,0,0,0,0,0,0,0,2013,Male,juvenile,KRE,1,no,no,yes,0.430781682,1,1,1,0.09375,GG,0,0,3
10190,0,0,0,0,0,0,0,0,0,0,0,0,0,0,0,0,0,0,0,PB,0,PB,B,0,0,B,PO,0,0,2013,Male,juvenile,KRE,1,no,no,yes,0.430781682,1,1,1,0.09375,GG,0,0,3
10195,0,0,0,0,0,0,0,0,0,0,0,0,0,0,0,0,0,0,0,PB,0,0,0,0,0,0,0,0,0,2013,UNK,juvenile,KRE,1,no,no,yes,0.430781682,1,1,1,0.09375,GG,0,0,3
10215,0,0,0,0,0,0,0,0,0,0,0,0,0,0,0,0,0,0,0,PB,0,0,0,0,0,0,0,0,0,2013,UNK,juvenile,LAN,0,no,no,yes,2.498962366,2,0,1,0.03125,GG,0,0,3
10240,0,0,0,0,0,0,0,0,0,0,0,0,0,0,0,0,0,0,0,PB,0,0,0,0,0,0,0,0,0,2013,Female,juvenile,LON,0,no,no,yes,0.041881187,1,1,1,0,GG,1,0,13
10245,0,0,0,0,0,0,0,0,0,0,0,0,0,0,0,0,0,0,0,PB,0,0,0,PB,0,0,0,0,0,2013,Male,juvenile,LON,0,no,no,yes,0.041881187,1,1,1,0,GG,0,0,13
10250,0,0,0,0,0,0,0,0,0,0,0,0,0,0,0,0,0,0,0,PB,0,0,PB,PB,0,B,0,B,B,2013,Male,juvenile,LOS,0,no,no,yes,3.047162498,2,0,0,0,BO,0,0,NA
10255,0,0,0,0,0,0,0,0,0,0,0,0,0,0,0,0,0,0,0,PB,0,0,0,0,0,0,0,0,0,2013,UNK,juvenile,LOS,0,no,no,yes,3.047162498,2,0,0,0,BO,1,1,NA
10265,0,0,0,0,0,0,0,0,0,0,0,0,0,0,0,0,0,0,0,PB,0,0,0,0,0,0,0,0,0,2013,Female,juvenile,MKA,1,no,no,yes,0.143739904,1,1,1,0.015625,GG,1,1,9
10270,0,0,0,0,0,0,0,0,0,0,0,0,0,0,0,0,0,0,0,PB,0,0,0,0,0,0,0,0,0,2013,Female,juvenile,MKA,1,no,no,yes,0.143739904,1,1,1,0.015625,GG,1,1,9
10275,0,0,0,0,0,0,0,0,0,0,0,0,0,0,0,0,0,0,0,PB,0,0,0,0,0,0,0,0,0,2013,UNK,juvenile,MKA,1,no,no,yes,0.143739904,1,1,1,0.015625,GG,1,1,9
10280,0,0,0,0,0,0,0,0,0,0,0,0,0,0,0,0,0,0,0,PB,0,PB,0,0,0,0,0,0,0,2013,Female,juvenile,MAR,0,no,no,yes,0.289798453,1,1,1,0.03125,GG,0,0,12
10285,0,0,0,0,0,0,0,0,0,0,0,0,0,0,0,0,0,0,0,PB,0,PB,0,0,0,0,0,0,0,2013,Male,juvenile,MAR,0,no,no,yes,0.289798453,1,1,1,0.03125,GG,0,0,12
10290,0,0,0,0,0,0,0,0,0,0,0,0,0,0,0,0,0,0,0,PB,0,0,0,0,0,0,0,0,0,2013,Female,juvenile,MAR,0,no,no,yes,0.289798453,1,1,1,0.03125,GG,0,0,12
10295,0,0,0,0,0,0,0,0,0,0,0,0,0,0,0,0,0,0,0,PB,0,0,PB,0,0,0,0,0,0,2013,Female,juvenile,MTO,0,no,no,yes,1.038091464,1,1,1,0.015625,BO,1,1,4
1030,0,PB,0,0,0,PB,PB,PB,0,PB,PB,0,PB,0,0,0,0,0,0,0,0,0,0,0,0,0,0,0,0,1995,Male,juvenile,HIP,0,no,no,yes,3.747977041,3,0,0,NA,BO,NA,NA,NA
10300,0,0,0,0,0,0,0,0,0,0,0,0,0,0,0,0,0,0,0,PB,0,0,PB,0,0,0,0,0,0,2013,Male,juvenile,MTO,0,no,no,yes,1.038091464,1,1,1,0.015625,BO,0,0,4
10325,0,0,0,0,0,0,0,0,0,0,0,0,0,0,0,0,0,0,0,PB,0,PB,0,0,0,0,0,0,0,2013,Male,juvenile,MID,0,no,no,yes,3.747665382,3,0,0,0.125,BO,1,1,4
10330,0,0,0,0,0,0,0,0,0,0,0,0,0,0,0,0,0,0,0,PB,0,0,0,0,0,0,0,0,0,2013,UNK,juvenile,MID,0,no,no,yes,3.747665382,3,0,0,0.125,BO,1,1,4
10335,0,0,0,0,0,0,0,0,0,0,0,0,0,0,0,0,0,0,0,PB,0,0,0,0,0,0,0,0,0,2013,UNK,juvenile,MNT,1,no,no,yes,0.349071666,1,1,1,0,GG,NA,NA,9
10340,0,0,0,0,0,0,0,0,0,0,0,0,0,0,0,0,0,0,0,PB,0,0,0,0,0,0,0,0,0,2013,UNK,juvenile,MNT,1,no,no,yes,0.349071666,1,1,1,0,GG,0,0,9
10345,0,0,0,0,0,0,0,0,0,0,0,0,0,0,0,0,0,0,0,PB,0,0,0,0,0,0,0,0,0,2013,Female,juvenile,MOL,0,no,no,yes,1.841449966,1,1,1,0.0625,BO,0,0,10
10350,0,0,0,0,0,0,0,0,0,0,0,0,0,0,0,0,0,0,0,PB,0,0,0,0,0,0,0,0,0,2013,UNK,juvenile,MOL,0,no,no,yes,1.841449966,1,1,1,0.0625,BO,1,1,10
10355,0,0,0,0,0,0,0,0,0,0,0,0,0,0,0,0,0,0,0,PB,0,0,0,0,0,0,B,0,0,2013,Female,juvenile,MOR,0,no,no,yes,0.108558256,1,1,1,0.015625,GG,0,0,9
10360,0,0,0,0,0,0,0,0,0,0,0,0,0,0,0,0,0,0,0,PB,PB,0,0,0,PB,0,0,0,0,2013,Female,juvenile,MOR,0,no,no,yes,0.108558256,1,1,1,0.015625,GG,0,0,9
10370,0,0,0,0,0,0,0,0,0,0,0,0,0,0,0,0,0,0,0,PB,0,0,0,0,0,0,0,0,0,2013,Female,juvenile,MOS,0,no,no,yes,1.327013703,1,1,1,0,BO,0,0,11
10375,0,0,0,0,0,0,0,0,0,0,0,0,0,0,0,0,0,0,0,PB,0,0,0,0,0,0,0,0,0,2013,Female,juvenile,MOS,0,no,no,yes,1.327013703,1,1,1,0,BO,0,0,11
10380,0,0,0,0,0,0,0,0,0,0,0,0,0,0,0,0,0,0,0,PB,0,0,0,0,0,0,0,0,0,2013,Male,juvenile,MOS,0,no,no,yes,1.327013703,1,1,1,0,BO,0,0,11
10385,0,0,0,0,0,0,0,0,0,0,0,0,0,0,0,0,0,0,0,PB,0,0,0,0,0,0,0,0,0,2013,Female,juvenile,MQO,0,no,no,yes,0.161296177,1,1,1,0.25,GG,0,0,11
10420,0,0,0,0,0,0,0,0,0,0,0,0,0,0,0,0,0,0,0,PB,0,0,0,0,0,0,0,0,0,2013,UNK,juvenile,NAI,0,no,no,yes,2.546203964,2,0,1,0.03125,GG,NA,NA,3
10425,0,0,0,0,0,0,0,0,0,0,0,0,0,0,0,0,0,0,0,PB,0,0,PB,0,0,0,0,0,0,2013,Female,juvenile,NAI,0,no,no,yes,2.546203964,2,0,1,0.03125,GG,NA,NA,3
10430,0,0,0,0,0,0,0,0,0,0,0,0,0,0,0,0,0,0,0,PB,0,0,0,0,PB,B,0,0,0,2013,Male,juvenile,NAZ,0,no,no,yes,0.39188742,1,1,1,0,GG,0,0,5
10435,0,0,0,0,0,0,0,0,0,0,0,0,0,0,0,0,0,0,0,PB,0,0,0,0,PB,0,0,0,0,2013,Female,juvenile,NAZ,0,no,no,yes,0.39188742,1,1,1,0,GG,1,1,5
10440,0,0,0,0,0,0,0,0,0,0,0,0,0,0,0,0,0,0,0,PB,0,0,0,0,0,0,0,0,0,2013,Female,juvenile,NAZ,0,no,no,yes,0.39188742,1,1,1,0,GG,1,1,5
10465,0,0,0,0,0,0,0,0,0,0,0,0,0,0,0,0,0,0,0,PB,0,0,0,0,PB,0,0,0,0,2013,UNK,juvenile,NEV,0,no,no,yes,0.475933776,1,1,1,0.078125,GG,NA,NA,9
10470,0,0,0,0,0,0,0,0,0,0,0,0,0,0,0,0,0,0,0,PB,0,0,0,0,0,0,0,0,0,2013,UNK,juvenile,NEV,0,no,no,yes,0.475933776,1,1,1,0.078125,GG,NA,NA,9
10480,0,0,0,0,0,0,0,0,0,0,0,0,0,0,0,0,0,0,0,PB,0,0,0,0,0,0,PB,0,B,2013,Male,juvenile,NIA,0,no,no,yes,1.074457819,1,1,1,0,GG,1,1,6
10485,0,0,0,0,0,0,0,0,0,0,0,0,0,0,0,0,0,0,0,PB,0,0,0,0,0,0,0,0,0,2013,UNK,juvenile,NIA,0,no,no,yes,1.074457819,1,1,1,0,GG,1,1,6
10490,0,0,0,0,0,0,0,0,0,0,0,0,0,0,0,0,0,0,0,PB,0,0,0,0,0,0,0,0,0,2013,UNK,juvenile,NOW,0,no,no,yes,2.298311335,2,0,1,0,BO,NA,NA,14
10495,0,0,0,0,0,0,0,0,0,0,0,0,0,0,0,0,0,0,0,PB,0,0,0,0,B,B,0,0,0,2013,Male,juvenile,NOW,0,no,no,yes,2.298311335,2,0,1,0,BO,NA,NA,14
10500,0,0,0,0,0,0,0,0,0,0,0,0,0,0,0,0,0,0,0,PB,0,0,0,0,0,0,0,0,0,2013,Female,juvenile,NOW,0,no,no,yes,2.298311335,2,0,1,0,BO,1,1,14
10505,0,0,0,0,0,0,0,0,0,0,0,0,0,0,0,0,0,0,0,PB,0,0,0,0,0,0,0,0,0,2013,UNK,juvenile,OLY,1,no,no,yes,0.084038717,1,1,1,0.25,GG,1,1,4
10510,0,0,0,0,0,0,0,0,0,0,0,0,0,0,0,0,0,0,0,PB,0,0,0,0,0,0,0,0,0,2013,Female,juvenile,OLY,1,no,no,yes,0.084038717,1,1,1,0.25,GG,0,0,4
10515,0,0,0,0,0,0,0,0,0,0,0,0,0,0,0,0,0,0,0,PB,0,0,0,0,0,0,0,0,0,2013,UNK,juvenile,OLY,1,no,no,yes,0.084038717,1,1,1,0.25,GG,0,0,4
10520,0,0,0,0,0,0,0,0,0,0,0,0,0,0,0,0,0,0,0,PB,0,0,0,0,0,0,0,0,0,2013,UNK,juvenile,OVA,0,no,no,yes,3.613778632,2,0,0,0,BO,0,0,3
10525,0,0,0,0,0,0,0,0,0,0,0,0,0,0,0,0,0,0,0,PB,0,0,0,0,0,0,0,0,0,2013,UNK,juvenile,OVA,0,no,no,yes,3.613778632,2,0,0,0,BO,0,0,3
10530,0,0,0,0,0,0,0,0,0,0,0,0,0,0,0,0,0,0,0,PB,0,B,0,0,0,0,0,0,0,2013,Female,juvenile,PAR,0,no,no,yes,2.011722582,2,0,1,0,BO,1,0,7
10535,0,0,0,0,0,0,0,0,0,0,0,0,0,0,0,0,0,0,0,PB,0,0,0,0,0,0,0,0,0,2013,UNK,juvenile,PAR,0,no,no,yes,2.011722582,2,0,1,0,BO,0,0,7
10540,0,0,0,0,0,0,0,0,0,0,0,0,0,0,0,0,0,0,0,PB,0,0,0,0,0,0,PB,0,0,2013,Female,juvenile,PAR,0,no,no,yes,2.011722582,2,0,1,0,BO,0,0,7
10545,0,0,0,0,0,0,0,0,0,0,0,0,0,0,0,0,0,0,0,PB,0,0,0,0,0,0,0,0,0,2013,Female,juvenile,PHO,0,no,no,yes,1.079327248,1,1,1,0,GG,1,1,9
1055,0,0,PB,0,0,0,0,0,0,0,0,0,0,0,0,0,0,0,0,0,0,0,0,0,0,0,0,0,0,1996,UNK,juvenile,NMR,0,no,no,yes,NA,NA,NA,NA,NA,GG,NA,NA,NA
10550,0,0,0,0,0,0,0,0,0,0,0,0,0,0,0,0,0,0,0,PB,0,0,0,0,0,0,0,0,0,2013,Male,juvenile,PHO,0,no,no,yes,1.079327248,1,1,1,0,GG,0,0,9
10555,0,0,0,0,0,0,0,0,0,0,0,0,0,0,0,0,0,0,0,PB,0,PB,0,0,0,0,0,0,0,2013,Male,juvenile,PLA,0,no,no,yes,0.294527304,1,1,1,0.01171875,GG,0,0,4
10560,0,0,0,0,0,0,0,0,0,0,0,0,0,0,0,0,0,0,0,PB,0,0,0,0,0,0,0,0,0,2013,Female,juvenile,PLA,0,no,no,yes,0.294527304,1,1,1,0.01171875,GG,1,1,4
10565,0,0,0,0,0,0,0,0,0,0,0,0,0,0,0,0,0,0,0,PB,0,0,0,0,0,0,0,0,0,2013,UNK,juvenile,PLA,0,no,no,yes,0.294527304,1,1,1,0.01171875,GG,0,0,4
10570,0,0,0,0,0,0,0,0,0,0,0,0,0,0,0,0,0,0,0,PB,0,PB,0,0,B,0,0,0,0,2013,Female,juvenile,POW,0,no,no,yes,3.128884823,2,0,0,0,BO,0,0,NA
10575,0,0,0,0,0,0,0,0,0,0,0,0,0,0,0,0,0,0,0,PB,0,0,0,0,0,0,0,0,0,2013,UNK,juvenile,POW,0,no,no,yes,3.128884823,2,0,0,0,BO,1,1,NA
10630,0,0,0,0,0,0,0,0,0,0,0,0,0,0,0,0,0,0,0,PB,0,0,0,0,0,0,0,0,0,2013,UNK,juvenile,RAT,0,no,no,yes,1.997109374,1,1,1,NA,GG,NA,NA,6
10640,0,0,0,0,0,0,0,0,0,0,0,0,0,0,0,0,0,0,0,PB,0,0,0,0,0,0,0,0,0,2013,UNK,juvenile,RBN,0,no,no,yes,0.524146132,1,1,1,0.0703125,GG,0,0,4
10645,0,0,0,0,0,0,0,0,0,0,0,0,0,0,0,0,0,0,0,PB,0,0,0,0,0,0,0,0,0,2013,Female,juvenile,RBN,0,no,no,yes,0.524146132,1,1,1,0.0703125,GG,1,1,4
10650,0,0,0,0,0,0,0,0,0,0,0,0,0,0,0,0,0,0,0,PB,0,0,0,0,0,0,0,0,0,2013,UNK,juvenile,RBN,0,no,no,yes,0.524146132,1,1,1,0.0703125,GG,0,0,4
10655,0,0,0,0,0,0,0,0,0,0,0,0,0,0,0,0,0,0,0,PB,0,0,0,0,0,0,0,0,0,2013,UNK,juvenile,RED,1,no,no,yes,0.440463006,1,1,1,0.015625,GG,0,0,9
10670,0,0,0,0,0,0,0,0,0,0,0,0,0,0,0,0,0,0,0,PB,0,PB,B,B,0,B,B,B,0,2013,Female,juvenile,RON,0,no,no,yes,1.456043944,1,1,1,0,BO,1,1,4
10675,0,0,0,0,0,0,0,0,0,0,0,0,0,0,0,0,0,0,0,PB,0,0,0,0,0,0,0,0,0,2013,UNK,juvenile,RON,0,no,no,yes,1.456043944,1,1,1,0,BO,NA,NA,4
10680,0,0,0,0,0,0,0,0,0,0,0,0,0,0,0,0,0,0,0,PB,0,0,B,B,0,0,0,0,0,2013,Female,juvenile,SAP,0,no,no,yes,1.610957558,1,1,1,0,GG,1,1,7
10685,0,0,0,0,0,0,0,0,0,0,0,0,0,0,0,0,0,0,0,PB,0,0,0,0,0,0,0,0,0,2013,UNK,juvenile,SAP,0,no,no,yes,1.610957558,1,1,1,0,GG,0,0,7
10695,0,0,0,0,0,0,0,0,0,0,0,0,0,0,0,0,0,0,0,PB,0,0,0,0,0,0,0,0,0,2013,UNK,juvenile,SEX,0,no,no,yes,1.630767846,1,1,1,0,BO,1,1,10
1070,0,0,PB,0,0,0,0,0,0,0,0,0,0,0,0,0,0,0,0,0,0,0,0,0,0,0,0,0,0,1996,Male,juvenile,TBQ,0,no,no,yes,1.306486991,1,1,1,NA,GG,NA,NA,NA
10700,0,0,0,0,0,0,0,0,0,0,0,0,0,0,0,0,0,0,0,PB,0,B,PO,B,B,B,B,0,B,2013,Female,juvenile,SEX,0,no,no,yes,1.630767846,1,1,1,0,BO,0,0,10
10710,0,0,0,0,0,0,0,0,0,0,0,0,0,0,0,0,0,0,0,PB,0,0,0,0,0,0,0,0,0,2013,UNK,juvenile,SLE,0,no,no,yes,1.349916214,1,1,1,0.25,GG,0,0,8
10715,0,0,0,0,0,0,0,0,0,0,0,0,0,0,0,0,0,0,0,PB,0,0,0,0,0,0,0,0,0,2013,Female,juvenile,SLE,0,no,no,yes,1.349916214,1,1,1,0.25,GG,1,1,8
10720,0,0,0,0,0,0,0,0,0,0,0,0,0,0,0,0,0,0,0,PB,0,0,0,0,0,0,0,0,0,2013,UNK,juvenile,SLE,0,no,no,yes,1.349916214,1,1,1,0.25,GG,0,0,8
10750,0,0,0,0,0,0,0,0,0,0,0,0,0,0,0,0,0,0,0,PB,0,0,0,0,0,0,0,0,0,2013,UNK,juvenile,SQU,0,no,no,yes,3.019230646,2,0,0,0,BO,0,0,6
10755,0,0,0,0,0,0,0,0,0,0,0,0,0,0,0,0,0,0,0,PB,0,0,0,0,PB,0,0,0,0,2013,Female,juvenile,SQU,0,no,no,yes,3.019230646,2,0,0,0,BO,1,1,6
10775,0,0,0,0,0,0,0,0,0,0,0,0,0,0,0,0,0,0,0,PB,0,0,0,0,0,0,0,0,0,2013,UNK,juvenile,STX,0,no,no,yes,1.931616027,1,1,1,0.15625,BO,1,1,9
10780,0,0,0,0,0,0,0,0,0,0,0,0,0,0,0,0,0,0,0,PB,0,0,0,0,0,0,0,0,0,2013,UNK,juvenile,STX,0,no,no,yes,1.931616027,1,1,1,0.15625,BO,1,1,9
10785,0,0,0,0,0,0,0,0,0,0,0,0,0,0,0,0,0,0,0,PB,0,0,0,0,0,0,0,0,0,2013,Female,juvenile,STX,0,no,no,yes,1.931616027,1,1,1,0.15625,BO,1,1,9
10790,0,0,0,0,0,0,0,0,0,0,0,0,0,0,0,0,0,0,0,PB,0,0,0,0,0,0,0,0,0,2013,Female,juvenile,SUN,0,no,no,yes,0.397173053,1,1,1,0,GG,0,0,5
10795,0,0,0,0,0,0,0,0,0,0,0,0,0,0,0,0,0,0,0,PB,0,0,0,0,0,0,0,0,0,2013,UNK,juvenile,SUN,0,no,no,yes,0.397173053,1,1,1,0,GG,0,0,5
10805,0,0,0,0,0,0,0,0,0,0,0,0,0,0,0,0,0,0,0,PB,0,0,0,0,0,0,0,0,0,2013,UNK,juvenile,SUZ,1,no,no,yes,0.045266475,1,1,1,0,GG,1,1,6
10815,0,0,0,0,0,0,0,0,0,0,0,0,0,0,0,0,0,0,0,PB,0,0,PB,B,0,0,0,0,PO,2013,Male,juvenile,SWI,0,no,no,yes,2.949732005,2,0,1,0,BO,1,1,4
10820,0,0,0,0,0,0,0,0,0,0,0,0,0,0,0,0,0,0,0,PB,0,B,B,B,0,0,0,0,0,2013,Female,juvenile,SWI,0,no,no,yes,2.949732005,2,0,1,0,BO,0,0,4
10825,0,0,0,0,0,0,0,0,0,0,0,0,0,0,0,0,0,0,0,PB,PB,0,B,0,0,B,B,B,B,2013,Male,juvenile,SWI,0,no,no,yes,2.949732005,2,0,1,0,BO,0,0,4
10835,0,0,0,0,0,0,0,0,0,0,0,0,0,0,0,0,0,0,0,PB,0,0,PB,0,0,0,0,0,0,2013,Male,juvenile,TAU,0,no,no,yes,0.412123285,1,1,1,0.125,GG,0,0,9
10840,0,0,0,0,0,0,0,0,0,0,0,0,0,0,0,0,0,0,0,PB,0,PB,B,B,B,B,0,0,0,2013,Female,juvenile,TAU,0,no,no,yes,0.412123285,1,1,1,0.125,GG,1,0,9
1085,0,0,0,PB,0,PB,PB,0,0,0,0,0,0,0,0,0,0,0,0,0,0,0,0,0,0,0,0,0,0,1997,Female,juvenile,GDEWS,NA,no,no,no,NA,#N/A,NA,NA,0.25,NA,NA,NA,NA
10850,0,0,0,0,0,0,0,0,0,0,0,0,0,0,0,0,0,0,0,PB,0,0,0,0,0,B,B,0,0,2013,Male,juvenile,GLO,0,no,no,yes,3.499181983,2,0,0,0.03125,BO,1,1,7
10855,0,0,0,0,0,0,0,0,0,0,0,0,0,0,0,0,0,0,0,PB,0,0,PB,0,0,0,0,0,0,2013,Male,juvenile,GLO,0,no,no,yes,3.499181983,2,0,0,0.03125,BO,0,0,7
10860,0,0,0,0,0,0,0,0,0,0,0,0,0,0,0,0,0,0,0,PB,0,0,B,B,0,B,B,0,B,2013,Female,juvenile,GLO,0,no,no,yes,3.499181983,2,0,0,0.03125,BO,1,1,7
10865,0,0,0,0,0,0,0,0,0,0,0,0,0,0,0,0,0,0,0,PB,0,0,0,0,0,0,0,0,0,2013,UNK,juvenile,TRA,0,no,no,yes,0.243337301,1,1,1,0.03125,GG,0,0,9
10870,0,0,0,0,0,0,0,0,0,0,0,0,0,0,0,0,0,0,0,PB,0,0,0,0,0,0,0,0,0,2013,UNK,juvenile,TRA,0,no,no,yes,0.243337301,1,1,1,0.03125,GG,1,1,9
10875,0,0,0,0,0,0,0,0,0,0,0,0,0,0,0,0,0,0,0,PB,0,0,0,0,0,0,0,0,0,2013,UNK,juvenile,TRA,0,no,no,yes,0.243337301,1,1,1,0.03125,GG,0,0,9
10880,0,0,0,0,0,0,0,0,0,0,0,0,0,0,0,0,0,0,0,PB,0,0,0,0,0,0,0,0,0,2013,Male,juvenile,TRA,0,no,no,yes,0.243337301,1,1,1,0.03125,GG,0,0,9
10885,0,0,0,0,0,0,0,0,0,0,0,0,0,0,0,0,0,0,0,PB,0,0,PB,0,0,0,0,0,0,2013,UNK,juvenile,TRO,1,no,no,yes,0.042474,1,1,1,0,GG,0,0,13
10890,0,0,0,0,0,0,0,0,0,0,0,0,0,0,0,0,0,0,0,PB,0,0,0,0,0,0,0,0,0,2013,Female,juvenile,TRO,1,no,no,yes,0.042474,1,1,1,0,GG,0,0,13
10895,0,0,0,0,0,0,0,0,0,0,0,0,0,0,0,0,0,0,0,PB,0,0,0,0,0,0,0,0,0,2013,Female,juvenile,TRO,1,no,no,yes,0.042474,1,1,1,0,GG,1,1,13
1090,0,0,0,PB,0,0,0,0,0,0,0,0,0,0,0,0,0,0,0,0,0,0,0,0,0,0,0,0,0,1997,UNK,juvenile,NOW,0,no,no,yes,2.298311335,2,0,1,NA,BO,NA,NA,NA
10905,0,0,0,0,0,0,0,0,0,0,0,0,0,0,0,0,0,0,0,PB,0,0,0,0,0,0,0,0,0,2013,UNK,juvenile,TUT,0,no,no,yes,0.159228595,1,1,1,0.0625,GG,1,1,12
1091,0,0,0,PB,0,0,0,0,0,0,0,0,0,0,0,0,0,0,0,0,0,0,0,0,0,0,0,0,0,1997,Female,juvenile,CRN,0,no,no,no,0.582590196,1,1,1,NA,GG,NA,NA,NA
10910,0,0,0,0,0,0,0,0,0,0,0,0,0,0,0,0,0,0,0,PB,0,0,0,0,0,0,0,0,0,2013,Female,juvenile,TUT,0,no,no,yes,0.159228595,1,1,1,0.0625,GG,1,1,12
10915,0,0,0,0,0,0,0,0,0,0,0,0,0,0,0,0,0,0,0,PB,0,0,0,0,0,0,0,0,0,2013,UNK,juvenile,TUT,0,no,no,yes,0.159228595,1,1,1,0.0625,GG,1,1,12
10945,0,0,0,0,0,0,0,0,0,0,0,0,0,0,0,0,0,0,0,PB,0,0,0,0,0,0,0,0,0,2013,UNK,juvenile,VES,0,no,no,yes,3.052730754,2,0,0,0,BO,0,0,10
1095,0,0,0,PB,0,0,0,0,0,0,0,0,0,0,0,0,0,0,0,0,0,0,0,0,0,0,0,0,0,1997,Female,juvenile,NOW,0,no,no,no,2.298311335,2,0,1,NA,BO,NA,NA,NA
10950,0,0,0,0,0,0,0,0,0,0,0,0,0,0,0,0,0,0,0,PB,0,0,0,0,0,0,0,0,0,2013,Female,juvenile,VES,0,no,no,yes,3.052730754,2,0,0,0,BO,0,0,10
10960,0,0,0,0,0,0,0,0,0,0,0,0,0,0,0,0,0,0,0,PB,0,0,0,0,0,0,0,0,0,2013,UNK,juvenile,WAT,0,no,no,yes,3.690563635,2,0,0,0,BO,0,0,13
10965,0,0,0,0,0,0,0,0,0,0,0,0,0,0,0,0,0,0,0,PB,0,0,0,0,0,0,0,0,0,2013,Male,juvenile,WAT,0,no,no,yes,3.690563635,2,0,0,0,BO,1,1,13
10975,0,0,0,0,0,0,0,0,0,0,0,0,0,0,0,0,0,0,0,PB,0,0,0,0,0,0,0,0,0,2013,UNK,juvenile,WEE,0,no,no,yes,1.18256435,1,1,1,0,GG,0,0,13
10980,0,0,0,0,0,0,0,0,0,0,0,0,0,0,0,0,0,0,0,PB,0,0,0,0,0,0,0,0,0,2013,UNK,juvenile,WEE,0,no,no,yes,1.18256435,1,1,1,0,GG,0,0,13
10985,0,0,0,0,0,0,0,0,0,0,0,0,0,0,0,0,0,0,0,PB,0,0,0,0,B,0,0,0,0,2013,Male,juvenile,WEE,0,no,no,yes,1.18256435,1,1,1,0,GG,1,1,13
1100,0,0,0,PB,0,0,0,0,0,0,0,0,0,0,0,0,0,0,0,0,0,0,0,0,0,0,0,0,0,1997,Male,juvenile,NOW,0,no,no,yes,2.298311335,2,0,1,NA,BO,NA,NA,NA
11005,0,0,0,0,0,0,0,0,0,0,0,0,0,0,0,0,0,0,0,PB,0,0,0,0,0,0,0,0,0,2013,UNK,juvenile,WHA,0,no,no,yes,0.012678474,1,1,1,0,GG,1,1,15
11010,0,0,0,0,0,0,0,0,0,0,0,0,0,0,0,0,0,0,0,PB,0,PB,0,0,0,0,0,0,0,2013,Male,juvenile,WHA,0,no,no,yes,0.012678474,1,1,1,0,GG,0,0,15
11011,0,0,0,0,0,0,0,0,0,0,0,0,0,0,0,0,0,0,0,0,PB,0,0,0,0,0,0,0,0,2014,UNK,juvenile,AAR,0,no,no,yes,2.144788508,2,0,1,0.0625,BO,0,0,11
11015,0,0,0,0,0,0,0,0,0,0,0,0,0,0,0,0,0,0,0,0,PB,PB,B,B,B,B,B,B,0,2014,Female,juvenile,AAR,0,no,no,yes,2.144788508,2,0,1,0.0625,BO,0,0,11
11020,0,0,0,0,0,0,0,0,0,0,0,0,0,0,0,0,0,0,0,0,PB,0,0,0,0,0,0,0,0,2014,Male,juvenile,AAR,0,no,no,yes,2.144788508,2,0,1,0.0625,BO,1,0,11
11025,0,0,0,0,0,0,0,0,0,0,0,0,0,0,0,0,0,0,0,0,PB,0,0,0,0,0,0,0,0,2014,Male,juvenile,ADV,0,no,no,yes,1.128041703,1,1,1,0,GG,1,0,5
11030,0,0,0,0,0,0,0,0,0,0,0,0,0,0,0,0,0,0,0,0,PB,0,0,0,0,0,0,0,0,2014,Female,juvenile,ADV,0,no,no,yes,1.128041703,1,1,1,0,GG,0,0,5
11040,0,0,0,0,0,0,0,0,0,0,0,0,0,0,0,0,0,0,0,0,PB,0,0,0,0,0,0,0,0,2014,UNK,juvenile,ALA,0,no,no,yes,0.856844925,1,1,1,0,BO,0,0,11
11046,0,0,0,0,0,0,0,0,0,0,0,0,0,0,0,0,0,0,0,0,PB,0,PB,0,0,0,0,0,0,2014,Male,juvenile,ALA,0,no,no,yes,0.856844925,1,1,1,0,BO,0,0,11
1105,0,0,0,PB,0,0,0,0,0,0,0,0,0,0,PB,0,0,0,0,0,0,0,0,0,0,0,0,0,0,1997,Male,juvenile,CAM,0,no,no,no,1.700716717,1,1,1,NA,GG,NA,NA,NA
11051,0,0,0,0,0,0,0,0,0,0,0,0,0,0,0,0,0,0,0,0,PB,0,0,0,0,0,0,0,0,2014,UNK,juvenile,AOT,0,no,no,yes,1.870291177,1,1,1,0.0625,GG,0,0,5
11056,0,0,0,0,0,0,0,0,0,0,0,0,0,0,0,0,0,0,0,0,PB,0,0,0,0,0,0,0,0,2014,UNK,juvenile,AOT,0,no,no,yes,1.870291177,1,1,1,0.0625,GG,0,0,5
11061,0,0,0,0,0,0,0,0,0,0,0,0,0,0,0,0,0,0,0,0,PB,0,0,0,0,PB,0,0,0,2014,Female,juvenile,ASH,1,no,no,yes,0.450070765,1,1,1,0,GG,1,1,12
11095,0,0,0,0,0,0,0,0,0,0,0,0,0,0,0,0,0,0,0,0,PB,0,PB,0,0,0,0,0,0,2014,UNK,juvenile,BBA,0,no,no,yes,2.384051007,2,0,1,0.03125,BO,0,0,5
1110,0,0,0,PB,0,0,0,0,0,0,0,0,0,0,0,0,0,0,0,0,0,0,0,0,0,0,0,0,0,1997,Female,juvenile,MI5,0,no,no,no,3.725525395,3,0,0,NA,BO,NA,NA,NA
11100,0,0,0,0,0,0,0,0,0,0,0,0,0,0,0,0,0,0,0,0,PB,0,0,0,0,0,0,0,0,2014,UNK,juvenile,BBA,0,no,no,yes,2.384051007,2,0,1,0.03125,BO,0,0,5
11105,0,0,0,0,0,0,0,0,0,0,0,0,0,0,0,0,0,0,0,0,PB,0,0,0,0,0,0,0,0,2014,Female,juvenile,BEE,0,no,no,yes,0.169170504,1,1,1,0,GG,1,0,12
11110,0,0,0,0,0,0,0,0,0,0,0,0,0,0,0,0,0,0,0,0,PB,0,PB,0,0,0,0,0,0,2014,Male,juvenile,BEE,0,no,no,yes,0.169170504,1,1,1,0,GG,0,0,12
11115,0,0,0,0,0,0,0,0,0,0,0,0,0,0,0,0,0,0,0,0,PB,PB,B,B,B,B,B,B,0,2014,Female,juvenile,BEE,0,no,no,yes,0.169170504,1,1,1,0,GG,1,0,12
11120,0,0,0,0,0,0,0,0,0,0,0,0,0,0,0,0,0,0,0,0,PB,0,0,0,0,0,0,0,0,2014,Female,juvenile,BER,0,no,no,yes,0.118585884,1,1,1,0.0625,GG,0,0,11
11125,0,0,0,0,0,0,0,0,0,0,0,0,0,0,0,0,0,0,0,0,PB,0,0,0,0,0,0,0,0,2014,UNK,juvenile,BER,0,no,no,yes,0.118585884,1,1,1,0.0625,GG,0,0,11
11130,0,0,0,0,0,0,0,0,0,0,0,0,0,0,0,0,0,0,0,0,PB,0,0,0,0,0,0,0,0,2014,UNK,juvenile,BER,0,no,no,yes,0.118585884,1,1,1,0.0625,GG,0,0,11
11135,0,0,0,0,0,0,0,0,0,0,0,0,0,0,0,0,0,0,0,0,PB,PB,0,0,0,0,0,0,0,2014,UNK,juvenile,BER,0,no,no,yes,0.118585884,1,1,1,0.0625,GG,0,0,11
11145,0,0,0,0,0,0,0,0,0,0,0,0,0,0,0,0,0,0,0,0,PB,0,PB,0,0,0,0,0,0,2014,UNK,juvenile,BFO,0,no,no,yes,1.355933677,1,1,1,0,GG,NA,NA,11
1115,0,0,0,PB,0,0,0,0,PB,0,0,0,PB,0,0,0,0,0,0,0,0,0,0,0,0,0,0,0,0,1997,Female,juvenile,MI5,0,no,no,yes,3.725525395,3,0,0,NA,BO,NA,NA,NA
11155,0,0,0,0,0,0,0,0,0,0,0,0,0,0,0,0,0,0,0,0,PB,0,0,0,0,0,0,0,0,2014,UNK,juvenile,BHP,0,no,no,yes,3.755955783,3,0,0,NA,BO,0,0,NA
11160,0,0,0,0,0,0,0,0,0,0,0,0,0,0,0,0,0,0,0,0,PB,PB,0,0,0,0,0,PB,0,2014,UNK,juvenile,BHP,0,no,no,yes,3.755955783,3,0,0,NA,BO,0,0,NA
11175,0,0,0,0,0,0,0,0,0,0,0,0,0,0,0,0,0,0,0,0,PB,0,0,0,0,0,0,0,0,2014,Female,juvenile,BLR,0,no,no,yes,0.326113279,1,1,1,0.0625,GG,1,0,6
1120,0,0,0,PB,0,PB,PB,0,0,0,0,0,0,0,0,0,0,0,0,0,0,0,0,0,0,0,0,0,0,1997,Female,juvenile,GDEWS,NA,no,no,no,NA,#N/A,NA,NA,NA,NA,NA,NA,NA
11200,0,0,0,0,0,0,0,0,0,0,0,0,0,0,0,0,0,0,0,0,PB,0,0,0,0,0,PB,0,0,2014,Male,juvenile,BNW,0,no,no,yes,0.879565998,1,1,1,0,GG,NA,NA,15
11205,0,0,0,0,0,0,0,0,0,0,0,0,0,0,0,0,0,0,0,0,PB,0,0,0,0,0,0,0,0,2014,Female,juvenile,BNW,0,no,no,yes,0.879565998,1,1,1,0,GG,NA,NA,15
11210,0,0,0,0,0,0,0,0,0,0,0,0,0,0,0,0,0,0,0,0,PB,0,PB,0,0,B,0,0,0,2014,Female,juvenile,BOB,0,no,no,yes,1.982154844,1,1,1,NA,BO,0,0,5
11215,0,0,0,0,0,0,0,0,0,0,0,0,0,0,0,0,0,0,0,0,PB,0,0,0,0,0,0,0,0,2014,Female,juvenile,BOB,0,no,no,yes,1.982154844,1,1,1,NA,BO,0,0,5
11220,0,0,0,0,0,0,0,0,0,0,0,0,0,0,0,0,0,0,0,0,PB,0,B,0,B,0,0,0,0,2014,Female,juvenile,BOD,0,no,no,yes,4.478520876,3,0,0,0,GG,0,0,1
11225,0,0,0,0,0,0,0,0,0,0,0,0,0,0,0,0,0,0,0,0,PB,0,0,0,0,0,0,0,0,2014,UNK,juvenile,BOD,0,no,no,yes,4.478520876,3,0,0,0,GG,0,0,1
11240,0,0,0,0,0,0,0,0,0,0,0,0,0,0,0,0,0,0,0,0,PB,0,0,0,0,0,PB,0,0,2014,Male,juvenile,CAK,0,no,no,yes,0.894448517,1,1,1,0.001953125,GG,1,1,3
1125,0,0,0,PB,0,0,0,0,0,0,0,0,0,0,0,0,0,0,0,0,0,0,0,0,0,0,0,0,0,1997,Male,juvenile,AOT,0,no,no,yes,1.870291177,1,1,1,NA,GG,NA,NA,NA
11270,0,0,0,0,0,0,0,0,0,0,0,0,0,0,0,0,0,0,0,0,PB,0,0,0,0,0,0,PB,0,2014,UNK,juvenile,CER,0,no,no,yes,3.617334389,2,0,0,0,BO,0,0,NA
11280,0,0,0,0,0,0,0,0,0,0,0,0,0,0,0,0,0,0,0,0,PB,0,0,0,0,0,0,0,0,2014,UNK,juvenile,CHI,1,no,no,yes,1.017734063,1,1,1,NA,BO,0,0,NA
11290,0,0,0,0,0,0,0,0,0,0,0,0,0,0,0,0,0,0,0,0,PB,0,PB,PB,0,PB,PB,0,0,2014,Female,juvenile,COC,0,no,no,yes,0.477454083,1,1,1,0,GG,1,0,3
11295,0,0,0,0,0,0,0,0,0,0,0,0,0,0,0,0,0,0,0,0,PB,0,0,0,0,0,0,0,0,2014,Male,juvenile,COC,0,no,no,yes,0.477454083,1,1,1,0,GG,1,0,3
1130,0,0,0,PB,0,0,0,0,0,0,0,0,0,0,0,0,0,0,0,0,0,0,0,0,0,0,0,0,0,1997,Male,juvenile,GDEWS,NA,no,no,no,NA,#N/A,NA,NA,NA,NA,NA,NA,NA
11300,0,0,0,0,0,0,0,0,0,0,0,0,0,0,0,0,0,0,0,0,PB,0,B,B,B,B,B,B,B,2014,Female,juvenile,COC,0,no,no,yes,0.477454083,1,1,1,0,GG,1,1,3
11305,0,0,0,0,0,0,0,0,0,0,0,0,0,0,0,0,0,0,0,0,PB,0,0,0,0,0,0,0,0,2014,UNK,juvenile,COR,0,no,no,yes,1.723270538,1,1,1,0,GG,0,0,7
11310,0,0,0,0,0,0,0,0,0,0,0,0,0,0,0,0,0,0,0,0,PB,0,PB,0,0,0,0,0,0,2014,Male,juvenile,COR,0,no,no,yes,1.723270538,1,1,1,0,GG,1,1,7
11315,0,0,0,0,0,0,0,0,0,0,0,0,0,0,0,0,0,0,0,0,PB,0,PB,0,0,0,0,0,0,2014,Male,juvenile,CUT,0,no,no,yes,2.565296255,2,0,1,0,GG,0,0,11
11320,0,0,0,0,0,0,0,0,0,0,0,0,0,0,0,0,0,0,0,0,PB,0,0,0,0,0,0,0,0,2014,UNK,juvenile,CUT,0,no,no,yes,2.565296255,2,0,1,0,GG,NA,NA,11
11335,0,0,0,0,0,0,0,0,0,0,0,0,0,0,0,0,0,0,0,0,PB,0,0,0,0,0,0,PB,B,2014,Male,juvenile,DRV,0,no,no,yes,1.181814126,1,1,1,0.0625,GG,0,0,5
11340,0,0,0,0,0,0,0,0,0,0,0,0,0,0,0,0,0,0,0,0,PB,0,0,0,0,0,0,0,0,2014,Female,juvenile,DRV,0,no,no,yes,1.181814126,1,1,1,0.0625,GG,1,0,5
11345,0,0,0,0,0,0,0,0,0,0,0,0,0,0,0,0,0,0,0,0,PB,0,0,0,0,0,0,0,0,2014,UNK,juvenile,DRV,0,no,no,yes,1.181814126,1,1,1,0.0625,GG,0,0,5
1135,0,0,0,0,PB,PB,0,0,0,0,0,0,0,0,0,0,0,0,0,0,0,0,0,0,0,0,0,0,0,1998,Male,juvenile,STX,0,no,no,yes,1.931616027,1,1,1,NA,BO,NA,NA,NA
11350,0,0,0,0,0,0,0,0,0,0,0,0,0,0,0,0,0,0,0,0,PB,0,0,0,0,0,0,0,0,2014,UNK,juvenile,EQU,0,no,no,yes,0.742225454,1,1,1,0.04296875,GG,NA,NA,3
11355,0,0,0,0,0,0,0,0,0,0,0,0,0,0,0,0,0,0,0,0,PB,0,0,0,0,0,0,0,0,2014,UNK,juvenile,EQU,0,no,no,yes,0.742225454,1,1,1,0.04296875,GG,0,0,3
11360,0,0,0,0,0,0,0,0,0,0,0,0,0,0,0,0,0,0,0,0,PB,0,0,0,0,0,PB,0,0,2014,Male,juvenile,EQU,0,no,no,yes,0.742225454,1,1,1,0.04296875,GG,0,0,3
11365,0,0,0,0,0,0,0,0,0,0,0,0,0,0,0,0,0,0,0,0,PB,0,0,0,0,0,0,0,0,2014,UNK,juvenile,FAT,0,no,no,yes,1.890881944,1,1,1,0.0625,GG,1,1,7
11370,0,0,0,0,0,0,0,0,0,0,0,0,0,0,0,0,0,0,0,0,PB,0,0,0,0,0,0,0,0,2014,UNK,juvenile,FAT,0,no,no,yes,1.890881944,1,1,1,0.0625,GG,0,0,7
11375,0,0,0,0,0,0,0,0,0,0,0,0,0,0,0,0,0,0,0,0,PB,PB,0,PB,0,0,0,0,0,2014,Female,juvenile,FAT,0,no,no,yes,1.890881944,1,1,1,0.0625,GG,0,0,7
11380,0,0,0,0,0,0,0,0,0,0,0,0,0,0,0,0,0,0,0,0,PB,0,0,0,0,0,0,0,0,2014,UNK,juvenile,FIX,1,no,no,yes,0.197440576,1,1,1,0.046875,BO,0,0,2
1140,0,0,0,0,PB,0,0,PB,0,0,0,PB,PB,PB,PB,PB,PB,0,0,0,0,0,0,0,0,0,0,0,0,1998,Male,juvenile,STX,0,no,no,yes,1.931616027,1,1,1,NA,BO,NA,NA,NA
11415,0,0,0,0,0,0,0,0,0,0,0,0,0,0,0,0,0,0,0,0,PB,0,0,0,0,0,0,0,0,2014,UNK,juvenile,GAL,0,no,no,yes,0.254924523,1,1,1,0,GG,0,0,11
11420,0,0,0,0,0,0,0,0,0,0,0,0,0,0,0,0,0,0,0,0,PB,PB,0,0,0,0,0,0,0,2014,Female,juvenile,GAL,0,no,no,yes,0.254924523,1,1,1,0,GG,1,0,11
11430,0,0,0,0,0,0,0,0,0,0,0,0,0,0,0,0,0,0,0,0,PB,0,0,PB,0,B,0,0,0,2014,Female,juvenile,GLO,0,no,no,yes,3.499181983,2,0,0,0.03125,BO,0,0,8
11435,0,0,0,0,0,0,0,0,0,0,0,0,0,0,0,0,0,0,0,0,PB,PB,PB,0,PB,0,0,0,0,2014,Female,juvenile,GLO,0,no,no,yes,3.499181983,2,0,0,0.03125,BO,0,0,8
1145,0,0,0,0,PB,PB,PB,0,PB,0,0,0,0,0,0,0,0,0,0,0,0,0,0,0,0,0,0,0,0,1998,Female,juvenile,CAM,0,no,no,yes,1.700716717,1,1,1,NA,GG,NA,NA,NA
11450,0,0,0,0,0,0,0,0,0,0,0,0,0,0,0,0,0,0,0,0,PB,0,0,PB,PB,0,0,0,0,2014,Male,juvenile,GME,1,no,no,yes,0.050813928,1,1,1,0,GG,1,1,8
11455,0,0,0,0,0,0,0,0,0,0,0,0,0,0,0,0,0,0,0,0,PB,0,0,0,0,0,0,0,0,2014,Female,juvenile,GME,1,no,no,yes,0.050813928,1,1,1,0,GG,1,1,8
11460,0,0,0,0,0,0,0,0,0,0,0,0,0,0,0,0,0,0,0,0,PB,PB,0,0,0,0,0,0,0,2014,UNK,juvenile,GON,0,no,no,yes,2.615733511,2,0,1,0,BO,0,0,7
11465,0,0,0,0,0,0,0,0,0,0,0,0,0,0,0,0,0,0,0,0,PB,0,0,0,0,0,0,0,0,2014,UNK,juvenile,GON,0,no,no,yes,2.615733511,2,0,1,0,BO,0,0,7
11470,0,0,0,0,0,0,0,0,0,0,0,0,0,0,0,0,0,0,0,0,PB,0,0,0,0,0,0,0,0,2014,Male,juvenile,GRE,0,no,no,yes,1.7374113,1,1,1,0.0625,BO,0,0,2
11475,0,0,0,0,0,0,0,0,0,0,0,0,0,0,0,0,0,0,0,0,PB,0,0,0,0,0,0,0,0,2014,UNK,juvenile,GRE,0,no,no,yes,1.7374113,1,1,1,0.0625,BO,0,0,2
11480,0,0,0,0,0,0,0,0,0,0,0,0,0,0,0,0,0,0,0,0,PB,0,0,0,0,0,0,0,0,2014,Male,juvenile,GYP,0,no,no,yes,0.182152816,1,1,1,0,GG,0,0,13
11485,0,0,0,0,0,0,0,0,0,0,0,0,0,0,0,0,0,0,0,0,PB,0,0,0,0,0,0,0,0,2014,UNK,juvenile,GYP,0,no,no,yes,0.182152816,1,1,1,0,GG,1,1,13
11490,0,0,0,0,0,0,0,0,0,0,0,0,0,0,0,0,0,0,0,0,PB,0,0,0,0,0,0,0,0,2014,Female,juvenile,GYP,0,no,no,yes,0.182152816,1,1,1,0,GG,0,0,13
11495,0,0,0,0,0,0,0,0,0,0,0,0,0,0,0,0,0,0,0,0,PB,0,0,0,0,0,0,0,0,2014,UNK,juvenile,HAW,0,no,no,yes,3.490068269,2,0,0,0,GG,1,1,7
1150,0,0,0,0,PB,PB,0,0,0,0,0,0,PB,0,0,0,0,0,0,0,0,0,0,0,0,0,0,0,0,1998,Male,juvenile,CAM,0,no,no,yes,1.700716717,1,1,1,NA,GG,NA,NA,NA
11500,0,0,0,0,0,0,0,0,0,0,0,0,0,0,0,0,0,0,0,0,PB,0,0,0,0,0,0,0,0,2014,UNK,juvenile,HAW,0,no,no,yes,3.490068269,2,0,0,0,GG,0,0,7
11505,0,0,0,0,0,0,0,0,0,0,0,0,0,0,0,0,0,0,0,0,PB,0,0,0,0,0,0,0,0,2014,UNK,juvenile,HEN,0,no,no,yes,0.641990806,1,1,1,0.015625,GG,0,0,9
11510,0,0,0,0,0,0,0,0,0,0,0,0,0,0,0,0,0,0,0,0,PB,0,0,0,0,0,0,0,0,2014,UNK,juvenile,HEN,0,no,no,yes,0.641990806,1,1,1,0.015625,GG,0,0,9
11515,0,0,0,0,0,0,0,0,0,0,0,0,0,0,0,0,0,0,0,0,PB,0,0,0,0,0,0,0,0,2014,UNK,juvenile,HEN,0,no,no,yes,0.641990806,1,1,1,0.015625,GG,1,0,9
11530,0,0,0,0,0,0,0,0,0,0,0,0,0,0,0,0,0,0,0,0,PB,0,0,0,0,0,0,0,0,2014,UNK,juvenile,HIP,0,no,no,yes,3.747977041,3,0,0,0,BO,0,0,11
11535,0,0,0,0,0,0,0,0,0,0,0,0,0,0,0,0,0,0,0,0,PB,0,0,0,0,0,0,0,0,2014,UNK,juvenile,HIP,0,no,no,yes,3.747977041,3,0,0,0,BO,NA,NA,11
11545,0,0,0,0,0,0,0,0,0,0,0,0,0,0,0,0,0,0,0,0,PB,0,0,0,0,0,0,0,0,2014,Female,juvenile,HTD,0,no,no,yes,0.264195327,1,1,1,0,GG,1,1,4
1155,0,0,0,0,PB,0,0,0,0,0,0,0,0,0,0,0,0,0,0,0,0,0,0,0,0,0,0,0,0,1998,Male,juvenile,GDEWS,NA,no,no,no,NA,#N/A,NA,NA,0,NA,NA,NA,NA
11550,0,0,0,0,0,0,0,0,0,0,0,0,0,0,0,0,0,0,0,0,PB,0,0,0,0,0,0,0,0,2014,Female,juvenile,HZN,0,no,no,yes,0.13292568,1,1,1,0.015625,GG,0,0,8
11555,0,0,0,0,0,0,0,0,0,0,0,0,0,0,0,0,0,0,0,0,PB,0,0,PB,0,B,B,B,B,2014,Male,juvenile,HZN,0,no,no,yes,0.13292568,1,1,1,0.015625,GG,0,0,8
11560,0,0,0,0,0,0,0,0,0,0,0,0,0,0,0,0,0,0,0,0,PB,0,0,0,0,0,0,0,0,2014,UNK,juvenile,HZN,0,no,no,yes,0.13292568,1,1,1,0.015625,GG,1,0,8
11565,0,0,0,0,0,0,0,0,0,0,0,0,0,0,0,0,0,0,0,0,PB,0,0,0,0,0,0,0,0,2014,UNK,juvenile,HZN,0,no,no,yes,0.13292568,1,1,1,0.015625,GG,0,0,8
11570,0,0,0,0,0,0,0,0,0,0,0,0,0,0,0,0,0,0,0,0,PB,0,0,0,0,0,PB,0,0,2014,Male,juvenile,IPR,0,no,no,yes,1.676437644,1,1,1,0,GG,0,0,9
11575,0,0,0,0,0,0,0,0,0,0,0,0,0,0,0,0,0,0,0,0,PB,0,0,0,0,0,0,0,0,2014,UNK,juvenile,IPR,0,no,no,yes,1.676437644,1,1,1,0,GG,0,0,9
11580,0,0,0,0,0,0,0,0,0,0,0,0,0,0,0,0,0,0,0,0,PB,0,0,0,0,0,0,0,0,2014,Female,juvenile,IPR,0,no,no,yes,1.676437644,1,1,1,0,GG,0,0,9
11585,0,0,0,0,0,0,0,0,0,0,0,0,0,0,0,0,0,0,0,0,PB,PB,0,0,0,B,0,0,0,2014,Female,juvenile,JAS,0,no,no,yes,0.09697577,1,1,1,0,GG,1,1,11
11590,0,0,0,0,0,0,0,0,0,0,0,0,0,0,0,0,0,0,0,0,PB,0,0,0,0,0,0,0,0,2014,Female,juvenile,JAS,0,no,no,yes,0.09697577,1,1,1,0,GG,1,1,11
11595,0,0,0,0,0,0,0,0,0,0,0,0,0,0,0,0,0,0,0,0,PB,0,0,0,0,0,0,0,0,2014,UNK,juvenile,JAS,0,no,no,yes,0.09697577,1,1,1,0,GG,1,1,11
1160,0,0,0,0,PB,0,0,0,0,0,0,0,0,0,0,0,0,0,0,0,0,0,0,0,0,0,0,0,0,1998,Male,juvenile,STX,0,no,no,no,1.931616027,1,1,1,NA,BO,NA,NA,NA
11600,0,0,0,0,0,0,0,0,0,0,0,0,0,0,0,0,0,0,0,0,PB,0,0,0,0,0,0,PB,0,2014,Male,juvenile,JUN,0,no,no,yes,1.606571009,1,1,1,0,BO,0,0,2
11610,0,0,0,0,0,0,0,0,0,0,0,0,0,0,0,0,0,0,0,0,PB,PB,0,PB,0,0,0,0,0,2014,Female,juvenile,JUR,0,no,no,yes,0.406108964,1,1,1,0,GG,1,1,3
11625,0,0,0,0,0,0,0,0,0,0,0,0,0,0,0,0,0,0,0,0,PB,0,0,0,0,0,0,PB,0,2014,Male,juvenile,KIO,0,no,no,yes,1.334940322,1,1,1,0,GG,0,0,8
11630,0,0,0,0,0,0,0,0,0,0,0,0,0,0,0,0,0,0,0,0,PB,0,0,0,0,B,B,0,PO,2014,Female,juvenile,KIO,0,no,no,yes,1.334940322,1,1,1,0,GG,0,0,8
11650,0,0,0,0,0,0,0,0,0,0,0,0,0,0,0,0,0,0,0,0,PB,PB,0,0,0,0,0,0,0,2014,Female,juvenile,LAN,0,no,no,yes,2.498962366,2,0,1,0.03125,GG,0,0,4
11655,0,0,0,0,0,0,0,0,0,0,0,0,0,0,0,0,0,0,0,0,PB,0,PB,B,0,PO,0,PO,0,2014,Male,juvenile,LAN,0,no,no,yes,2.498962366,2,0,1,0.03125,GG,0,0,4
11665,0,0,0,0,0,0,0,0,0,0,0,0,0,0,0,0,0,0,0,0,PB,0,0,0,0,0,0,0,0,2014,UNK,juvenile,LIB,0,no,no,yes,1.875607299,1,1,1,NA,GG,0,0,NA
11685,0,0,0,0,0,0,0,0,0,0,0,0,0,0,0,0,0,0,0,0,PB,0,0,B,0,B,B,B,0,2014,Male,juvenile,LON,0,no,no,yes,0.041881187,1,1,1,0,GG,1,NA,14
11690,0,0,0,0,0,0,0,0,0,0,0,0,0,0,0,0,0,0,0,0,PB,0,0,0,0,0,0,0,0,2014,UNK,juvenile,LON,0,no,no,yes,0.041881187,1,1,1,0,GG,0,0,14
11695,0,0,0,0,0,0,0,0,0,0,0,0,0,0,0,0,0,0,0,0,PB,0,0,0,0,0,0,0,0,2014,UNK,juvenile,LON,0,no,no,yes,0.041881187,1,1,1,0,GG,1,0,14
1170,0,0,0,0,PB,0,0,0,0,0,0,0,0,0,0,0,0,0,0,0,0,0,0,0,0,0,0,0,0,1998,Male,juvenile,GDEWS,NA,no,no,no,NA,#N/A,NA,NA,0,NA,NA,NA,NA
11705,0,0,0,0,0,0,0,0,0,0,0,0,0,0,0,0,0,0,0,0,PB,0,PB,0,0,0,0,0,0,2014,Female,juvenile,LOS,0,no,no,yes,3.047162498,2,0,0,0,BO,0,0,NA
11710,0,0,0,0,0,0,0,0,0,0,0,0,0,0,0,0,0,0,0,0,PB,0,0,0,PB,0,0,0,0,2014,Female,juvenile,LOS,0,no,no,yes,3.047162498,2,0,0,0,BO,0,0,NA
11715,0,0,0,0,0,0,0,0,0,0,0,0,0,0,0,0,0,0,0,0,PB,0,0,0,0,0,0,0,0,2014,UNK,juvenile,LOS,0,no,no,yes,3.047162498,2,0,0,0,BO,0,0,NA
11725,0,0,0,0,0,0,0,0,0,0,0,0,0,0,0,0,0,0,0,0,PB,0,0,0,0,0,0,0,0,2014,UNK,juvenile,MAR,0,no,no,yes,0.289798453,1,1,1,0.03125,GG,1,1,13
11740,0,0,0,0,0,0,0,0,0,0,0,0,0,0,0,0,0,0,0,0,PB,0,0,0,0,0,0,0,0,2014,Male,juvenile,MAZ,0,no,no,yes,0.383228265,1,1,1,0,GG,1,1,5
11745,0,0,0,0,0,0,0,0,0,0,0,0,0,0,0,0,0,0,0,0,PB,0,0,0,0,0,0,0,0,2014,Female,juvenile,MAZ,0,no,no,yes,0.383228265,1,1,1,0,GG,0,0,5
11750,0,0,0,0,0,0,0,0,0,0,0,0,0,0,0,0,0,0,0,0,PB,0,0,0,0,0,0,0,0,2014,UNK,juvenile,MAZ,0,no,no,yes,0.383228265,1,1,1,0,GG,0,0,5
11755,0,0,0,0,0,0,0,0,0,0,0,0,0,0,0,0,0,0,0,0,PB,0,0,0,0,0,0,0,0,2014,UNK,juvenile,MEG,0,no,no,yes,2.410838132,2,0,1,0,BO,1,1,NA
11760,0,0,0,0,0,0,0,0,0,0,0,0,0,0,0,0,0,0,0,0,PB,0,0,0,0,0,0,0,0,2014,UNK,juvenile,MEG,0,no,no,yes,2.410838132,2,0,1,0,BO,0,0,NA
11765,0,0,0,0,0,0,0,0,0,0,0,0,0,0,0,0,0,0,0,0,PB,0,0,0,0,0,0,0,0,2014,UNK,juvenile,MEG,0,no,no,yes,2.410838132,2,0,1,0,BO,0,0,NA
11770,0,0,0,0,0,0,0,0,0,0,0,0,0,0,0,0,0,0,0,0,PB,0,0,0,0,B,B,B,B,2014,UNK,juvenile,MFA,1,no,no,yes,0.405493656,1,1,1,0,GG,1,0,8
11775,0,0,0,0,0,0,0,0,0,0,0,0,0,0,0,0,0,0,0,0,PB,0,0,PB,0,0,0,0,0,2014,Female,juvenile,MFA,1,no,no,yes,0.405493656,1,1,1,0,GG,1,0,8
11780,0,0,0,0,0,0,0,0,0,0,0,0,0,0,0,0,0,0,0,0,PB,0,0,0,0,0,0,0,0,2014,UNK,juvenile,MFA,1,no,no,yes,0.405493656,1,1,1,0,GG,0,0,8
11785,0,0,0,0,0,0,0,0,0,0,0,0,0,0,0,0,0,0,0,0,PB,PB,0,0,0,0,0,0,0,2014,Female,juvenile,MID,0,no,no,yes,3.747665382,3,0,0,NA,BO,0,0,NA
11790,0,0,0,0,0,0,0,0,0,0,0,0,0,0,0,0,0,0,0,0,PB,0,0,0,0,0,0,0,0,2014,UNK,juvenile,MID,0,no,no,yes,3.747665382,3,0,0,NA,BO,0,0,NA
1180,0,0,0,0,PB,0,0,0,0,0,0,0,0,0,0,0,0,0,0,0,0,0,0,0,0,0,0,0,0,1998,Male,juvenile,UEA,0,no,no,no,2.859669641,2,0,1,NA,GG,NA,NA,NA
11800,0,0,0,0,0,0,0,0,0,0,0,0,0,0,0,0,0,0,0,0,PB,0,0,0,0,0,0,0,0,2014,UNK,juvenile,MKA,1,no,no,yes,0.143739904,1,1,1,0.015625,GG,0,0,10
11805,0,0,0,0,0,0,0,0,0,0,0,0,0,0,0,0,0,0,0,0,PB,0,0,0,0,0,0,0,0,2014,UNK,juvenile,MKA,1,no,no,yes,0.143739904,1,1,1,0.015625,GG,1,0,10
11810,0,0,0,0,0,0,0,0,0,0,0,0,0,0,0,0,0,0,0,0,PB,0,0,B,B,0,0,0,0,2014,Female,juvenile,MKA,1,no,no,yes,0.143739904,1,1,1,0.015625,GG,0,0,10
11815,0,0,0,0,0,0,0,0,0,0,0,0,0,0,0,0,0,0,0,0,PB,0,PB,PB,B,B,B,PO,0,2014,Male,juvenile,MNT,1,no,no,yes,0.349071666,1,1,1,0,GG,0,0,10
11820,0,0,0,0,0,0,0,0,0,0,0,0,0,0,0,0,0,0,0,0,PB,0,0,0,0,0,0,0,0,2014,Female,juvenile,MNT,1,no,no,yes,0.349071666,1,1,1,0,GG,1,1,10
11825,0,0,0,0,0,0,0,0,0,0,0,0,0,0,0,0,0,0,0,0,PB,0,0,0,0,0,0,0,0,2014,Female,juvenile,MNT,1,no,no,yes,0.349071666,1,1,1,0,GG,0,0,10
11840,0,0,0,0,0,0,0,0,0,0,0,0,0,0,0,0,0,0,0,0,PB,0,0,0,0,B,0,0,0,2014,Male,juvenile,MOR,0,no,no,yes,0.108558256,1,1,1,0.015625,GG,1,0,10
11845,0,0,0,0,0,0,0,0,0,0,0,0,0,0,0,0,0,0,0,0,PB,0,0,0,0,0,0,0,0,2014,UNK,juvenile,MOR,0,no,no,yes,0.108558256,1,1,1,0.015625,GG,1,0,10
1185,0,0,0,0,PB,0,0,0,0,0,0,0,0,0,0,0,0,0,0,0,0,0,0,0,0,0,0,0,0,1998,Male,juvenile,BAB,0,no,no,no,2.11868837,2,0,1,NA,GG,NA,NA,NA
11850,0,0,0,0,0,0,0,0,0,0,0,0,0,0,0,0,0,0,0,0,PB,0,0,PB,0,0,0,0,0,2014,Female,juvenile,MOS,0,no,no,yes,1.327013703,1,1,1,0,BO,0,0,12
11855,0,0,0,0,0,0,0,0,0,0,0,0,0,0,0,0,0,0,0,0,PB,0,0,0,0,0,0,0,0,2014,UNK,juvenile,MOS,0,no,no,yes,1.327013703,1,1,1,0,BO,0,0,12
11860,0,0,0,0,0,0,0,0,0,0,0,0,0,0,0,0,0,0,0,0,PB,0,0,0,0,0,0,0,0,2014,UNK,juvenile,MOS,0,no,no,yes,1.327013703,1,1,1,0,BO,0,0,12
11885,0,0,0,0,0,0,0,0,0,0,0,0,0,0,0,0,0,0,0,0,PB,0,0,0,0,0,0,0,0,2014,Female,juvenile,MTO,0,no,no,yes,1.038091464,1,1,1,0,BO,0,0,5
11890,0,0,0,0,0,0,0,0,0,0,0,0,0,0,0,0,0,0,0,0,PB,0,0,0,0,0,0,0,0,2014,Male,juvenile,MTO,0,no,no,yes,1.038091464,1,1,1,0,BO,0,0,5
11895,0,0,0,0,0,0,0,0,0,0,0,0,0,0,0,0,0,0,0,0,PB,0,0,0,0,0,0,0,0,2014,UNK,juvenile,MYS,0,no,no,yes,0.860455975,1,1,1,0,BO,1,0,3
1190,0,0,0,0,PB,PB,PB,0,0,0,0,0,0,0,0,0,0,0,0,0,0,0,0,0,0,0,0,0,0,1998,Male,juvenile,BAB,0,no,no,no,2.11868837,2,0,1,NA,GG,NA,NA,NA
11900,0,0,0,0,0,0,0,0,0,0,0,0,0,0,0,0,0,0,0,0,PB,0,0,0,0,0,0,0,0,2014,UNK,juvenile,MYS,0,no,no,yes,0.860455975,1,1,1,0,BO,0,0,3
11915,0,0,0,0,0,0,0,0,0,0,0,0,0,0,0,0,0,0,0,0,PB,0,0,0,0,0,0,0,0,2014,Female,juvenile,NAZ,0,no,no,yes,0.39188742,1,1,1,0,GG,1,0,6
11920,0,0,0,0,0,0,0,0,0,0,0,0,0,0,0,0,0,0,0,0,PB,PB,0,0,0,0,0,0,0,2014,Female,juvenile,NAZ,0,no,no,yes,0.39188742,1,1,1,0,GG,0,0,6
11925,0,0,0,0,0,0,0,0,0,0,0,0,0,0,0,0,0,0,0,0,PB,0,PB,0,0,0,0,0,0,2014,Female,juvenile,NBS,1,no,no,yes,0.044941844,1,1,1,0,GG,1,0,5
11930,0,0,0,0,0,0,0,0,0,0,0,0,0,0,0,0,0,0,0,0,PB,0,0,0,0,0,0,0,0,2014,Female,juvenile,NBS,1,no,no,yes,0.044941844,1,1,1,0,GG,0,0,5
11935,0,0,0,0,0,0,0,0,0,0,0,0,0,0,0,0,0,0,0,0,PB,PB,0,0,0,0,0,0,0,2014,UNK,juvenile,NEV,0,no,no,yes,0.475933776,1,1,1,0.078125,GG,1,0,10
11940,0,0,0,0,0,0,0,0,0,0,0,0,0,0,0,0,0,0,0,0,PB,0,0,0,0,0,0,0,0,2014,Female,juvenile,NEV,0,no,no,yes,0.475933776,1,1,1,0.078125,GG,0,0,10
11945,0,0,0,0,0,0,0,0,0,0,0,0,0,0,0,0,0,0,0,0,PB,0,0,0,0,0,0,0,0,2014,Female,juvenile,NEV,0,no,no,yes,0.475933776,1,1,1,0.078125,GG,0,0,10
1195,0,0,0,0,PB,PB,0,0,0,0,0,PB,0,0,0,0,0,0,0,0,0,0,0,0,0,0,0,0,0,1998,Female,juvenile,JER,0,no,no,yes,NA,NA,NA,NA,NA,GG,NA,NA,NA
11950,0,0,0,0,0,0,0,0,0,0,0,0,0,0,0,0,0,0,0,0,PB,0,0,0,0,0,0,0,0,2014,Male,juvenile,NEV,0,no,no,yes,0.475933776,1,1,1,0.078125,GG,0,0,10
11955,0,0,0,0,0,0,0,0,0,0,0,0,0,0,0,0,0,0,0,0,PB,0,0,0,0,0,0,0,0,2014,UNK,juvenile,NIA,0,no,no,yes,1.074457819,1,1,1,NA,GG,0,0,NA
11960,0,0,0,0,0,0,0,0,0,0,0,0,0,0,0,0,0,0,0,0,PB,0,0,0,0,0,0,0,0,2014,UNK,juvenile,NIA,0,no,no,yes,1.074457819,1,1,1,NA,GG,1,1,NA
11965,0,0,0,0,0,0,0,0,0,0,0,0,0,0,0,0,0,0,0,0,PB,0,0,0,0,0,0,0,0,2014,UNK,juvenile,NIA,0,no,no,yes,1.074457819,1,1,1,NA,GG,0,0,NA
11970,0,0,0,0,0,0,0,0,0,0,0,0,0,0,0,0,0,0,0,0,PB,PB,0,0,0,0,0,0,0,2014,UNK,juvenile,OLY,1,no,no,yes,0.084038717,1,1,1,0.25,GG,1,0,5
11985,0,0,0,0,0,0,0,0,0,0,0,0,0,0,0,0,0,0,0,0,PB,0,0,0,0,0,0,0,0,2014,UNK,juvenile,OVA,0,no,no,yes,3.613778632,2,0,0,NA,BO,0,0,NA
11990,0,0,0,0,0,0,0,0,0,0,0,0,0,0,0,0,0,0,0,0,PB,PB,0,0,0,0,0,0,0,2014,UNK,juvenile,OVA,0,no,no,yes,3.613778632,2,0,0,NA,BO,0,0,NA
1200,0,0,0,0,PB,0,0,0,0,0,0,0,0,0,0,0,0,0,0,0,0,0,0,0,0,0,0,0,0,1998,Male,juvenile,PWA,0,no,no,yes,1.464141267,1,1,1,NA,GG,NA,NA,NA
12015,0,0,0,0,0,0,0,0,0,0,0,0,0,0,0,0,0,0,0,0,PB,0,0,0,0,0,0,0,0,2014,UNK,juvenile,PHO,0,no,no,yes,1.079327248,1,1,1,0,GG,0,0,10
12025,0,0,0,0,0,0,0,0,0,0,0,0,0,0,0,0,0,0,0,0,PB,0,0,0,0,PB,0,0,0,2014,UNK,juvenile,PHO,0,no,no,yes,1.079327248,1,1,1,0,GG,0,0,10
12045,0,0,0,0,0,0,0,0,0,0,0,0,0,0,0,0,0,0,0,0,PB,0,0,0,0,0,0,0,0,2014,Female,juvenile,QUA,0,no,no,yes,1.068978606,1,1,1,0.03125,GG,1,1,3
12050,0,0,0,0,0,0,0,0,0,0,0,0,0,0,0,0,0,0,0,0,PB,0,0,0,0,0,0,0,0,2014,Female,juvenile,QUA,0,no,no,yes,1.068978606,1,1,1,0.03125,GG,1,1,3
12055,0,0,0,0,0,0,0,0,0,0,0,0,0,0,0,0,0,0,0,0,PB,0,PB,0,0,0,0,0,0,2014,Male,juvenile,QUI,0,no,no,yes,0.713376379,1,1,1,0,GG,NA,NA,13
12060,0,0,0,0,0,0,0,0,0,0,0,0,0,0,0,0,0,0,0,0,PB,0,0,PB,0,0,0,0,0,2014,Male,juvenile,QUI,0,no,no,yes,0.713376379,1,1,1,0,GG,0,0,13
12065,0,0,0,0,0,0,0,0,0,0,0,0,0,0,0,0,0,0,0,0,PB,0,0,0,0,0,0,0,0,2014,UNK,juvenile,QUI,0,no,no,yes,0.713376379,1,1,1,0,GG,0,0,13
12070,0,0,0,0,0,0,0,0,0,0,0,0,0,0,0,0,0,0,0,0,PB,0,0,0,0,0,PB,0,0,2014,Male,juvenile,QUI,0,no,no,yes,0.713376379,1,1,1,0,GG,0,0,13
12075,0,0,0,0,0,0,0,0,0,0,0,0,0,0,0,0,0,0,0,0,PB,0,0,0,0,0,0,0,0,2014,UNK,juvenile,RBN,0,no,no,yes,0.524146132,1,1,1,0.0703125,GG,0,0,5
12085,0,0,0,0,0,0,0,0,0,0,0,0,0,0,0,0,0,0,0,0,PB,0,0,0,0,0,0,0,0,2014,Female,juvenile,RBN,0,no,no,yes,0.524146132,1,1,1,0.0703125,GG,0,0,5
12095,0,0,0,0,0,0,0,0,0,0,0,0,0,0,0,0,0,0,0,0,PB,0,0,0,0,0,0,0,0,2014,UNK,juvenile,RED,1,no,no,yes,0.440463006,1,1,1,0.015625,GG,0,0,10
12105,0,0,0,0,0,0,0,0,0,0,0,0,0,0,0,0,0,0,0,0,PB,0,0,0,PB,0,0,0,0,2014,Female,juvenile,RON,0,no,no,yes,1.456043944,1,1,1,0,BO,0,0,5
12110,0,0,0,0,0,0,0,0,0,0,0,0,0,0,0,0,0,0,0,0,PB,0,0,0,B,B,B,0,0,2014,Female,juvenile,RON,0,no,no,yes,1.456043944,1,1,1,0,BO,0,0,5
12135,0,0,0,0,0,0,0,0,0,0,0,0,0,0,0,0,0,0,0,0,PB,0,0,0,0,B,B,B,0,2014,Male,juvenile,SEX,0,no,no,yes,1.630767846,1,1,1,0,BO,0,0,11
12140,0,0,0,0,0,0,0,0,0,0,0,0,0,0,0,0,0,0,0,0,PB,0,0,0,0,0,0,0,0,2014,UNK,juvenile,SEX,0,no,no,yes,1.630767846,1,1,1,0,BO,0,0,11
12145,0,0,0,0,0,0,0,0,0,0,0,0,0,0,0,0,0,0,0,0,PB,0,0,0,0,0,0,0,0,2014,UNK,juvenile,SEX,0,no,no,yes,1.630767846,1,1,1,0,BO,0,0,11
12150,0,0,0,0,0,0,0,0,0,0,0,0,0,0,0,0,0,0,0,0,PB,0,PB,0,0,0,0,PB,B,2014,Female,juvenile,SIM,0,no,no,yes,1.09757632,1,1,1,0,GG,0,0,NA
12165,0,0,0,0,0,0,0,0,0,0,0,0,0,0,0,0,0,0,0,0,PB,0,0,0,0,0,0,0,0,2014,UNK,juvenile,SLE,0,no,no,yes,1.349916214,1,1,1,0,GG,0,0,10
12170,0,0,0,0,0,0,0,0,0,0,0,0,0,0,0,0,0,0,0,0,PB,0,0,0,0,0,0,0,0,2014,UNK,juvenile,SLE,0,no,no,yes,1.349916214,1,1,1,0,GG,0,0,10
12175,0,0,0,0,0,0,0,0,0,0,0,0,0,0,0,0,0,0,0,0,PB,0,0,0,0,0,0,0,0,2014,UNK,juvenile,SLE,0,no,no,yes,1.349916214,1,1,1,0,GG,0,0,10
12180,0,0,0,0,0,0,0,0,0,0,0,0,0,0,0,0,0,0,0,0,PB,0,0,PB,PB,0,0,0,0,2014,Male,juvenile,SLS,0,no,no,yes,2.471803219,2,0,1,0.078125,BO,0,0,2
12190,0,0,0,0,0,0,0,0,0,0,0,0,0,0,0,0,0,0,0,0,PB,0,PB,0,0,0,B,0,B,2014,Female,juvenile,SQU,0,no,no,yes,3.019230646,2,0,0,0.0859375,BO,0,0,5
1220,0,0,0,0,0,PB,0,0,0,0,0,0,0,0,0,0,0,0,0,0,0,0,0,0,0,0,0,0,0,1999,Female,juvenile,AOT,0,no,no,yes,1.870291177,1,1,1,NA,GG,NA,NA,NA
12220,0,0,0,0,0,0,0,0,0,0,0,0,0,0,0,0,0,0,0,0,PB,0,0,0,0,0,0,0,0,2014,UNK,juvenile,STO,0,no,no,yes,1.564668548,1,1,1,0.047851563,GG,0,0,2
12230,0,0,0,0,0,0,0,0,0,0,0,0,0,0,0,0,0,0,0,0,PB,0,0,0,0,0,0,0,0,2014,UNK,juvenile,SUL,0,no,no,yes,3.267512582,2,0,0,0.001953125,BO,0,0,3
12235,0,0,0,0,0,0,0,0,0,0,0,0,0,0,0,0,0,0,0,0,PB,0,0,0,0,0,0,0,0,2014,UNK,juvenile,SUL,0,no,no,yes,3.267512582,2,0,0,0.001953125,BO,0,0,3
12245,0,0,0,0,0,0,0,0,0,0,0,0,0,0,0,0,0,0,0,0,PB,0,PB,0,PB,PB,PB,0,0,2014,Female,juvenile,SUN,0,no,no,yes,0.397173053,1,1,1,0,GG,1,1,6
12250,0,0,0,0,0,0,0,0,0,0,0,0,0,0,0,0,0,0,0,0,PB,0,0,0,0,0,0,0,0,2014,UNK,juvenile,SUN,0,no,no,yes,0.397173053,1,1,1,0,GG,1,1,6
12255,0,0,0,0,0,0,0,0,0,0,0,0,0,0,0,0,0,0,0,0,PB,0,0,0,0,0,0,0,0,2014,Female,juvenile,SUN,0,no,no,yes,0.397173053,1,1,1,0,GG,1,0,6
12260,0,0,0,0,0,0,0,0,0,0,0,0,0,0,0,0,0,0,0,0,PB,0,0,0,PB,B,0,0,0,2014,Male,juvenile,SUZ,1,no,no,yes,0.045266475,1,1,1,0,GG,0,0,7
12265,0,0,0,0,0,0,0,0,0,0,0,0,0,0,0,0,0,0,0,0,PB,0,0,PB,B,B,B,PO,B,2014,Male,juvenile,SUZ,1,no,no,yes,0.045266475,1,1,1,0,GG,1,0,7
12275,0,0,0,0,0,0,0,0,0,0,0,0,0,0,0,0,0,0,0,0,PB,0,0,0,0,0,0,0,0,2014,Female,juvenile,SWI,0,no,no,yes,2.949732005,2,0,1,0,BO,0,0,5
12280,0,0,0,0,0,0,0,0,0,0,0,0,0,0,0,0,0,0,0,0,PB,0,0,0,0,0,0,0,0,2014,UNK,juvenile,SWI,0,no,no,yes,2.949732005,2,0,1,0,BO,0,0,5
12285,0,0,0,0,0,0,0,0,0,0,0,0,0,0,0,0,0,0,0,0,PB,PB,0,0,0,PB,0,0,0,2014,Male,juvenile,SWI,0,no,no,yes,2.949732005,2,0,1,0,BO,0,0,5
12300,0,0,0,0,0,0,0,0,0,0,0,0,0,0,0,0,0,0,0,0,PB,0,0,0,0,0,0,0,0,2014,UNK,juvenile,TPT,0,no,no,yes,2.018491346,2,0,1,0.03125,GG,1,1,6
12305,0,0,0,0,0,0,0,0,0,0,0,0,0,0,0,0,0,0,0,0,PB,0,0,0,PB,0,0,0,0,2014,Male,juvenile,TPT,0,no,no,yes,2.018491346,2,0,1,0.03125,GG,0,0,6
12315,0,0,0,0,0,0,0,0,0,0,0,0,0,0,0,0,0,0,0,0,PB,0,0,0,0,0,0,0,0,2014,UNK,juvenile,TRA,0,no,no,yes,0.243337301,1,1,1,0.03125,GG,0,0,10
12335,0,0,0,0,0,0,0,0,0,0,0,0,0,0,0,0,0,0,0,0,PB,0,0,0,B,B,B,0,0,2014,Male,juvenile,TRO,1,no,no,yes,0.042474,1,1,1,0,GG,0,0,14
12340,0,0,0,0,0,0,0,0,0,0,0,0,0,0,0,0,0,0,0,0,PB,0,0,0,0,0,PB,0,0,2014,UNK,juvenile,TRO,1,no,no,yes,0.042474,1,1,1,0,GG,0,0,14
12345,0,0,0,0,0,0,0,0,0,0,0,0,0,0,0,0,0,0,0,0,PB,0,0,0,0,0,0,0,0,2014,Female,juvenile,TRO,1,no,no,yes,0.042474,1,1,1,0,GG,1,1,14
1235,0,0,0,0,0,PB,0,PB,0,0,0,0,PB,PB,0,0,0,0,0,0,0,0,0,0,0,0,0,0,0,1999,Male,juvenile,HIP,0,no,no,yes,3.747977041,3,0,0,NA,BO,NA,NA,NA
12380,0,0,0,0,0,0,0,0,0,0,0,0,0,0,0,0,0,0,0,0,PB,0,0,0,0,0,0,0,0,2014,UNK,juvenile,TWO,0,no,no,yes,1.687314122,1,1,1,NA,GG,0,0,NA
12395,0,0,0,0,0,0,0,0,0,0,0,0,0,0,0,0,0,0,0,0,PB,PB,PB,0,0,0,0,0,0,2014,Female,juvenile,VES,0,no,no,yes,3.052730754,2,0,0,0,BO,0,0,11
1240,0,0,0,0,0,PB,0,0,0,0,0,0,0,0,0,0,0,0,0,0,0,0,0,0,0,0,0,0,0,1999,UNK,juvenile,ELD,0,no,no,yes,2.906549948,2,0,1,0,GG,NA,NA,NA
12400,0,0,0,0,0,0,0,0,0,0,0,0,0,0,0,0,0,0,0,0,PB,0,0,0,0,0,0,0,0,2014,UNK,juvenile,VES,0,no,no,yes,3.052730754,2,0,0,0,BO,1,1,11
12405,0,0,0,0,0,0,0,0,0,0,0,0,0,0,0,0,0,0,0,0,PB,0,0,0,0,0,0,0,0,2014,UNK,juvenile,VES,0,no,no,yes,3.052730754,2,0,0,0,BO,0,0,11
12410,0,0,0,0,0,0,0,0,0,0,0,0,0,0,0,0,0,0,0,0,PB,0,0,0,0,0,0,0,0,2014,UNK,juvenile,WAT,0,no,no,yes,3.690563635,2,0,0,0,BO,0,0,14
12425,0,0,0,0,0,0,0,0,0,0,0,0,0,0,0,0,0,0,0,0,PB,0,0,0,0,0,0,0,0,2014,UNK,juvenile,WEE,0,no,no,yes,1.18256435,1,1,1,0,GG,1,1,14
12430,0,0,0,0,0,0,0,0,0,0,0,0,0,0,0,0,0,0,0,0,PB,0,0,0,0,0,0,0,0,2014,Female,juvenile,WEE,0,no,no,yes,1.18256435,1,1,1,0,GG,1,1,14
12440,0,0,0,0,0,0,0,0,0,0,0,0,0,0,0,0,0,0,0,0,PB,0,0,0,0,0,0,0,0,2014,UNK,juvenile,WFR,0,no,no,yes,2.363352451,2,0,1,0,BO,0,0,4
12445,0,0,0,0,0,0,0,0,0,0,0,0,0,0,0,0,0,0,0,0,PB,0,0,0,0,0,0,0,0,2014,UNK,juvenile,WFR,0,no,no,yes,2.363352451,2,0,1,0,BO,1,1,4
12465,0,0,0,0,0,0,0,0,0,0,0,0,0,0,0,0,0,0,0,0,PB,0,0,0,0,0,0,0,0,2014,UNK,juvenile,WHA,0,no,no,yes,0.012678474,1,1,1,0.25,GG,1,NA,16
1250,0,0,0,0,0,0,PB,PB,0,0,0,0,PB,0,0,0,0,0,0,0,0,0,0,0,0,0,0,0,0,2000,Male,juvenile,SUZ,1,no,no,no,0.045266475,1,1,1,0,GG,NA,NA,2
12505,0,0,0,0,0,0,0,0,0,0,0,0,0,0,0,0,0,0,0,0,PB,PB,0,0,0,0,0,0,0,2014,UNK,juvenile,WOO,0,no,no,yes,2.220009418,2,0,1,0,GG,NA,NA,NA
12515,0,0,0,0,0,0,0,0,0,0,0,0,0,0,0,0,0,0,0,0,PB,0,0,0,0,0,0,0,0,2014,UNK,juvenile,UNK,NA,no,no,yes,NA,#N/A,NA,NA,NA,GG,NA,NA,NA
12545,0,0,0,0,0,0,0,0,0,0,0,0,0,0,0,0,0,0,0,0,0,PB,PB,0,0,0,0,0,B,2015,Female,juvenile,AAR,0,no,no,yes,2.144788508,2,0,1,0,BO,NA,NA,12
12550,0,0,0,0,0,0,0,0,0,0,0,0,0,0,0,0,0,0,0,0,0,PB,0,0,0,0,0,0,0,2015,UNK,juvenile,AAR,0,no,no,yes,2.144788508,2,0,1,0,BO,NA,NA,12
12555,0,0,0,0,0,0,0,0,0,0,0,0,0,0,0,0,0,0,0,0,0,PB,0,0,0,0,0,0,0,2015,UNK,juvenile,AAR,0,no,no,yes,2.144788508,2,0,1,0,BO,NA,NA,12
12575,0,0,0,0,0,0,0,0,0,0,0,0,0,0,0,0,0,0,0,0,0,PB,0,0,0,0,0,0,0,2015,UNK,juvenile,ALA,0,no,no,yes,0.856844925,1,1,1,0,BO,NA,NA,3
12580,0,0,0,0,0,0,0,0,0,0,0,0,0,0,0,0,0,0,0,0,0,PB,0,0,0,0,0,0,0,2015,UNK,juvenile,ALA,0,no,no,yes,0.856844925,1,1,1,0,BO,NA,NA,3
1260,0,0,0,0,0,0,PB,0,0,0,0,0,0,0,0,0,0,0,0,0,0,0,0,0,0,0,0,0,0,2000,Male,juvenile,GDEWS,NA,no,no,no,NA,#N/A,NA,NA,0,NA,NA,NA,NA
12610,0,0,0,0,0,0,0,0,0,0,0,0,0,0,0,0,0,0,0,0,0,PB,0,0,0,0,0,0,0,2015,Male,juvenile,AQU,0,no,no,yes,0.301142973,1,1,1,0,GG,NA,NA,4
12615,0,0,0,0,0,0,0,0,0,0,0,0,0,0,0,0,0,0,0,0,0,PB,0,0,0,0,0,0,0,2015,Female,juvenile,AQU,0,no,no,yes,0.301142973,1,1,1,0,GG,NA,NA,4
12650,0,0,0,0,0,0,0,0,0,0,0,0,0,0,0,0,0,0,0,0,0,PB,0,0,0,0,0,0,0,2015,UNK,juvenile,BDK,0,no,no,yes,1.060955027,1,1,1,0.0234375,GG,NA,NA,3
12655,0,0,0,0,0,0,0,0,0,0,0,0,0,0,0,0,0,0,0,0,0,PB,PB,0,0,0,0,0,0,2015,UNK,juvenile,BDK,0,no,no,yes,1.060955027,1,1,1,0.0234375,GG,NA,NA,3
12665,0,0,0,0,0,0,0,0,0,0,0,0,0,0,0,0,0,0,0,0,0,PB,0,0,0,0,0,0,0,2015,UNK,juvenile,BER,0,no,no,yes,1.371228001,1,1,1,0.125,GG,NA,NA,12
12670,0,0,0,0,0,0,0,0,0,0,0,0,0,0,0,0,0,0,0,0,0,PB,0,0,0,0,0,0,0,2015,Female,juvenile,BER,0,no,no,yes,1.371228001,1,1,1,0.125,GG,NA,NA,12
12675,0,0,0,0,0,0,0,0,0,0,0,0,0,0,0,0,0,0,0,0,0,PB,0,0,0,0,0,0,0,2015,UNK,juvenile,BER,0,no,no,yes,1.371228001,1,1,1,0.125,GG,NA,NA,12
12685,0,0,0,0,0,0,0,0,0,0,0,0,0,0,0,0,0,0,0,0,0,PB,0,0,0,0,0,0,0,2015,UNK,juvenile,BEV,0,no,no,yes,2.354402744,2,0,1,0,GG,NA,NA,NA
12690,0,0,0,0,0,0,0,0,0,0,0,0,0,0,0,0,0,0,0,0,0,PB,0,0,0,0,0,0,0,2015,UNK,juvenile,BEV,0,no,no,yes,2.354402744,2,0,1,0,GG,NA,NA,NA
1270,0,0,0,0,0,0,PB,0,0,0,0,0,0,0,0,0,0,0,0,0,0,0,0,0,0,0,0,0,0,2000,Female,juvenile,CAM,0,no,no,yes,1.700716717,1,1,1,NA,GG,NA,NA,NA
12700,0,0,0,0,0,0,0,0,0,0,0,0,0,0,0,0,0,0,0,0,0,PB,0,0,0,0,0,0,0,2015,UNK,juvenile,BHP,0,no,no,yes,3.755955783,3,0,0,0.048828125,BO,NA,NA,2
12745,0,0,0,0,0,0,0,0,0,0,0,0,0,0,0,0,0,0,0,0,0,PB,0,0,0,0,0,0,0,2015,Male,juvenile,BIK,0,no,no,yes,0.974032195,1,1,1,0.0234375,GG,1,NA,5
1275,0,0,0,0,0,0,PB,0,0,0,0,0,0,0,0,0,0,0,0,0,0,0,0,0,0,0,0,0,0,2000,Male,juvenile,CAM,0,no,no,no,1.700716717,1,1,1,NA,GG,NA,NA,NA
12755,0,0,0,0,0,0,0,0,0,0,0,0,0,0,0,0,0,0,0,0,0,PB,0,0,0,0,0,0,0,2015,Female,juvenile,BIN,0,no,no,yes,2.27812993,2,0,1,0,GG,NA,NA,3
12760,0,0,0,0,0,0,0,0,0,0,0,0,0,0,0,0,0,0,0,0,0,PB,0,0,0,0,0,0,0,2015,UNK,juvenile,BIN,0,no,no,yes,2.27812993,2,0,1,0,GG,NA,NA,3
12770,0,0,0,0,0,0,0,0,0,0,0,0,0,0,0,0,0,0,0,0,0,PB,PB,0,0,0,0,0,0,2015,UNK,juvenile,BNW,0,no,no,yes,1.765904901,1,1,1,0.015625,GG,NA,NA,5
12775,0,0,0,0,0,0,0,0,0,0,0,0,0,0,0,0,0,0,0,0,0,PB,0,0,0,0,0,0,0,2015,Female,juvenile,BNW,0,no,no,yes,1.765904901,1,1,1,0.015625,GG,NA,NA,5
12780,0,0,0,0,0,0,0,0,0,0,0,0,0,0,0,0,0,0,0,0,0,PB,0,0,0,0,0,0,0,2015,Female,juvenile,BOB,0,no,no,yes,1.982154844,1,1,1,0.03125,BO,NA,NA,6
12785,0,0,0,0,0,0,0,0,0,0,0,0,0,0,0,0,0,0,0,0,0,PB,0,0,0,0,0,0,0,2015,UNK,juvenile,BOB,0,no,no,yes,1.982154844,1,1,1,0.03125,BO,NA,NA,6
12790,0,0,0,0,0,0,0,0,0,0,0,0,0,0,0,0,0,0,0,0,0,PB,0,0,0,0,0,0,0,2015,UNK,juvenile,BOB,0,no,no,yes,1.982154844,1,1,1,0.03125,BO,NA,NA,6
12795,0,0,0,0,0,0,0,0,0,0,0,0,0,0,0,0,0,0,0,0,0,PB,PB,0,0,0,0,0,0,2015,UNK,juvenile,BOD,0,no,no,yes,5.185915404,3,0,0,0.03125,GG,NA,NA,2
1280,0,0,0,0,0,0,PB,0,0,0,0,0,0,0,0,0,0,0,0,0,0,0,0,0,0,0,0,0,0,2000,Female,juvenile,EST,0,no,no,yes,0.406108964,1,1,1,0,GG,NA,NA,4
12800,0,0,0,0,0,0,0,0,0,0,0,0,0,0,0,0,0,0,0,0,0,PB,0,0,0,0,0,0,0,2015,UNK,juvenile,BOD,0,no,no,yes,5.185915404,3,0,0,0.03125,GG,NA,NA,2
12825,0,0,0,0,0,0,0,0,0,0,0,0,0,0,0,0,0,0,0,0,0,PB,0,0,0,0,0,0,0,2015,UNK,juvenile,BBA,0,no,no,yes,2.384051007,2,0,1,0.03125,BO,NA,NA,6
12830,0,0,0,0,0,0,0,0,0,0,0,0,0,0,0,0,0,0,0,0,0,PB,0,0,PB,0,0,0,0,2015,Female,juvenile,BBA,0,no,no,yes,2.384051007,2,0,1,0.03125,BO,NA,NA,6
12835,0,0,0,0,0,0,0,0,0,0,0,0,0,0,0,0,0,0,0,0,0,PB,0,0,0,0,0,0,0,2015,Female,juvenile,BRA,0,no,no,yes,4.508048027,3,0,0,0.0078125,GG,NA,NA,6
12870,0,0,0,0,0,0,0,0,0,0,0,0,0,0,0,0,0,0,0,0,0,PB,0,0,0,0,PB,0,0,2015,UNK,juvenile,CER,0,no,no,yes,3.617334389,2,0,0,0.0625,BO,NA,NA,3
12880,0,0,0,0,0,0,0,0,0,0,0,0,0,0,0,0,0,0,0,0,0,PB,0,PB,0,0,0,PB,0,2015,Female,juvenile,CHI,1,no,no,yes,1.017734063,1,1,1,0,BO,NA,NA,9
12885,0,0,0,0,0,0,0,0,0,0,0,0,0,0,0,0,0,0,0,0,0,PB,0,0,0,0,0,0,0,2015,UNK,juvenile,CHI,1,no,no,yes,1.017734063,1,1,1,0,BO,NA,NA,9
12890,0,0,0,0,0,0,0,0,0,0,0,0,0,0,0,0,0,0,0,0,0,PB,PB,PB,0,0,0,0,0,2015,Male,juvenile,COR,0,no,no,yes,2.673692125,2,0,1,0,GG,NA,NA,8
12895,0,0,0,0,0,0,0,0,0,0,0,0,0,0,0,0,0,0,0,0,0,PB,0,0,0,0,0,0,0,2015,UNK,juvenile,COR,0,no,no,yes,2.673692125,2,0,1,0,GG,NA,NA,8
1290,0,0,0,0,0,0,PB,0,0,0,0,0,0,0,0,0,0,0,0,0,0,0,0,0,0,0,0,0,0,2000,Male,juvenile,BAB,0,no,no,no,2.11868837,2,0,1,NA,GG,NA,NA,NA
12910,0,0,0,0,0,0,0,0,0,0,0,0,0,0,0,0,0,0,0,0,0,PB,0,0,0,0,0,0,0,2015,UNK,juvenile,CRI,0,no,no,yes,1.791658257,1,1,1,0.3125,GG,NA,NA,3
12915,0,0,0,0,0,0,0,0,0,0,0,0,0,0,0,0,0,0,0,0,0,PB,0,0,0,0,0,0,0,2015,Female,juvenile,CUP,1,no,no,yes,0.698033836,1,1,1,0,GG,1,NA,NA
12930,0,0,0,0,0,0,0,0,0,0,0,0,0,0,0,0,0,0,0,0,0,PB,0,B,B,0,0,PO,B,2015,Female,juvenile,DEV,0,no,no,yes,3.450820625,2,0,0,0,BO,NA,NA,NA
12935,0,0,0,0,0,0,0,0,0,0,0,0,0,0,0,0,0,0,0,0,0,PB,0,0,0,0,0,0,0,2015,UNK,juvenile,DEV,0,no,no,yes,3.450820625,2,0,0,0,BO,NA,NA,NA
12940,0,0,0,0,0,0,0,0,0,0,0,0,0,0,0,0,0,0,0,0,0,PB,0,0,0,0,0,0,0,2015,UNK,juvenile,DRV,0,no,no,yes,2.436138669,2,0,1,0.0625,GG,NA,NA,6
12945,0,0,0,0,0,0,0,0,0,0,0,0,0,0,0,0,0,0,0,0,0,PB,0,0,0,0,0,0,0,2015,Male,juvenile,DRV,0,no,no,yes,2.436138669,2,0,1,0.0625,GG,1,NA,6
12950,0,0,0,0,0,0,0,0,0,0,0,0,0,0,0,0,0,0,0,0,0,PB,0,0,0,0,0,0,0,2015,UNK,juvenile,DRV,0,no,no,yes,2.436138669,2,0,1,0.0625,GG,NA,NA,6
12970,0,0,0,0,0,0,0,0,0,0,0,0,0,0,0,0,0,0,0,0,0,PB,0,0,0,0,0,0,0,2015,UNK,juvenile,FAT,0,no,no,yes,2.018575634,2,0,1,0.0625,GG,NA,NA,8
12975,0,0,0,0,0,0,0,0,0,0,0,0,0,0,0,0,0,0,0,0,0,PB,0,0,0,0,0,0,0,2015,UNK,juvenile,FAT,0,no,no,yes,2.018575634,2,0,1,0.0625,GG,NA,NA,8
12980,0,0,0,0,0,0,0,0,0,0,0,0,0,0,0,0,0,0,0,0,0,PB,0,0,PB,0,0,0,0,2015,Female,juvenile,FIX,1,no,no,yes,0.197440576,1,1,1,0.046875,BO,NA,NA,3
12985,0,0,0,0,0,0,0,0,0,0,0,0,0,0,0,0,0,0,0,0,0,PB,PB,0,0,0,0,0,0,2015,UNK,juvenile,FIX,1,no,no,yes,0.197440576,1,1,1,0.046875,BO,1,NA,3
12990,0,0,0,0,0,0,0,0,0,0,0,0,0,0,0,0,0,0,0,0,0,PB,0,0,0,0,0,0,0,2015,Female,juvenile,FIX,1,no,no,yes,0.197440576,1,1,1,0.046875,BO,1,NA,3
12995,0,0,0,0,0,0,0,0,0,0,0,0,0,0,0,0,0,0,0,0,0,PB,0,0,0,0,0,0,0,2015,Female,juvenile,FMG,1,no,no,yes,0.454443648,1,1,1,0.0390625,GG,NA,NA,8
1300,0,0,0,0,0,0,PB,0,0,0,0,0,0,0,0,0,0,0,0,0,0,0,0,0,0,0,0,0,0,2000,Male,juvenile,UEA,0,no,no,no,2.859669641,2,0,1,0,GG,NA,NA,3
13000,0,0,0,0,0,0,0,0,0,0,0,0,0,0,0,0,0,0,0,0,0,PB,0,0,0,0,0,0,0,2015,Male,juvenile,FMG,1,no,no,yes,0.454443648,1,1,1,0.0390625,GG,NA,NA,8
13005,0,0,0,0,0,0,0,0,0,0,0,0,0,0,0,0,0,0,0,0,0,PB,0,0,0,0,0,0,0,2015,Female,juvenile,FMG,1,no,no,yes,0.454443648,1,1,1,0.0390625,GG,NA,NA,8
13010,0,0,0,0,0,0,0,0,0,0,0,0,0,0,0,0,0,0,0,0,0,PB,0,0,0,0,0,0,0,2015,UNK,juvenile,GAL,0,no,no,yes,0.254924523,1,1,1,0,GG,NA,NA,12
13015,0,0,0,0,0,0,0,0,0,0,0,0,0,0,0,0,0,0,0,0,0,PB,0,0,0,0,0,0,0,2015,Female,juvenile,GAL,0,no,no,yes,0.254924523,1,1,1,0,GG,NA,NA,12
13020,0,0,0,0,0,0,0,0,0,0,0,0,0,0,0,0,0,0,0,0,0,PB,0,0,0,0,0,0,0,2015,Female,juvenile,GAL,0,no,no,yes,0.254924523,1,1,1,0,GG,NA,NA,12
13030,0,0,0,0,0,0,0,0,0,0,0,0,0,0,0,0,0,0,0,0,0,PB,0,0,0,0,B,0,0,2015,Male,juvenile,GRY,0,no,no,yes,0.409201689,1,1,1,0.03125,GG,NA,NA,11
13035,0,0,0,0,0,0,0,0,0,0,0,0,0,0,0,0,0,0,0,0,0,PB,0,0,0,0,0,0,0,2015,Female,juvenile,GRY,0,no,no,yes,0.409201689,1,1,1,0.03125,GG,NA,NA,11
13050,0,0,0,0,0,0,0,0,0,0,0,0,0,0,0,0,0,0,0,0,0,PB,0,0,0,0,0,0,0,2015,UNK,juvenile,GME,1,no,no,yes,1.23323277,1,1,1,0.03125,GG,1,NA,9
13065,0,0,0,0,0,0,0,0,0,0,0,0,0,0,0,0,0,0,0,0,0,PB,PB,0,0,0,B,0,0,2015,UNK,juvenile,GON,0,no,no,yes,2.615733511,2,0,1,0,BO,NA,NA,8
13070,0,0,0,0,0,0,0,0,0,0,0,0,0,0,0,0,0,0,0,0,0,PB,0,0,0,0,PB,0,0,2015,UNK,juvenile,GON,0,no,no,yes,2.615733511,2,0,1,0,BO,NA,NA,8
13085,0,0,0,0,0,0,0,0,0,0,0,0,0,0,0,0,0,0,0,0,0,PB,0,0,0,0,0,0,0,2015,UNK,juvenile,GYP,0,no,no,yes,1.33243986,1,1,1,0,GG,NA,NA,14
13090,0,0,0,0,0,0,0,0,0,0,0,0,0,0,0,0,0,0,0,0,0,PB,0,0,0,0,0,0,0,2015,Female,juvenile,GYP,0,no,no,yes,1.33243986,1,1,1,0,GG,NA,NA,14
13095,0,0,0,0,0,0,0,0,0,0,0,0,0,0,0,0,0,0,0,0,0,PB,0,0,0,0,0,0,0,2015,UNK,juvenile,HTD,0,no,no,yes,0.264195327,1,1,1,0.068359375,GG,1,NA,NA
1310,0,0,0,0,0,0,PB,0,0,0,0,0,0,0,0,0,0,0,0,0,0,0,0,0,0,0,0,0,0,2000,Male,juvenile,ATL,0,no,no,yes,0.290401009,1,1,1,0,GG,NA,NA,3
13100,0,0,0,0,0,0,0,0,0,0,0,0,0,0,0,0,0,0,0,0,0,PB,0,0,0,0,0,0,0,2015,Female,juvenile,HTD,0,no,no,yes,0.264195327,1,1,1,0.068359375,GG,NA,NA,NA
13115,0,0,0,0,0,0,0,0,0,0,0,0,0,0,0,0,0,0,0,0,0,PB,0,0,0,0,0,0,0,2015,UNK,juvenile,HAW,0,no,no,yes,4.299164415,3,0,0,0,GG,NA,NA,8
13120,0,0,0,0,0,0,0,0,0,0,0,0,0,0,0,0,0,0,0,0,0,PB,0,0,0,0,0,0,0,2015,UNK,juvenile,HAW,0,no,no,yes,4.299164415,3,0,0,0,GG,NA,NA,8
13125,0,0,0,0,0,0,0,0,0,0,0,0,0,0,0,0,0,0,0,0,0,PB,0,0,0,PB,B,0,0,2015,Female,juvenile,HAW,0,no,no,yes,4.299164415,3,0,0,0,GG,NA,NA,8
13130,0,0,0,0,0,0,0,0,0,0,0,0,0,0,0,0,0,0,0,0,0,PB,0,0,0,0,0,0,0,2015,UNK,juvenile,HEM,0,no,no,yes,2.55931539,2,0,1,0.0390625,GG,NA,NA,3
13140,0,0,0,0,0,0,0,0,0,0,0,0,0,0,0,0,0,0,0,0,0,PB,0,0,0,0,0,0,0,2015,UNK,juvenile,HEN,0,no,no,yes,1.2102378,1,1,1,0.015625,GG,NA,NA,10
13145,0,0,0,0,0,0,0,0,0,0,0,0,0,0,0,0,0,0,0,0,0,PB,0,0,0,0,0,0,0,2015,UNK,juvenile,HEN,0,no,no,yes,1.2102378,1,1,1,0.015625,GG,NA,NA,10
1315,0,0,0,0,0,0,0,PB,0,0,0,0,0,0,0,0,0,0,0,0,0,0,0,0,0,0,0,0,0,2001,Male,juvenile,GDEWS,NA,no,no,no,NA,#N/A,NA,NA,0,NA,NA,NA,NA
13150,0,0,0,0,0,0,0,0,0,0,0,0,0,0,0,0,0,0,0,0,0,PB,0,0,0,0,0,0,0,2015,Female,juvenile,HEN,0,no,no,yes,1.2102378,1,1,1,0.015625,GG,1,NA,10
13155,0,0,0,0,0,0,0,0,0,0,0,0,0,0,0,0,0,0,0,0,0,PB,0,0,0,0,0,0,0,2015,UNK,juvenile,HIP,0,no,no,yes,3.747977041,3,0,0,0,BO,NA,NA,12
13190,0,0,0,0,0,0,0,0,0,0,0,0,0,0,0,0,0,0,0,0,0,PB,0,0,0,0,0,0,0,2015,UNK,juvenile,IPR,0,no,no,yes,2.09231506,2,0,1,0,GG,NA,NA,10
13195,0,0,0,0,0,0,0,0,0,0,0,0,0,0,0,0,0,0,0,0,0,PB,PB,0,0,0,0,0,0,2015,Female,juvenile,IPR,0,no,no,yes,2.09231506,2,0,1,0,GG,NA,NA,10
1320,0,0,0,0,0,0,0,PB,0,0,0,0,0,0,0,0,0,0,0,0,0,0,0,0,0,0,0,0,0,2001,Male,juvenile,GDEWS,NA,no,no,no,NA,#N/A,NA,NA,0,NA,NA,NA,NA
13205,0,0,0,0,0,0,0,0,0,0,0,0,0,0,0,0,0,0,0,0,0,PB,0,0,0,0,0,0,0,2015,UNK,juvenile,IND,0,no,no,yes,2.771576849,2,0,1,0.15625,GG,NA,NA,3
13210,0,0,0,0,0,0,0,0,0,0,0,0,0,0,0,0,0,0,0,0,0,PB,0,0,0,0,0,0,0,2015,UNK,juvenile,IND,0,no,no,yes,2.771576849,2,0,1,0.15625,GG,NA,NA,3
13215,0,0,0,0,0,0,0,0,0,0,0,0,0,0,0,0,0,0,0,0,0,PB,0,0,0,0,0,0,0,2015,UNK,juvenile,IND,0,no,no,yes,2.771576849,2,0,1,0.15625,GG,NA,NA,3
13220,0,0,0,0,0,0,0,0,0,0,0,0,0,0,0,0,0,0,0,0,0,PB,0,0,0,0,0,0,0,2015,UNK,juvenile,JAS,0,no,no,yes,0.09697577,1,1,1,0,GG,NA,NA,12
13225,0,0,0,0,0,0,0,0,0,0,0,0,0,0,0,0,0,0,0,0,0,PB,0,0,0,0,B,0,0,2015,Female,juvenile,JAS,0,no,no,yes,0.09697577,1,1,1,0,GG,NA,NA,12
13230,0,0,0,0,0,0,0,0,0,0,0,0,0,0,0,0,0,0,0,0,0,PB,0,0,0,0,0,0,0,2015,UNK,juvenile,JAS,0,no,no,yes,0.09697577,1,1,1,0,GG,NA,NA,12
13235,0,0,0,0,0,0,0,0,0,0,0,0,0,0,0,0,0,0,0,0,0,PB,PB,0,0,0,0,0,0,2015,Female,juvenile,JUN,0,no,no,yes,1.606571009,1,1,1,0,BO,NA,NA,3
13240,0,0,0,0,0,0,0,0,0,0,0,0,0,0,0,0,0,0,0,0,0,PB,0,0,0,0,0,0,0,2015,UNK,juvenile,JUN,0,no,no,yes,1.606571009,1,1,1,0,BO,NA,NA,3
13245,0,0,0,0,0,0,0,0,0,0,0,0,0,0,0,0,0,0,0,0,0,PB,0,0,0,B,0,0,0,2015,Female,juvenile,JUN,0,no,no,yes,1.606571009,1,1,1,0,BO,NA,NA,3
1325,0,0,0,0,0,0,0,PB,0,PB,0,0,PB,PB,0,PB,B,PO,PO,B,0,0,0,0,B,0,0,0,0,2001,Female,juvenile,GDEWS,NA,no,no,no,NA,#N/A,NA,NA,0,NA,NA,NA,NA
13250,0,0,0,0,0,0,0,0,0,0,0,0,0,0,0,0,0,0,0,0,0,PB,0,0,0,0,0,0,0,2015,Female,juvenile,JUR,0,no,no,yes,0.99058611,1,1,1,0.03125,GG,1,NA,4
13265,0,0,0,0,0,0,0,0,0,0,0,0,0,0,0,0,0,0,0,0,0,PB,0,0,0,0,0,0,0,2015,UNK,juvenile,KAN,1,no,no,yes,0.521944941,1,1,1,0.015625,GG,1,NA,11
13270,0,0,0,0,0,0,0,0,0,0,0,0,0,0,0,0,0,0,0,0,0,PB,0,0,0,0,0,0,0,2015,UNK,juvenile,KAN,1,no,no,yes,0.521944941,1,1,1,0.015625,GG,NA,NA,11
13275,0,0,0,0,0,0,0,0,0,0,0,0,0,0,0,0,0,0,0,0,0,PB,0,0,0,0,0,0,0,2015,UNK,juvenile,KAN,1,no,no,yes,0.521944941,1,1,1,0.015625,GG,1,NA,11
13280,0,0,0,0,0,0,0,0,0,0,0,0,0,0,0,0,0,0,0,0,0,PB,0,0,0,0,0,0,0,2015,UNK,juvenile,KAN,1,no,no,yes,0.521944941,1,1,1,0.015625,GG,1,NA,11
1330,0,0,0,0,0,0,0,PB,0,0,0,0,0,0,0,0,PB,0,0,0,0,0,0,0,0,0,0,0,0,2001,Female,juvenile,SUZ,1,no,no,no,0.045266475,1,1,1,0,GG,NA,NA,3
13305,0,0,0,0,0,0,0,0,0,0,0,0,0,0,0,0,0,0,0,0,0,PB,0,0,0,0,0,0,0,2015,UNK,juvenile,MET,0,no,no,yes,2.36976952,2,0,1,0,GG,NA,NA,11
13310,0,0,0,0,0,0,0,0,0,0,0,0,0,0,0,0,0,0,0,0,0,PB,0,0,0,0,0,0,0,2015,UNK,juvenile,MET,0,no,no,yes,2.36976952,2,0,1,0,GG,NA,NA,11
13315,0,0,0,0,0,0,0,0,0,0,0,0,0,0,0,0,0,0,0,0,0,PB,0,0,0,0,0,0,0,2015,UNK,juvenile,MET,0,no,no,yes,2.36976952,2,0,1,0,GG,NA,NA,11
13320,0,0,0,0,0,0,0,0,0,0,0,0,0,0,0,0,0,0,0,0,0,PB,0,0,0,0,PB,0,0,2015,UNK,juvenile,LAN,0,no,no,yes,3.263313516,2,0,0,0,GG,NA,NA,5
13325,0,0,0,0,0,0,0,0,0,0,0,0,0,0,0,0,0,0,0,0,0,PB,0,0,0,0,0,0,0,2015,UNK,juvenile,LAN,0,no,no,yes,3.263313516,2,0,0,0,GG,NA,NA,5
13385,0,0,0,0,0,0,0,0,0,0,0,0,0,0,0,0,0,0,0,0,0,PB,0,0,0,0,0,PB,0,2015,Male,juvenile,MAR,0,no,no,yes,0.790406159,1,1,1,0,GG,NA,NA,3
13390,0,0,0,0,0,0,0,0,0,0,0,0,0,0,0,0,0,0,0,0,0,PB,0,0,PB,0,PB,0,0,2015,Male,juvenile,MAR,0,no,no,yes,0.790406159,1,1,1,0,GG,NA,NA,3
1340,0,0,0,0,0,0,0,PB,0,0,0,0,0,0,0,0,0,0,0,0,0,0,0,0,0,0,0,0,0,2001,Male,juvenile,GDEWS,NA,no,no,no,NA,#N/A,NA,NA,0,NA,NA,NA,NA
13410,0,0,0,0,0,0,0,0,0,0,0,0,0,0,0,0,0,0,0,0,0,PB,0,0,0,0,0,0,0,2015,UNK,juvenile,MTO,0,no,no,yes,1.038091464,1,1,1,0,BO,NA,NA,NA
13415,0,0,0,0,0,0,0,0,0,0,0,0,0,0,0,0,0,0,0,0,0,PB,0,0,0,0,0,0,0,2015,UNK,juvenile,MTO,0,no,no,yes,1.038091464,1,1,1,0,BO,NA,NA,NA
13420,0,0,0,0,0,0,0,0,0,0,0,0,0,0,0,0,0,0,0,0,0,PB,0,0,0,0,0,0,0,2015,UNK,juvenile,MTO,0,no,no,yes,1.038091464,1,1,1,0,BO,NA,NA,NA
13430,0,0,0,0,0,0,0,0,0,0,0,0,0,0,0,0,0,0,0,0,0,PB,0,0,0,0,0,0,0,2015,UNK,juvenile,MAZ,0,no,no,yes,1.601767812,1,1,1,0,GG,NA,NA,6
13435,0,0,0,0,0,0,0,0,0,0,0,0,0,0,0,0,0,0,0,0,0,PB,0,0,0,0,0,0,0,2015,UNK,juvenile,MAZ,0,no,no,yes,1.601767812,1,1,1,0,GG,NA,NA,6
13440,0,0,0,0,0,0,0,0,0,0,0,0,0,0,0,0,0,0,0,0,0,PB,0,0,0,B,B,B,B,2015,Female,juvenile,MEG,0,no,no,yes,2.410838132,2,0,1,0,BO,NA,NA,9
13445,0,0,0,0,0,0,0,0,0,0,0,0,0,0,0,0,0,0,0,0,0,PB,0,0,0,0,0,0,0,2015,UNK,juvenile,MEG,0,no,no,yes,2.410838132,2,0,1,0,BO,NA,NA,9
13450,0,0,0,0,0,0,0,0,0,0,0,0,0,0,0,0,0,0,0,0,0,PB,0,0,0,0,0,0,0,2015,Female,juvenile,MEG,0,no,no,yes,2.410838132,2,0,1,0,BO,NA,NA,9
13455,0,0,0,0,0,0,0,0,0,0,0,0,0,0,0,0,0,0,0,0,0,PB,0,0,0,0,0,PB,0,2015,Female,juvenile,MFA,1,no,no,yes,0.796526679,1,1,1,0,GG,NA,NA,9
13460,0,0,0,0,0,0,0,0,0,0,0,0,0,0,0,0,0,0,0,0,0,PB,0,0,0,0,0,0,0,2015,UNK,juvenile,MID,0,no,no,yes,3.747665382,3,0,0,0.125,BO,NA,NA,6
13465,0,0,0,0,0,0,0,0,0,0,0,0,0,0,0,0,0,0,0,0,0,PB,0,0,0,0,0,0,0,2015,UNK,juvenile,MNT,1,no,no,yes,0.632854925,1,1,1,0,GG,NA,NA,11
13470,0,0,0,0,0,0,0,0,0,0,0,0,0,0,0,0,0,0,0,0,0,PB,0,0,0,0,0,0,0,2015,Female,juvenile,MNT,1,no,no,yes,0.632854925,1,1,1,0,GG,NA,NA,11
13475,0,0,0,0,0,0,0,0,0,0,0,0,0,0,0,0,0,0,0,0,0,PB,0,0,0,0,0,0,0,2015,Female,juvenile,MNT,1,no,no,yes,0.632854925,1,1,1,0,GG,NA,NA,11
13480,0,0,0,0,0,0,0,0,0,0,0,0,0,0,0,0,0,0,0,0,0,PB,0,0,0,0,0,0,0,2015,UNK,juvenile,MOL,0,no,no,yes,1.841449966,1,1,1,0.0625,BO,NA,NA,12
13485,0,0,0,0,0,0,0,0,0,0,0,0,0,0,0,0,0,0,0,0,0,PB,PB,0,0,0,0,0,0,2015,UNK,juvenile,MOL,0,no,no,yes,1.841449966,1,1,1,0.0625,BO,NA,NA,12
13490,0,0,0,0,0,0,0,0,0,0,0,0,0,0,0,0,0,0,0,0,0,PB,0,0,0,0,0,0,0,2015,Female,juvenile,MOR,0,no,no,yes,0.108558256,1,1,1,0.015625,GG,1,NA,11
13495,0,0,0,0,0,0,0,0,0,0,0,0,0,0,0,0,0,0,0,0,0,PB,0,0,0,0,0,0,0,2015,Female,juvenile,MOR,0,no,no,yes,0.108558256,1,1,1,0.015625,GG,1,NA,11
13500,0,0,0,0,0,0,0,0,0,0,0,0,0,0,0,0,0,0,0,0,0,PB,0,0,0,0,0,0,0,2015,UNK,juvenile,MOR,0,no,no,yes,0.108558256,1,1,1,0.015625,GG,1,NA,11
13530,0,0,0,0,0,0,0,0,0,0,0,0,0,0,0,0,0,0,0,0,0,PB,0,0,0,0,0,0,0,2015,UNK,juvenile,MOS,0,no,no,yes,1.327013703,1,1,1,0,BO,NA,NA,13
13535,0,0,0,0,0,0,0,0,0,0,0,0,0,0,0,0,0,0,0,0,0,PB,0,0,0,0,0,0,0,2015,UNK,juvenile,MOS,0,no,no,yes,1.327013703,1,1,1,0,BO,NA,NA,13
13540,0,0,0,0,0,0,0,0,0,0,0,0,0,0,0,0,0,0,0,0,0,PB,0,0,0,0,0,0,0,2015,Male,juvenile,MOS,0,no,no,yes,1.327013703,1,1,1,0,BO,NA,NA,13
1355,0,0,0,0,0,0,0,PB,0,0,0,0,PB,0,0,0,0,0,0,0,0,0,0,0,0,0,0,0,0,2001,Female,juvenile,MOO,0,no,no,yes,3.672245661,2,0,0,NA,BO,NA,NA,NA
13575,0,0,0,0,0,0,0,0,0,0,0,0,0,0,0,0,0,0,0,0,0,PB,0,0,0,0,0,0,0,2015,UNK,juvenile,MYS,0,no,no,yes,0.860455975,1,1,1,0,BO,NA,NA,4
13580,0,0,0,0,0,0,0,0,0,0,0,0,0,0,0,0,0,0,0,0,0,PB,0,0,0,0,0,0,0,2015,UNK,juvenile,MYS,0,no,no,yes,0.860455975,1,1,1,0,BO,NA,NA,4
13585,0,0,0,0,0,0,0,0,0,0,0,0,0,0,0,0,0,0,0,0,0,PB,0,0,0,0,0,0,0,2015,Female,juvenile,NAI,0,no,no,yes,3.419789366,2,0,0,0.03125,GG,NA,NA,5
13590,0,0,0,0,0,0,0,0,0,0,0,0,0,0,0,0,0,0,0,0,0,PB,0,0,0,0,0,0,0,2015,UNK,juvenile,NAI,0,no,no,yes,3.419789366,2,0,0,0.03125,GG,NA,NA,5
13595,0,0,0,0,0,0,0,0,0,0,0,0,0,0,0,0,0,0,0,0,0,PB,0,0,0,0,PB,0,0,2015,UNK,juvenile,NAI,0,no,no,yes,3.419789366,2,0,0,0.03125,GG,NA,NA,5
1360,0,0,0,0,0,0,0,PB,0,0,0,0,PB,0,0,0,0,0,0,0,0,0,0,0,0,0,0,0,0,2001,Female,juvenile,MOO,0,no,no,yes,3.672245661,2,0,0,NA,BO,NA,NA,NA
13600,0,0,0,0,0,0,0,0,0,0,0,0,0,0,0,0,0,0,0,0,0,PB,0,0,0,0,0,0,0,2015,UNK,juvenile,NAZ,0,no,no,yes,0.537764735,1,1,1,0,GG,NA,NA,7
13605,0,0,0,0,0,0,0,0,0,0,0,0,0,0,0,0,0,0,0,0,0,PB,0,0,0,0,0,0,0,2015,UNK,juvenile,NAZ,0,no,no,yes,0.537764735,1,1,1,0,GG,NA,NA,7
13615,0,0,0,0,0,0,0,0,0,0,0,0,0,0,0,0,0,0,0,0,0,PB,PB,0,0,0,0,0,0,2015,UNK,juvenile,NEV,0,no,no,yes,1.755803704,1,1,1,0.078125,GG,1,NA,11
13620,0,0,0,0,0,0,0,0,0,0,0,0,0,0,0,0,0,0,0,0,0,PB,0,0,0,0,0,0,0,2015,UNK,juvenile,NEV,0,no,no,yes,1.755803704,1,1,1,0.078125,GG,NA,NA,11
13630,0,0,0,0,0,0,0,0,0,0,0,0,0,0,0,0,0,0,0,0,0,PB,0,0,0,0,0,PB,0,2015,Female,juvenile,NIA,0,no,no,yes,2.320350474,2,0,1,NA,GG,1,NA,NA
13635,0,0,0,0,0,0,0,0,0,0,0,0,0,0,0,0,0,0,0,0,0,PB,0,0,0,0,0,0,0,2015,UNK,juvenile,NIA,0,no,no,yes,2.320350474,2,0,1,NA,GG,NA,NA,NA
13640,0,0,0,0,0,0,0,0,0,0,0,0,0,0,0,0,0,0,0,0,0,PB,0,0,0,0,0,0,0,2015,UNK,juvenile,NIA,0,no,no,yes,2.320350474,2,0,1,NA,GG,NA,NA,NA
13645,0,0,0,0,0,0,0,0,0,0,0,0,0,0,0,0,0,0,0,0,0,PB,0,0,0,0,0,0,0,2015,UNK,juvenile,NIA,0,no,no,yes,2.320350474,2,0,1,NA,GG,NA,NA,NA
13650,0,0,0,0,0,0,0,0,0,0,0,0,0,0,0,0,0,0,0,0,0,PB,0,0,PB,0,PB,0,0,2015,Female,juvenile,NID,0,no,no,yes,0.169170504,1,1,1,0,GG,NA,NA,13
13655,0,0,0,0,0,0,0,0,0,0,0,0,0,0,0,0,0,0,0,0,0,PB,0,0,0,0,0,0,0,2015,Male,juvenile,NID,0,no,no,yes,0.169170504,1,1,1,0,GG,NA,NA,13
13660,0,0,0,0,0,0,0,0,0,0,0,0,0,0,0,0,0,0,0,0,0,PB,0,0,0,0,PB,0,0,2015,Male,juvenile,NID,0,no,no,yes,0.169170504,1,1,1,0,GG,1,NA,13
13665,0,0,0,0,0,0,0,0,0,0,0,0,0,0,0,0,0,0,0,0,0,PB,0,PB,0,0,B,0,0,2015,Male,juvenile,OVA,0,no,no,yes,3.613778632,2,0,0,0,BO,NA,NA,5
13670,0,0,0,0,0,0,0,0,0,0,0,0,0,0,0,0,0,0,0,0,0,PB,0,0,0,0,0,0,0,2015,UNK,juvenile,OVA,0,no,no,yes,3.613778632,2,0,0,0,BO,NA,NA,5
13675,0,0,0,0,0,0,0,0,0,0,0,0,0,0,0,0,0,0,0,0,0,PB,0,0,0,0,0,0,0,2015,UNK,juvenile,PAR,0,no,no,yes,2.011722582,2,0,1,0.02734375,BO,NA,NA,4
13680,0,0,0,0,0,0,0,0,0,0,0,0,0,0,0,0,0,0,0,0,0,PB,0,0,0,0,0,0,0,2015,UNK,juvenile,PAR,0,no,no,yes,2.011722582,2,0,1,0.02734375,BO,NA,NA,4
13685,0,0,0,0,0,0,0,0,0,0,0,0,0,0,0,0,0,0,0,0,0,PB,0,PB,0,0,0,0,0,2015,Male,juvenile,PAR,0,no,no,yes,2.011722582,2,0,1,0.02734375,BO,NA,NA,4
13690,0,0,0,0,0,0,0,0,0,0,0,0,0,0,0,0,0,0,0,0,0,PB,0,0,0,0,0,0,0,2015,Female,juvenile,PAT,0,no,no,yes,2.254204238,2,0,1,0.001953125,BO,NA,NA,5
13695,0,0,0,0,0,0,0,0,0,0,0,0,0,0,0,0,0,0,0,0,0,PB,0,0,0,0,0,0,0,2015,UNK,juvenile,PAT,0,no,no,yes,2.254204238,2,0,1,0.001953125,BO,NA,NA,5
13720,0,0,0,0,0,0,0,0,0,0,0,0,0,0,0,0,0,0,0,0,0,PB,0,0,PB,0,0,0,0,2015,Female,juvenile,PIG,1,no,no,yes,0.698033836,1,1,1,0.046875,GG,NA,NA,3
13730,0,0,0,0,0,0,0,0,0,0,0,0,0,0,0,0,0,0,0,0,0,PB,0,0,0,0,0,0,0,2015,UNK,juvenile,PLA,0,no,no,yes,1.572564884,1,1,1,0.01171875,GG,NA,NA,6
13745,0,0,0,0,0,0,0,0,0,0,0,0,0,0,0,0,0,0,0,0,0,PB,PB,0,0,0,B,PO,0,2015,UNK,juvenile,PTE,0,no,no,yes,1.610981715,1,1,1,0.04296875,GG,NA,NA,4
1375,0,0,0,0,0,0,0,PB,0,0,0,0,PB,0,0,0,0,0,0,0,0,0,0,0,0,0,0,0,0,2001,Male,juvenile,EST,0,no,no,yes,0.406108964,1,1,1,0,GG,NA,NA,5
13750,0,0,0,0,0,0,0,0,0,0,0,0,0,0,0,0,0,0,0,0,0,PB,0,0,0,0,0,0,0,2015,UNK,juvenile,PTE,0,no,no,yes,1.610981715,1,1,1,0.04296875,GG,NA,NA,4
13755,0,0,0,0,0,0,0,0,0,0,0,0,0,0,0,0,0,0,0,0,0,PB,PB,0,0,0,0,0,0,2015,Female,juvenile,PTE,0,no,no,yes,1.610981715,1,1,1,0.04296875,GG,NA,NA,4
13760,0,0,0,0,0,0,0,0,0,0,0,0,0,0,0,0,0,0,0,0,0,PB,0,0,0,0,0,0,0,2015,Female,juvenile,QUA,0,no,no,yes,2.193020749,2,0,1,0.03125,GG,NA,NA,4
13765,0,0,0,0,0,0,0,0,0,0,0,0,0,0,0,0,0,0,0,0,0,PB,0,0,0,0,0,0,0,2015,UNK,juvenile,QUA,0,no,no,yes,2.193020749,2,0,1,0.03125,GG,NA,NA,4
13770,0,0,0,0,0,0,0,0,0,0,0,0,0,0,0,0,0,0,0,0,0,PB,0,0,0,0,0,0,0,2015,UNK,juvenile,QUA,0,no,no,yes,2.193020749,2,0,1,0.03125,GG,NA,NA,4
13790,0,0,0,0,0,0,0,0,0,0,0,0,0,0,0,0,0,0,0,0,0,PB,0,0,0,0,0,0,0,2015,Female,juvenile,RPO,0,no,no,yes,0.49589173,1,1,1,0.14453125,GG,NA,NA,4
1380,0,0,0,0,0,0,0,PB,0,0,0,0,PB,0,0,0,0,0,0,0,0,0,0,0,0,0,0,0,0,2001,Female,juvenile,HIP,0,no,no,yes,3.747977041,3,0,0,NA,BO,NA,NA,NA
13805,0,0,0,0,0,0,0,0,0,0,0,0,0,0,0,0,0,0,0,0,0,PB,0,0,0,0,0,0,0,2015,UNK,juvenile,RED,1,no,no,yes,0.859766583,1,1,1,0.015625,GG,NA,NA,11
13810,0,0,0,0,0,0,0,0,0,0,0,0,0,0,0,0,0,0,0,0,0,PB,0,0,0,0,0,0,0,2015,Male,juvenile,RED,1,no,no,yes,0.859766583,1,1,1,0.015625,GG,NA,NA,11
13815,0,0,0,0,0,0,0,0,0,0,0,0,0,0,0,0,0,0,0,0,0,PB,0,0,0,0,0,0,0,2015,UNK,juvenile,RED,1,no,no,yes,0.859766583,1,1,1,0.015625,GG,NA,NA,11
13825,0,0,0,0,0,0,0,0,0,0,0,0,0,0,0,0,0,0,0,0,0,PB,0,0,0,0,0,0,0,2015,Female,juvenile,ROB,0,no,no,yes,2.134966837,2,0,1,0.015625,BO,NA,NA,2
13830,0,0,0,0,0,0,0,0,0,0,0,0,0,0,0,0,0,0,0,0,0,PB,0,0,0,0,0,0,0,2015,UNK,juvenile,ROB,0,no,no,yes,2.134966837,2,0,1,0.015625,BO,NA,NA,2
13835,0,0,0,0,0,0,0,0,0,0,0,0,0,0,0,0,0,0,0,0,0,PB,0,0,0,0,0,0,0,2015,Male,juvenile,RFI,0,no,no,yes,1.458184933,1,1,1,0,BO,NA,NA,6
13840,0,0,0,0,0,0,0,0,0,0,0,0,0,0,0,0,0,0,0,0,0,PB,0,0,0,B,0,0,0,2015,Male,juvenile,RFI,0,no,no,yes,1.458184933,1,1,1,0,BO,NA,NA,6
13845,0,0,0,0,0,0,0,0,0,0,0,0,0,0,0,0,0,0,0,0,0,PB,0,0,0,0,0,0,0,2015,UNK,juvenile,RFI,0,no,no,yes,1.458184933,1,1,1,0,BO,NA,NA,6
1385,0,0,0,0,0,0,0,PB,0,0,0,0,PB,0,0,0,0,0,0,0,0,0,0,0,0,0,0,0,0,2001,Female,juvenile,EST,0,no,no,yes,0.406108964,1,1,1,0,GG,NA,NA,5
13850,0,0,0,0,0,0,0,0,0,0,0,0,0,0,0,0,0,0,0,0,0,PB,0,0,0,0,0,0,0,2015,Female,juvenile,SAP,0,no,no,yes,2.877791293,2,0,1,0,GG,NA,NA,9
13855,0,0,0,0,0,0,0,0,0,0,0,0,0,0,0,0,0,0,0,0,0,PB,0,0,0,B,B,0,0,2015,Male,juvenile,SAP,0,no,no,yes,2.877791293,2,0,1,0,GG,NA,NA,9
13860,0,0,0,0,0,0,0,0,0,0,0,0,0,0,0,0,0,0,0,0,0,PB,0,0,0,0,0,0,0,2015,UNK,juvenile,SAP,0,no,no,yes,2.877791293,2,0,1,0,GG,NA,NA,9
13870,0,0,0,0,0,0,0,0,0,0,0,0,0,0,0,0,0,0,0,0,0,PB,0,0,0,0,0,0,0,2015,UNK,juvenile,SEX,0,no,no,yes,1.630767846,1,1,1,0,BO,NA,NA,12
13875,0,0,0,0,0,0,0,0,0,0,0,0,0,0,0,0,0,0,0,0,0,PB,0,0,0,0,0,0,0,2015,UNK,juvenile,SEX,0,no,no,yes,1.630767846,1,1,1,0,BO,NA,NA,12
13880,0,0,0,0,0,0,0,0,0,0,0,0,0,0,0,0,0,0,0,0,0,PB,0,0,0,B,0,0,0,2015,Male,juvenile,SEX,0,no,no,yes,1.630767846,1,1,1,0,BO,NA,NA,12
13895,0,0,0,0,0,0,0,0,0,0,0,0,0,0,0,0,0,0,0,0,0,PB,0,0,0,0,0,0,0,2015,UNK,juvenile,SKY,0,no,no,yes,3.649716522,2,0,0,0,BO,NA,NA,6
1390,0,0,0,0,0,0,0,PB,0,0,PB,PB,PB,PB,PB,0,B,PO,PO,B,B,0,0,0,B,0,0,0,0,2001,Male,juvenile,TWO,0,no,no,yes,1.687314122,1,1,1,NA,GG,NA,NA,NA
13905,0,0,0,0,0,0,0,0,0,0,0,0,0,0,0,0,0,0,0,0,0,PB,0,0,0,0,0,0,0,2015,Female,juvenile,SAE,1,no,no,yes,0.527979032,1,1,1,0.043945313,GG,NA,NA,2
13930,0,0,0,0,0,0,0,0,0,0,0,0,0,0,0,0,0,0,0,0,0,PB,0,PB,0,0,0,0,0,2015,Male,juvenile,SLE,0,no,no,yes,2.63006785,2,0,1,0,GG,NA,NA,11
13935,0,0,0,0,0,0,0,0,0,0,0,0,0,0,0,0,0,0,0,0,0,PB,0,0,0,0,0,0,0,2015,UNK,juvenile,SLS,0,no,no,yes,2.471803219,2,0,1,0.078125,BO,NA,NA,3
13940,0,0,0,0,0,0,0,0,0,0,0,0,0,0,0,0,0,0,0,0,0,PB,0,0,0,0,0,0,0,2015,Male,juvenile,SLS,0,no,no,yes,2.471803219,2,0,1,0.078125,BO,NA,NA,3
1395,0,0,0,0,0,0,0,PB,0,0,0,0,PB,PB,0,0,0,0,0,0,0,0,0,0,0,0,0,0,0,2001,Female,juvenile,TWO,0,no,no,yes,1.687314122,1,1,1,NA,GG,NA,NA,NA
13950,0,0,0,0,0,0,0,0,0,0,0,0,0,0,0,0,0,0,0,0,0,PB,0,0,B,B,B,B,0,2015,Female,juvenile,SNA,0,no,no,yes,2.578196933,2,0,1,0.025390625,GG,NA,NA,3
13955,0,0,0,0,0,0,0,0,0,0,0,0,0,0,0,0,0,0,0,0,0,PB,0,0,0,0,0,0,0,2015,UNK,juvenile,SNA,0,no,no,yes,2.578196933,2,0,1,0.025390625,GG,NA,NA,3
13960,0,0,0,0,0,0,0,0,0,0,0,0,0,0,0,0,0,0,0,0,0,PB,0,0,0,0,PB,PB,0,2015,Male,juvenile,SNA,0,no,no,yes,2.578196933,2,0,1,0.025390625,GG,NA,NA,3
13965,0,0,0,0,0,0,0,0,0,0,0,0,0,0,0,0,0,0,0,0,0,PB,0,0,0,0,0,0,0,2015,Male,juvenile,SQU,0,no,no,yes,3.019230646,2,0,0,0,BO,NA,NA,6
13990,0,0,0,0,0,0,0,0,0,0,0,0,0,0,0,0,0,0,0,0,0,PB,0,0,0,0,0,0,0,2015,UNK,juvenile,STO,0,no,no,yes,1.643774648,1,1,1,0.047851563,GG,NA,NA,3
13995,0,0,0,0,0,0,0,0,0,0,0,0,0,0,0,0,0,0,0,0,0,PB,0,0,0,0,0,0,0,2015,UNK,juvenile,STO,0,no,no,yes,1.643774648,1,1,1,0.047851563,GG,NA,NA,3
1400,0,0,0,0,0,0,0,PB,0,0,0,0,PB,0,0,0,0,0,0,0,0,0,0,0,0,0,0,0,0,2001,Female,juvenile,UEA,0,no,no,yes,2.859669641,2,0,1,0,GG,NA,NA,4
14015,0,0,0,0,0,0,0,0,0,0,0,0,0,0,0,0,0,0,0,0,0,PB,0,0,0,0,0,0,0,2015,UNK,juvenile,SUL,0,no,no,yes,3.267512582,2,0,0,0.021484375,BO,NA,NA,4
14020,0,0,0,0,0,0,0,0,0,0,0,0,0,0,0,0,0,0,0,0,0,PB,0,0,0,0,0,0,0,2015,UNK,juvenile,SUL,0,no,no,yes,3.267512582,2,0,0,0.021484375,BO,NA,NA,4
14030,0,0,0,0,0,0,0,0,0,0,0,0,0,0,0,0,0,0,0,0,0,PB,0,0,0,0,0,0,0,2015,UNK,juvenile,SUZ,1,no,no,yes,0.630731823,1,1,1,0,GG,1,NA,8
14035,0,0,0,0,0,0,0,0,0,0,0,0,0,0,0,0,0,0,0,0,0,PB,0,0,0,0,0,0,0,2015,UNK,juvenile,SUZ,1,no,no,yes,0.630731823,1,1,1,0,GG,NA,NA,8
14040,0,0,0,0,0,0,0,0,0,0,0,0,0,0,0,0,0,0,0,0,0,PB,0,0,0,0,0,0,0,2015,UNK,juvenile,SUZ,1,no,no,yes,0.630731823,1,1,1,0,GG,1,NA,8
14045,0,0,0,0,0,0,0,0,0,0,0,0,0,0,0,0,0,0,0,0,0,PB,0,0,0,0,0,0,0,2015,UNK,juvenile,SWI,0,no,no,yes,2.949732005,2,0,1,0,BO,NA,NA,6
1405,0,0,0,0,0,0,0,PB,0,0,0,0,PB,0,0,0,0,0,0,0,0,0,0,0,0,0,0,0,0,2001,Male,juvenile,WHA,0,no,no,yes,0.012678474,1,1,1,0,GG,NA,NA,3
14050,0,0,0,0,0,0,0,0,0,0,0,0,0,0,0,0,0,0,0,0,0,PB,0,0,0,0,0,0,0,2015,UNK,juvenile,SWI,0,no,no,yes,2.949732005,2,0,1,0,BO,NA,NA,6
14055,0,0,0,0,0,0,0,0,0,0,0,0,0,0,0,0,0,0,0,0,0,PB,0,B,0,B,B,0,0,2015,Female,juvenile,SWI,0,no,no,yes,2.949732005,2,0,1,0,BO,NA,NA,6
14060,0,0,0,0,0,0,0,0,0,0,0,0,0,0,0,0,0,0,0,0,0,PB,0,0,0,0,0,0,0,2015,UNK,juvenile,TBF,0,no,no,yes,1.343648915,1,1,1,0.049804688,GG,NA,NA,2
14070,0,0,0,0,0,0,0,0,0,0,0,0,0,0,0,0,0,0,0,0,0,PB,0,0,0,0,0,0,0,2015,UNK,juvenile,TPT,0,no,no,yes,3.284904335,2,0,0,0.03125,GG,1,NA,7
14080,0,0,0,0,0,0,0,0,0,0,0,0,0,0,0,0,0,0,0,0,0,PB,0,0,0,0,0,0,0,2015,Male,juvenile,TPT,0,no,no,yes,3.284904335,2,0,0,0.03125,GG,NA,NA,7
14095,0,0,0,0,0,0,0,0,0,0,0,0,0,0,0,0,0,0,0,0,0,PB,0,0,0,0,0,0,0,2015,UNK,juvenile,TAU,0,no,no,yes,0.412123285,1,1,1,0.125,GG,1,NA,11
1410,0,0,0,0,0,0,0,PB,0,PB,0,PB,PB,PB,0,0,PB,0,0,0,0,0,0,0,0,0,0,0,0,2001,Female,juvenile,BET,0,no,no,yes,2.572,2,0,1,NA,GG,NA,NA,NA
14100,0,0,0,0,0,0,0,0,0,0,0,0,0,0,0,0,0,0,0,0,0,PB,0,0,0,0,0,0,0,2015,UNK,juvenile,GLO,0,no,no,yes,3.499181983,2,0,0,0.03125,BO,NA,NA,9
14115,0,0,0,0,0,0,0,0,0,0,0,0,0,0,0,0,0,0,0,0,0,PB,PB,0,0,0,0,0,0,2015,UNK,juvenile,TAS,0,no,no,yes,4.629251657,3,0,0,0,GG,NA,NA,2
14120,0,0,0,0,0,0,0,0,0,0,0,0,0,0,0,0,0,0,0,0,0,PB,0,0,0,0,0,0,0,2015,Male,juvenile,TAS,0,no,no,yes,4.629251657,3,0,0,0,GG,NA,NA,2
14125,0,0,0,0,0,0,0,0,0,0,0,0,0,0,0,0,0,0,0,0,0,PB,PB,PB,0,0,0,0,0,2015,Female,juvenile,TRI,0,no,no,yes,1.934448781,1,1,1,0.01171875,BO,NA,NA,3
14135,0,0,0,0,0,0,0,0,0,0,0,0,0,0,0,0,0,0,0,0,0,PB,0,0,0,0,0,0,0,2015,UNK,juvenile,TRO,1,no,no,yes,0.572387875,1,1,1,0,GG,NA,NA,15
14140,0,0,0,0,0,0,0,0,0,0,0,0,0,0,0,0,0,0,0,0,0,PB,0,0,0,0,0,0,0,2015,UNK,juvenile,TRO,1,no,no,yes,0.572387875,1,1,1,0,GG,NA,NA,15
14145,0,0,0,0,0,0,0,0,0,0,0,0,0,0,0,0,0,0,0,0,0,PB,0,0,0,0,0,0,0,2015,UNK,juvenile,TRO,1,no,no,yes,0.572387875,1,1,1,0,GG,1,NA,15
1415,0,0,0,0,0,0,0,PB,0,PB,PB,PB,PB,PB,PB,PB,PB,0,0,0,0,0,0,0,0,0,0,0,0,2001,Female,juvenile,BAB,0,no,no,yes,2.11868837,2,0,1,NA,GG,NA,NA,NA
14195,0,0,0,0,0,0,0,0,0,0,0,0,0,0,0,0,0,0,0,0,0,PB,0,0,0,0,0,0,0,2015,Female,juvenile,VES,0,no,no,yes,3.052730754,2,0,0,0,BO,NA,NA,12
14200,0,0,0,0,0,0,0,0,0,0,0,0,0,0,0,0,0,0,0,0,0,PB,0,0,0,B,0,0,0,2015,Male,juvenile,VES,0,no,no,yes,3.052730754,2,0,0,0,BO,NA,NA,12
14210,0,0,0,0,0,0,0,0,0,0,0,0,0,0,0,0,0,0,0,0,0,PB,0,0,0,0,0,0,0,2015,UNK,juvenile,WAT,0,no,no,yes,3.690563635,2,0,0,0,BO,NA,NA,15
14215,0,0,0,0,0,0,0,0,0,0,0,0,0,0,0,0,0,0,0,0,0,PB,0,0,0,0,0,0,0,2015,Female,juvenile,WAT,0,no,no,yes,3.690563635,2,0,0,0,BO,NA,NA,15
14225,0,0,0,0,0,0,0,0,0,0,0,0,0,0,0,0,0,0,0,0,0,PB,0,0,0,0,0,0,0,2015,Female,juvenile,WEE,0,no,no,yes,1.759037177,1,1,1,0,GG,NA,NA,15
14230,0,0,0,0,0,0,0,0,0,0,0,0,0,0,0,0,0,0,0,0,0,PB,0,0,0,0,0,0,0,2015,Female,juvenile,WEE,0,no,no,yes,1.759037177,1,1,1,0,GG,1,NA,15
14235,0,0,0,0,0,0,0,0,0,0,0,0,0,0,0,0,0,0,0,0,0,PB,0,0,0,0,0,0,0,2015,UNK,juvenile,WEE,0,no,no,yes,1.759037177,1,1,1,0,GG,NA,NA,15
14240,0,0,0,0,0,0,0,0,0,0,0,0,0,0,0,0,0,0,0,0,0,PB,0,0,0,0,0,0,0,2015,Female,juvenile,WFR,0,no,no,yes,2.363352451,2,0,1,0.00390625,BO,NA,NA,2
14245,0,0,0,0,0,0,0,0,0,0,0,0,0,0,0,0,0,0,0,0,0,PB,0,0,0,0,0,0,0,2015,UNK,juvenile,WFR,0,no,no,yes,2.363352451,2,0,1,0.00390625,BO,NA,NA,2
14250,0,0,0,0,0,0,0,0,0,0,0,0,0,0,0,0,0,0,0,0,0,PB,0,0,0,0,0,0,0,2015,UNK,juvenile,WHA,0,no,no,yes,0.012678474,1,1,1,0.25,GG,NA,NA,17
1430,0,0,0,0,0,0,0,0,PB,0,0,PB,PB,PB,0,0,0,0,0,0,0,0,0,0,0,0,0,0,0,2002,Male,juvenile,GDEWS,NA,no,no,no,NA,#N/A,NA,NA,0,NA,NA,NA,NA
14305,0,0,0,0,0,0,0,0,0,0,0,0,0,0,0,0,0,0,0,0,0,PB,0,0,0,0,0,0,0,2015,UNK,juvenile,WOO,0,no,no,yes,3.170121318,2,0,0,0.125,GG,NA,NA,3
14310,0,0,0,0,0,0,0,0,0,0,0,0,0,0,0,0,0,0,0,0,0,PB,0,0,0,0,0,0,0,2015,UNK,juvenile,WOO,0,no,no,yes,3.170121318,2,0,0,0.125,GG,NA,NA,3
14320,0,0,0,0,0,0,0,0,0,0,0,0,0,0,0,0,0,0,0,0,0,PB,0,0,0,0,0,0,0,2015,UNK,juvenile,WRE,0,no,no,yes,3.05182676,2,0,0,0,BO,NA,NA,NA
14325,0,0,0,0,0,0,0,0,0,0,0,0,0,0,0,0,0,0,0,0,0,PB,0,0,B,B,B,0,0,2015,Female,juvenile,WRE,0,no,no,yes,3.05182676,2,0,0,0,BO,NA,NA,NA
14330,0,0,0,0,0,0,0,0,0,0,0,0,0,0,0,0,0,0,0,0,0,PB,PB,0,0,B,0,0,0,2015,Female,juvenile,WRE,0,no,no,yes,3.05182676,2,0,0,0,BO,NA,NA,NA
14340,0,0,0,0,0,0,0,0,0,0,0,0,0,0,0,0,0,0,0,0,0,PB,0,0,0,PB,0,0,0,2015,Female,juvenile,UNK,NA,no,no,yes,NA,#N/A,NA,NA,NA,GG,NA,NA,NA
1435,0,0,0,0,0,0,0,0,PB,PB,0,0,PB,0,0,0,0,0,0,0,0,0,0,0,0,0,0,0,0,2002,Female,juvenile,GDEWS,NA,no,no,no,NA,#N/A,NA,NA,0,NA,NA,NA,NA
14350,0,0,0,0,0,0,0,0,0,0,0,0,0,0,0,0,0,0,0,0,0,PB,0,0,0,0,0,0,0,2015,UNK,juvenile,UNK,NA,no,no,yes,NA,#N/A,NA,NA,NA,GG,NA,NA,NA
14355,0,0,0,0,0,0,0,0,0,0,0,0,0,0,0,0,0,0,0,0,0,PB,0,0,0,0,0,0,0,2015,UNK,juvenile,UNK,NA,no,no,yes,NA,#N/A,NA,NA,NA,GG,1,NA,NA
14360,0,0,0,0,0,0,0,0,0,0,0,0,0,0,0,0,0,0,0,0,0,PB,0,0,0,0,0,0,0,2015,Female,juvenile,UNK,NA,no,no,yes,NA,#N/A,NA,NA,NA,GG,NA,NA,NA
14380,0,0,0,0,0,0,0,0,0,0,0,0,0,0,0,0,0,0,0,0,0,PB,0,0,0,0,0,0,0,2015,UNK,juvenile,UNK,NA,no,no,yes,NA,#N/A,NA,NA,NA,GG,NA,NA,NA
14395,0,0,0,0,0,0,0,0,0,0,0,0,0,0,0,0,0,0,0,0,0,PB,0,0,0,0,0,0,0,2015,UNK,juvenile,UNK,NA,no,no,yes,NA,#N/A,NA,NA,NA,GG,1,NA,NA
1440,0,0,0,0,0,0,0,0,PB,0,0,0,PB,0,0,0,0,0,0,0,0,0,0,0,0,0,0,0,0,2002,Female,juvenile,GDEWS,NA,no,no,no,NA,#N/A,NA,NA,0,NA,NA,NA,NA
14405,0,0,0,0,0,0,0,0,0,0,0,0,0,0,0,0,0,0,0,0,0,PB,0,0,0,B,B,B,B,2015,Male,juvenile,UNK,NA,no,no,yes,NA,#N/A,NA,NA,NA,GG,NA,NA,NA
14420,0,0,0,0,0,0,0,0,0,0,0,0,0,0,0,0,0,0,0,0,0,0,PB,0,0,0,PB,0,0,2016,UNK,juvenile,AAR,0,no,no,yes,2.144788508,2,0,1,0,BO,NA,NA,13
14425,0,0,0,0,0,0,0,0,0,0,0,0,0,0,0,0,0,0,0,0,0,0,PB,0,0,0,0,0,0,2016,UNK,juvenile,AAR,0,no,no,yes,2.144788508,2,0,1,0,BO,NA,NA,13
14430,0,0,0,0,0,0,0,0,0,0,0,0,0,0,0,0,0,0,0,0,0,0,PB,0,0,0,0,0,0,2016,Male,juvenile,AAR,0,no,no,yes,2.144788508,2,0,1,0,BO,NA,NA,13
1445,0,0,0,0,0,0,0,0,PB,PB,0,0,PB,0,0,0,0,0,0,0,0,0,0,0,0,0,0,0,0,2002,Male,juvenile,GDEWS,NA,no,no,no,NA,#N/A,NA,NA,0,NA,NA,NA,NA
14450,0,0,0,0,0,0,0,0,0,0,0,0,0,0,0,0,0,0,0,0,0,0,PB,0,0,0,0,0,0,2016,UNK,juvenile,ALA,0,no,no,yes,0.856844925,1,1,1,0.25,BO,NA,NA,4
14455,0,0,0,0,0,0,0,0,0,0,0,0,0,0,0,0,0,0,0,0,0,0,PB,0,0,0,0,0,0,2016,UNK,juvenile,ALA,0,no,no,yes,0.856844925,1,1,1,0.25,BO,NA,NA,4
14460,0,0,0,0,0,0,0,0,0,0,0,0,0,0,0,0,0,0,0,0,0,0,PB,0,0,0,0,0,0,2016,UNK,juvenile,ALA,0,no,no,yes,0.856844925,1,1,1,0.25,BO,NA,NA,4
14465,0,0,0,0,0,0,0,0,0,0,0,0,0,0,0,0,0,0,0,0,0,0,PB,0,0,0,0,0,0,2016,UNK,juvenile,ANZ,0,no,no,yes,5.415422625,3,0,0,0,GG,NA,NA,3
14470,0,0,0,0,0,0,0,0,0,0,0,0,0,0,0,0,0,0,0,0,0,0,PB,0,0,0,0,0,0,2016,UNK,juvenile,ANZ,0,no,no,yes,5.415422625,3,0,0,0,GG,NA,NA,3
1450,0,0,0,0,0,0,0,0,PB,0,0,PB,PB,0,PB,PB,PB,0,0,0,0,0,0,0,0,0,0,0,0,2002,Male,juvenile,STX,0,no,no,yes,1.931616027,1,1,1,0,BO,NA,NA,3
14500,0,0,0,0,0,0,0,0,0,0,0,0,0,0,0,0,0,0,0,0,0,0,PB,0,0,0,0,0,0,2016,Male,juvenile,AQU,0,no,no,yes,0.301142973,1,1,1,0,GG,NA,NA,5
14535,0,0,0,0,0,0,0,0,0,0,0,0,0,0,0,0,0,0,0,0,0,0,PB,0,0,0,0,0,0,2016,UNK,juvenile,BDK,0,no,no,yes,1.060955027,1,1,1,0.0234375,GG,NA,NA,4
14540,0,0,0,0,0,0,0,0,0,0,0,0,0,0,0,0,0,0,0,0,0,0,PB,0,0,0,0,0,0,2016,UNK,juvenile,BDK,0,no,no,yes,1.060955027,1,1,1,0.0234375,GG,NA,NA,4
14545,0,0,0,0,0,0,0,0,0,0,0,0,0,0,0,0,0,0,0,0,0,0,PB,PB,0,0,0,0,0,2016,Female,juvenile,BDK,0,no,no,yes,1.060955027,1,1,1,0.0234375,GG,NA,NA,4
1455,0,0,0,0,0,0,0,0,PB,0,0,0,PB,PB,0,0,0,0,0,0,0,0,0,0,0,0,0,0,0,2002,Female,juvenile,SUZ,1,no,no,no,0.045266475,1,1,1,0,GG,NA,NA,4
14550,0,0,0,0,0,0,0,0,0,0,0,0,0,0,0,0,0,0,0,0,0,0,PB,0,0,0,0,0,0,2016,UNK,juvenile,BDK,0,no,no,yes,1.060955027,1,1,1,0.0234375,GG,NA,NA,4
14555,0,0,0,0,0,0,0,0,0,0,0,0,0,0,0,0,0,0,0,0,0,0,PB,0,0,0,0,0,0,2016,UNK,juvenile,BEN,0,no,no,yes,3.051202261,2,0,0,0,GG,NA,NA,3
14570,0,0,0,0,0,0,0,0,0,0,0,0,0,0,0,0,0,0,0,0,0,0,PB,0,0,0,0,0,0,2016,UNK,juvenile,BER,0,no,no,yes,1.371228001,1,1,1,0.125,GG,NA,NA,13
14575,0,0,0,0,0,0,0,0,0,0,0,0,0,0,0,0,0,0,0,0,0,0,PB,0,0,0,0,0,0,2016,UNK,juvenile,BER,0,no,no,yes,1.371228001,1,1,1,0.125,GG,NA,NA,13
14580,0,0,0,0,0,0,0,0,0,0,0,0,0,0,0,0,0,0,0,0,0,0,PB,0,0,0,0,0,0,2016,UNK,juvenile,BER,0,no,no,yes,1.371228001,1,1,1,0.125,GG,NA,NA,13
1460,0,0,0,0,0,0,0,0,PB,0,0,0,PB,0,0,0,B,0,0,0,0,0,0,0,0,0,0,0,0,2002,Male,juvenile,STX,0,no,no,yes,1.931616027,1,1,1,0,BO,NA,NA,3
14600,0,0,0,0,0,0,0,0,0,0,0,0,0,0,0,0,0,0,0,0,0,0,PB,0,0,0,0,0,0,2016,UNK,juvenile,BIK,0,no,no,yes,0.974032195,1,1,1,0.0234375,GG,NA,NA,6
14605,0,0,0,0,0,0,0,0,0,0,0,0,0,0,0,0,0,0,0,0,0,0,PB,PB,0,0,0,0,0,2016,UNK,juvenile,BIK,0,no,no,yes,0.974032195,1,1,1,0.0234375,GG,NA,NA,6
14610,0,0,0,0,0,0,0,0,0,0,0,0,0,0,0,0,0,0,0,0,0,0,PB,0,0,0,0,0,0,2016,Female,juvenile,BIK,0,no,no,yes,0.974032195,1,1,1,0.0234375,GG,1,NA,6
14620,0,0,0,0,0,0,0,0,0,0,0,0,0,0,0,0,0,0,0,0,0,0,PB,0,0,0,0,0,0,2016,UNK,juvenile,BIN,0,no,no,yes,2.27812993,2,0,1,0,GG,NA,NA,4
14630,0,0,0,0,0,0,0,0,0,0,0,0,0,0,0,0,0,0,0,0,0,0,PB,0,0,0,0,0,0,2016,Male,juvenile,BLA,0,no,no,yes,3.311901542,2,0,0,0.03125,GG,NA,NA,8
14635,0,0,0,0,0,0,0,0,0,0,0,0,0,0,0,0,0,0,0,0,0,0,PB,0,0,0,0,0,0,2016,Male,juvenile,BLA,0,no,no,yes,3.311901542,2,0,0,0.03125,GG,NA,NA,8
14640,0,0,0,0,0,0,0,0,0,0,0,0,0,0,0,0,0,0,0,0,0,0,PB,0,0,0,0,0,0,2016,UNK,juvenile,BLA,0,no,no,yes,3.311901542,2,0,0,0.03125,GG,NA,NA,8
14645,0,0,0,0,0,0,0,0,0,0,0,0,0,0,0,0,0,0,0,0,0,0,PB,0,0,0,0,0,0,2016,UNK,juvenile,BOB,0,no,no,yes,1.982154844,1,1,1,0.03125,BO,NA,NA,7
1465,0,0,0,0,0,0,0,0,PB,0,0,0,0,0,0,0,0,0,0,0,0,0,0,0,0,0,0,0,0,2002,UNK,juvenile,STX,0,no,no,yes,1.931616027,1,1,1,0,BO,NA,NA,3
14650,0,0,0,0,0,0,0,0,0,0,0,0,0,0,0,0,0,0,0,0,0,0,PB,0,0,0,B,PO,0,2016,UNK,juvenile,BOB,0,no,no,yes,1.982154844,1,1,1,0.03125,BO,NA,NA,7
14655,0,0,0,0,0,0,0,0,0,0,0,0,0,0,0,0,0,0,0,0,0,0,PB,0,0,0,0,0,0,2016,UNK,juvenile,BOB,0,no,no,yes,1.982154844,1,1,1,0.03125,BO,NA,NA,7
14660,0,0,0,0,0,0,0,0,0,0,0,0,0,0,0,0,0,0,0,0,0,0,PB,0,0,0,0,0,0,2016,UNK,juvenile,BOD,0,no,no,yes,5.185915404,3,0,0,0.03125,GG,NA,NA,3
14665,0,0,0,0,0,0,0,0,0,0,0,0,0,0,0,0,0,0,0,0,0,0,PB,0,0,0,0,0,0,2016,UNK,juvenile,BOD,0,no,no,yes,5.185915404,3,0,0,0.03125,GG,NA,NA,3
14670,0,0,0,0,0,0,0,0,0,0,0,0,0,0,0,0,0,0,0,0,0,0,PB,0,0,0,0,0,0,2016,UNK,juvenile,BOD,0,no,no,yes,5.185915404,3,0,0,0.03125,GG,NA,NA,3
14675,0,0,0,0,0,0,0,0,0,0,0,0,0,0,0,0,0,0,0,0,0,0,PB,0,0,0,0,0,0,2016,UNK,juvenile,BOU,0,no,no,yes,1.371734988,1,1,1,0.028320313,BO,NA,NA,3
14680,0,0,0,0,0,0,0,0,0,0,0,0,0,0,0,0,0,0,0,0,0,0,PB,0,0,0,0,0,0,2016,UNK,juvenile,BOU,0,no,no,yes,1.371734988,1,1,1,0.028320313,BO,NA,NA,3
14685,0,0,0,0,0,0,0,0,0,0,0,0,0,0,0,0,0,0,0,0,0,0,PB,0,PB,0,0,0,0,2016,Male,juvenile,BBA,0,no,no,yes,2.384051007,2,0,1,0.03125,BO,NA,NA,7
14690,0,0,0,0,0,0,0,0,0,0,0,0,0,0,0,0,0,0,0,0,0,0,PB,0,0,0,0,0,0,2016,Female,juvenile,BBA,0,no,no,yes,2.384051007,2,0,1,0.03125,BO,NA,NA,7
14695,0,0,0,0,0,0,0,0,0,0,0,0,0,0,0,0,0,0,0,0,0,0,PB,0,0,0,0,0,0,2016,Male,juvenile,BNW,0,no,no,yes,1.765904901,1,1,1,0.015625,GG,NA,NA,6
1470,0,0,0,0,0,0,0,0,PB,0,0,0,PB,0,0,0,0,0,0,0,0,0,0,0,0,0,0,0,0,2002,Female,juvenile,SUZ,1,no,no,no,0.045266475,1,1,1,0,GG,NA,NA,4
14710,0,0,0,0,0,0,0,0,0,0,0,0,0,0,0,0,0,0,0,0,0,0,PB,0,PB,0,B,0,0,2016,Male,juvenile,BRA,0,no,no,yes,4.508048027,3,0,0,0.0078125,GG,NA,NA,7
14725,0,0,0,0,0,0,0,0,0,0,0,0,0,0,0,0,0,0,0,0,0,0,PB,0,0,0,0,0,0,2016,Female,juvenile,BRE,0,no,no,yes,1.36184276,1,1,1,0.01953125,BO,NA,NA,4
14730,0,0,0,0,0,0,0,0,0,0,0,0,0,0,0,0,0,0,0,0,0,0,PB,0,0,0,0,0,0,2016,UNK,juvenile,BRE,0,no,no,yes,1.36184276,1,1,1,0.01953125,BO,NA,NA,4
14740,0,0,0,0,0,0,0,0,0,0,0,0,0,0,0,0,0,0,0,0,0,0,PB,0,0,0,0,0,0,2016,UNK,juvenile,CAK,0,no,no,yes,1.735651455,1,1,1,0.03125,GG,NA,NA,5
1475,0,0,0,0,0,0,0,0,PB,0,0,0,PB,0,0,0,0,0,0,0,0,0,0,0,0,0,0,0,0,2002,Male,juvenile,FRN,0,no,no,no,1.679535466,1,1,1,NA,GG,NA,NA,NA
14765,0,0,0,0,0,0,0,0,0,0,0,0,0,0,0,0,0,0,0,0,0,0,PB,PB,0,0,0,0,0,2016,UNK,juvenile,CER,0,no,no,yes,3.617334389,2,0,0,0.0625,BO,NA,NA,4
14770,0,0,0,0,0,0,0,0,0,0,0,0,0,0,0,0,0,0,0,0,0,0,PB,0,0,0,0,0,0,2016,Female,juvenile,CER,0,no,no,yes,3.617334389,2,0,0,0.0625,BO,NA,NA,4
1480,0,0,0,0,0,0,0,0,PB,PB,0,PB,PB,PB,PB,0,0,0,0,0,0,0,0,0,0,0,0,0,0,2002,Female,juvenile,TWO,0,no,no,yes,1.687314122,1,1,1,NA,GG,NA,NA,NA
14800,0,0,0,0,0,0,0,0,0,0,0,0,0,0,0,0,0,0,0,0,0,0,PB,0,0,B,0,0,0,2016,Male,juvenile,COR,0,no,no,yes,2.673692125,2,0,1,0,GG,NA,NA,9
14805,0,0,0,0,0,0,0,0,0,0,0,0,0,0,0,0,0,0,0,0,0,0,PB,0,0,0,0,0,0,2016,UNK,juvenile,COR,0,no,no,yes,2.673692125,2,0,1,0,GG,NA,NA,9
14830,0,0,0,0,0,0,0,0,0,0,0,0,0,0,0,0,0,0,0,0,0,0,PB,0,0,0,0,0,0,2016,Female,juvenile,CRI,0,no,no,yes,1.791658257,1,1,1,0.3125,GG,NA,NA,4
1485,0,0,0,0,0,0,0,0,PB,0,0,0,PB,0,0,0,0,0,0,0,0,0,0,0,0,0,0,0,0,2002,Female,juvenile,TWO,0,no,no,no,1.687314122,1,1,1,NA,GG,NA,NA,NA
14850,0,0,0,0,0,0,0,0,0,0,0,0,0,0,0,0,0,0,0,0,0,0,PB,0,0,0,0,0,0,2016,UNK,juvenile,DEV,0,no,no,yes,3.450820625,2,0,0,NA,BO,NA,NA,NA
14855,0,0,0,0,0,0,0,0,0,0,0,0,0,0,0,0,0,0,0,0,0,0,PB,0,0,0,0,0,0,2016,UNK,juvenile,DEV,0,no,no,yes,3.450820625,2,0,0,NA,BO,NA,NA,NA
14860,0,0,0,0,0,0,0,0,0,0,0,0,0,0,0,0,0,0,0,0,0,0,PB,0,0,0,0,0,0,2016,UNK,juvenile,DRV,0,no,no,yes,2.436138669,2,0,1,0.0625,GG,NA,NA,7
14865,0,0,0,0,0,0,0,0,0,0,0,0,0,0,0,0,0,0,0,0,0,0,PB,0,0,0,0,0,0,2016,UNK,juvenile,DRV,0,no,no,yes,2.436138669,2,0,1,0.0625,GG,NA,NA,7
14880,0,0,0,0,0,0,0,0,0,0,0,0,0,0,0,0,0,0,0,0,0,0,PB,0,0,0,0,0,0,2016,UNK,juvenile,FAT,0,no,no,yes,2.018575634,2,0,1,0.0625,GG,NA,NA,9
14885,0,0,0,0,0,0,0,0,0,0,0,0,0,0,0,0,0,0,0,0,0,0,PB,0,0,0,0,0,0,2016,UNK,juvenile,FAT,0,no,no,yes,2.018575634,2,0,1,0.0625,GG,NA,NA,9
14890,0,0,0,0,0,0,0,0,0,0,0,0,0,0,0,0,0,0,0,0,0,0,PB,0,0,0,0,0,0,2016,UNK,juvenile,FIX,1,no,no,yes,0.197440576,1,1,1,0.046875,BO,NA,NA,4
14895,0,0,0,0,0,0,0,0,0,0,0,0,0,0,0,0,0,0,0,0,0,0,PB,0,0,PB,0,0,0,2016,Female,juvenile,FIX,1,no,no,yes,0.197440576,1,1,1,0.046875,BO,NA,NA,4
14915,0,0,0,0,0,0,0,0,0,0,0,0,0,0,0,0,0,0,0,0,0,0,PB,0,0,0,B,0,0,2016,Male,juvenile,FMG,1,no,no,yes,0.454443648,1,1,1,0.0390625,GG,NA,NA,9
14920,0,0,0,0,0,0,0,0,0,0,0,0,0,0,0,0,0,0,0,0,0,0,PB,0,0,0,B,PO,0,2016,Male,juvenile,FMG,1,no,no,yes,0.454443648,1,1,1,0.0390625,GG,NA,NA,9
14940,0,0,0,0,0,0,0,0,0,0,0,0,0,0,0,0,0,0,0,0,0,0,PB,0,0,0,0,0,0,2016,UNK,juvenile,GAL,0,no,no,yes,0.254924523,1,1,1,0,GG,NA,NA,13
14950,0,0,0,0,0,0,0,0,0,0,0,0,0,0,0,0,0,0,0,0,0,0,PB,0,0,0,0,0,0,2016,UNK,juvenile,GRY,0,no,no,yes,0.409201689,1,1,1,0.03125,GG,NA,NA,12
14955,0,0,0,0,0,0,0,0,0,0,0,0,0,0,0,0,0,0,0,0,0,0,PB,0,0,0,0,0,0,2016,UNK,juvenile,GRY,0,no,no,yes,0.409201689,1,1,1,0.03125,GG,NA,NA,12
14960,0,0,0,0,0,0,0,0,0,0,0,0,0,0,0,0,0,0,0,0,0,0,PB,0,0,0,0,0,0,2016,Female,juvenile,GRY,0,no,no,yes,0.409201689,1,1,1,0.03125,GG,NA,NA,12
14965,0,0,0,0,0,0,0,0,0,0,0,0,0,0,0,0,0,0,0,0,0,0,PB,0,0,0,0,0,0,2016,UNK,juvenile,GRY,0,no,no,yes,0.409201689,1,1,1,0.03125,GG,NA,NA,12
14970,0,0,0,0,0,0,0,0,0,0,0,0,0,0,0,0,0,0,0,0,0,0,PB,0,0,0,0,0,0,2016,UNK,juvenile,GME,1,no,no,yes,1.23323277,1,1,1,0.03125,GG,NA,NA,10
14975,0,0,0,0,0,0,0,0,0,0,0,0,0,0,0,0,0,0,0,0,0,0,PB,0,0,0,0,0,0,2016,UNK,juvenile,GME,1,no,no,yes,1.23323277,1,1,1,0.03125,GG,NA,NA,10
14985,0,0,0,0,0,0,0,0,0,0,0,0,0,0,0,0,0,0,0,0,0,0,PB,0,0,0,0,0,0,2016,UNK,juvenile,GON,0,no,no,yes,2.615733511,2,0,1,0,BO,NA,NA,9
14990,0,0,0,0,0,0,0,0,0,0,0,0,0,0,0,0,0,0,0,0,0,0,PB,0,0,0,0,0,0,2016,UNK,juvenile,GON,0,no,no,yes,2.615733511,2,0,1,0,BO,NA,NA,9
14995,0,0,0,0,0,0,0,0,0,0,0,0,0,0,0,0,0,0,0,0,0,0,PB,0,0,0,0,0,0,2016,UNK,juvenile,GON,0,no,no,yes,2.615733511,2,0,1,0,BO,NA,NA,9
150,0,0,0,0,0,0,0,0,0,PB,PB,PB,B,B,B,0,0,0,0,0,0,0,0,0,0,0,0,0,0,2003,Female,juvenile,STX,0,no,no,no,1.931616027,1,1,1,0,BO,NA,NA,4
15000,0,0,0,0,0,0,0,0,0,0,0,0,0,0,0,0,0,0,0,0,0,0,PB,0,0,0,0,0,0,2016,UNK,juvenile,GRE,0,no,no,yes,1.7374113,1,1,1,0.0625,BO,NA,NA,4
15005,0,0,0,0,0,0,0,0,0,0,0,0,0,0,0,0,0,0,0,0,0,0,PB,0,0,0,0,0,0,2016,UNK,juvenile,GRE,0,no,no,yes,1.7374113,1,1,1,0.0625,BO,NA,NA,4
15015,0,0,0,0,0,0,0,0,0,0,0,0,0,0,0,0,0,0,0,0,0,0,PB,0,0,B,0,0,0,2016,Male,juvenile,GYP,0,no,no,yes,1.33243986,1,1,1,0,GG,NA,NA,15
1505,0,0,0,0,0,0,0,0,PB,PB,0,0,PB,0,0,0,0,0,0,0,0,0,0,0,0,0,0,0,0,2002,Female,juvenile,GDEWS,NA,no,no,no,NA,#N/A,NA,NA,0,NA,NA,NA,NA
15065,0,0,0,0,0,0,0,0,0,0,0,0,0,0,0,0,0,0,0,0,0,0,PB,0,0,PB,0,0,0,2016,Female,juvenile,HAW,0,no,no,yes,4.299164415,3,0,0,0,GG,NA,NA,9
15080,0,0,0,0,0,0,0,0,0,0,0,0,0,0,0,0,0,0,0,0,0,0,PB,0,0,0,0,0,0,2016,Male,juvenile,HEB,1,no,no,yes,1.305896033,1,1,1,0.032226563,GG,NA,NA,3
15085,0,0,0,0,0,0,0,0,0,0,0,0,0,0,0,0,0,0,0,0,0,0,PB,0,0,0,0,0,0,2016,Male,juvenile,HEB,1,no,no,yes,1.305896033,1,1,1,0.032226563,GG,NA,NA,3
15095,0,0,0,0,0,0,0,0,0,0,0,0,0,0,0,0,0,0,0,0,0,0,PB,0,0,0,0,0,0,2016,UNK,juvenile,HEM,0,no,no,yes,2.55931539,2,0,1,0.0390625,GG,NA,NA,4
1510,0,0,0,0,0,0,0,0,PB,0,0,0,0,0,0,0,0,0,0,0,0,0,0,0,0,0,0,0,0,2002,UNK,juvenile,EST,0,no,no,no,0.406108964,1,1,1,0,GG,NA,NA,6
15100,0,0,0,0,0,0,0,0,0,0,0,0,0,0,0,0,0,0,0,0,0,0,PB,0,0,0,0,0,0,2016,UNK,juvenile,HEM,0,no,no,yes,2.55931539,2,0,1,0.0390625,GG,NA,NA,4
15110,0,0,0,0,0,0,0,0,0,0,0,0,0,0,0,0,0,0,0,0,0,0,PB,0,0,0,0,0,0,2016,Female,juvenile,HEN,0,no,no,yes,1.2102378,1,1,1,0.015625,GG,NA,NA,11
15115,0,0,0,0,0,0,0,0,0,0,0,0,0,0,0,0,0,0,0,0,0,0,PB,0,0,0,0,0,0,2016,UNK,juvenile,HEN,0,no,no,yes,1.2102378,1,1,1,0.015625,GG,NA,NA,11
15120,0,0,0,0,0,0,0,0,0,0,0,0,0,0,0,0,0,0,0,0,0,0,PB,0,0,0,0,0,0,2016,UNK,juvenile,HEN,0,no,no,yes,1.2102378,1,1,1,0.015625,GG,NA,NA,11
15125,0,0,0,0,0,0,0,0,0,0,0,0,0,0,0,0,0,0,0,0,0,0,PB,0,PB,0,PB,0,0,2016,Female,juvenile,HIP,0,no,no,yes,3.747977041,3,0,0,0,BO,NA,NA,13
15130,0,0,0,0,0,0,0,0,0,0,0,0,0,0,0,0,0,0,0,0,0,0,PB,PB,0,0,0,0,0,2016,UNK,juvenile,HIP,0,no,no,yes,3.747977041,3,0,0,0,BO,NA,NA,13
15140,0,0,0,0,0,0,0,0,0,0,0,0,0,0,0,0,0,0,0,0,0,0,PB,0,0,B,B,0,0,2016,Female,juvenile,HZN,0,no,no,yes,1.148436543,1,1,1,0.015625,GG,NA,NA,10
15145,0,0,0,0,0,0,0,0,0,0,0,0,0,0,0,0,0,0,0,0,0,0,PB,0,PB,0,0,0,0,2016,Female,juvenile,HZN,0,no,no,yes,1.148436543,1,1,1,0.015625,GG,1,NA,10
1515,0,0,0,0,0,0,0,0,PB,0,0,0,PB,PB,B,B,B,0,0,0,0,0,0,0,0,0,0,0,0,2002,Female,juvenile,GME,1,no,no,yes,0.050813928,1,1,1,NA,GG,NA,NA,NA
15150,0,0,0,0,0,0,0,0,0,0,0,0,0,0,0,0,0,0,0,0,0,0,PB,0,0,0,0,0,0,2016,UNK,juvenile,HZN,0,no,no,yes,1.148436543,1,1,1,0.015625,GG,NA,NA,10
15155,0,0,0,0,0,0,0,0,0,0,0,0,0,0,0,0,0,0,0,0,0,0,PB,0,0,0,0,0,0,2016,UNK,juvenile,IPR,0,no,no,yes,2.09231506,2,0,1,0,GG,NA,NA,11
15160,0,0,0,0,0,0,0,0,0,0,0,0,0,0,0,0,0,0,0,0,0,0,PB,0,0,0,0,0,0,2016,Female,juvenile,IPR,0,no,no,yes,2.09231506,2,0,1,0,GG,NA,NA,11
15165,0,0,0,0,0,0,0,0,0,0,0,0,0,0,0,0,0,0,0,0,0,0,PB,0,0,0,0,0,0,2016,UNK,juvenile,IPR,0,no,no,yes,2.09231506,2,0,1,0,GG,NA,NA,11
15170,0,0,0,0,0,0,0,0,0,0,0,0,0,0,0,0,0,0,0,0,0,0,PB,0,0,0,0,0,0,2016,UNK,juvenile,IND,0,no,no,yes,2.771576849,2,0,1,0.15625,GG,NA,NA,4
15185,0,0,0,0,0,0,0,0,0,0,0,0,0,0,0,0,0,0,0,0,0,0,PB,0,0,0,0,0,0,2016,Female,juvenile,JAS,0,no,no,yes,0.09697577,1,1,1,0,GG,NA,NA,13
15190,0,0,0,0,0,0,0,0,0,0,0,0,0,0,0,0,0,0,0,0,0,0,PB,0,0,0,0,0,0,2016,Male,juvenile,JAS,0,no,no,yes,0.09697577,1,1,1,0,GG,NA,NA,13
15200,0,0,0,0,0,0,0,0,0,0,0,0,0,0,0,0,0,0,0,0,0,0,PB,0,0,0,0,0,0,2016,UNK,juvenile,JUN,0,no,no,yes,1.606571009,1,1,1,0,BO,NA,NA,4
15205,0,0,0,0,0,0,0,0,0,0,0,0,0,0,0,0,0,0,0,0,0,0,PB,0,0,0,PB,0,0,2016,UNK,juvenile,JUN,0,no,no,yes,1.606571009,1,1,1,0,BO,NA,NA,4
15210,0,0,0,0,0,0,0,0,0,0,0,0,0,0,0,0,0,0,0,0,0,0,PB,0,0,0,0,0,0,2016,Male,juvenile,JUN,0,no,no,yes,1.606571009,1,1,1,0,BO,NA,NA,4
15215,0,0,0,0,0,0,0,0,0,0,0,0,0,0,0,0,0,0,0,0,0,0,PB,0,0,0,0,0,0,2016,Female,juvenile,JUR,0,no,no,yes,0.99058611,1,1,1,0.03125,GG,NA,NA,5
15220,0,0,0,0,0,0,0,0,0,0,0,0,0,0,0,0,0,0,0,0,0,0,PB,0,PB,0,0,0,0,2016,Male,juvenile,JUR,0,no,no,yes,0.99058611,1,1,1,0.03125,GG,NA,NA,5
1525,0,0,0,0,0,0,0,0,PB,0,0,0,PB,0,0,0,0,0,0,0,0,0,0,0,0,0,0,0,0,2002,Female,juvenile,GDEWS,NA,no,no,no,NA,#N/A,NA,NA,0,NA,NA,NA,NA
15260,0,0,0,0,0,0,0,0,0,0,0,0,0,0,0,0,0,0,0,0,0,0,PB,PB,0,0,0,0,0,2016,UNK,juvenile,KRE,1,no,no,yes,0.757913181,1,1,1,0.09375,GG,1,NA,6
15270,0,0,0,0,0,0,0,0,0,0,0,0,0,0,0,0,0,0,0,0,0,0,PB,0,0,0,0,0,0,2016,UNK,juvenile,KRE,1,no,no,yes,0.757913181,1,1,1,0.09375,GG,NA,NA,6
15280,0,0,0,0,0,0,0,0,0,0,0,0,0,0,0,0,0,0,0,0,0,0,PB,0,0,0,0,0,0,2016,UNK,juvenile,MET,0,no,no,yes,2.36976952,2,0,1,0,GG,NA,NA,12
1530,0,0,0,0,0,0,0,0,PB,0,0,0,0,0,0,0,0,0,0,0,0,0,0,0,0,0,0,0,0,2002,UNK,juvenile,BET,0,no,no,no,2.572,2,0,1,NA,GG,NA,NA,NA
15325,0,0,0,0,0,0,0,0,0,0,0,0,0,0,0,0,0,0,0,0,0,0,PB,0,0,0,0,0,0,2016,Female,juvenile,LOC,0,no,no,yes,0.673104913,1,1,1,0,GG,NA,NA,8
15330,0,0,0,0,0,0,0,0,0,0,0,0,0,0,0,0,0,0,0,0,0,0,PB,0,0,0,0,0,0,2016,Male,juvenile,LOC,0,no,no,yes,0.673104913,1,1,1,0,GG,NA,NA,8
15380,0,0,0,0,0,0,0,0,0,0,0,0,0,0,0,0,0,0,0,0,0,0,PB,0,0,0,0,0,0,2016,Female,juvenile,LAG,0,no,no,yes,2.349895785,2,0,1,0.0078125,GG,NA,NA,9
15385,0,0,0,0,0,0,0,0,0,0,0,0,0,0,0,0,0,0,0,0,0,0,PB,0,0,0,0,0,0,2016,UNK,juvenile,LAG,0,no,no,yes,2.349895785,2,0,1,0.0078125,GG,NA,NA,9
1540,0,0,0,0,0,0,0,0,PB,0,0,0,PB,0,0,0,0,0,0,0,0,0,0,0,0,0,0,0,0,2002,Male,juvenile,PWA,0,no,no,yes,1.464141267,1,1,1,NA,GG,NA,NA,NA
15410,0,0,0,0,0,0,0,0,0,0,0,0,0,0,0,0,0,0,0,0,0,0,PB,0,0,0,B,B,0,2016,Male,juvenile,MAR,0,no,no,yes,0.790406159,1,1,1,0,GG,NA,NA,4
15415,0,0,0,0,0,0,0,0,0,0,0,0,0,0,0,0,0,0,0,0,0,0,PB,0,0,0,0,0,0,2016,Male,juvenile,MAR,0,no,no,yes,0.790406159,1,1,1,0,GG,NA,NA,4
15420,0,0,0,0,0,0,0,0,0,0,0,0,0,0,0,0,0,0,0,0,0,0,PB,0,0,0,0,0,0,2016,UNK,juvenile,MDI,0,no,no,yes,2.337083723,2,0,1,0,GG,NA,NA,13
1545,0,0,0,0,0,0,0,0,PB,0,0,0,PB,PB,0,0,0,0,0,0,0,0,0,0,0,0,0,0,0,2002,Female,juvenile,WOO,0,no,no,yes,2.220009418,2,0,1,0.125,GG,NA,NA,NA
15450,0,0,0,0,0,0,0,0,0,0,0,0,0,0,0,0,0,0,0,0,0,0,PB,0,0,0,0,0,0,2016,Female,juvenile,MAZ,0,no,no,yes,1.601767812,1,1,1,0,GG,NA,NA,7
15455,0,0,0,0,0,0,0,0,0,0,0,0,0,0,0,0,0,0,0,0,0,0,PB,0,0,0,0,0,0,2016,Male,juvenile,MAZ,0,no,no,yes,1.601767812,1,1,1,0,GG,NA,NA,7
15460,0,0,0,0,0,0,0,0,0,0,0,0,0,0,0,0,0,0,0,0,0,0,PB,0,0,0,0,0,0,2016,UNK,juvenile,MEG,0,no,no,yes,2.410838132,2,0,1,0,BO,NA,NA,10
15465,0,0,0,0,0,0,0,0,0,0,0,0,0,0,0,0,0,0,0,0,0,0,PB,0,0,0,0,0,0,2016,UNK,juvenile,MEG,0,no,no,yes,2.410838132,2,0,1,0,BO,NA,NA,10
15470,0,0,0,0,0,0,0,0,0,0,0,0,0,0,0,0,0,0,0,0,0,0,PB,PB,0,0,0,0,0,2016,UNK,juvenile,MEG,0,no,no,yes,2.410838132,2,0,1,0,BO,NA,NA,10
15475,0,0,0,0,0,0,0,0,0,0,0,0,0,0,0,0,0,0,0,0,0,0,PB,0,0,0,0,0,0,2016,Female,juvenile,MFA,1,no,no,yes,0.796526679,1,1,1,0,GG,NA,NA,10
15480,0,0,0,0,0,0,0,0,0,0,0,0,0,0,0,0,0,0,0,0,0,0,PB,0,0,0,0,0,0,2016,UNK,juvenile,MFA,1,no,no,yes,0.796526679,1,1,1,0,GG,NA,NA,10
15485,0,0,0,0,0,0,0,0,0,0,0,0,0,0,0,0,0,0,0,0,0,0,PB,0,0,0,0,0,0,2016,UNK,juvenile,MID,0,no,no,yes,3.747665382,3,0,0,0.0703125,BO,NA,NA,7
15490,0,0,0,0,0,0,0,0,0,0,0,0,0,0,0,0,0,0,0,0,0,0,PB,0,0,B,0,0,0,2016,Female,juvenile,MID,0,no,no,yes,3.747665382,3,0,0,0.0703125,BO,NA,NA,7
1550,0,0,0,0,0,0,0,0,PB,0,0,0,0,0,0,0,0,0,0,0,0,0,0,0,0,0,0,0,0,2002,Male,juvenile,AOT,0,no,no,no,1.870291177,1,1,1,NA,GG,NA,NA,NA
15510,0,0,0,0,0,0,0,0,0,0,0,0,0,0,0,0,0,0,0,0,0,0,PB,0,0,0,0,0,0,2016,UNK,juvenile,MIR,0,no,no,yes,3.461566333,2,0,0,NA,BO,NA,NA,NA
15515,0,0,0,0,0,0,0,0,0,0,0,0,0,0,0,0,0,0,0,0,0,0,PB,0,0,0,0,0,0,2016,UNK,juvenile,MIR,0,no,no,yes,3.461566333,2,0,0,NA,BO,NA,NA,NA
15520,0,0,0,0,0,0,0,0,0,0,0,0,0,0,0,0,0,0,0,0,0,0,PB,0,0,0,0,0,0,2016,UNK,juvenile,MOL,0,no,no,yes,1.841449966,1,1,1,0.140625,BO,NA,NA,13
15525,0,0,0,0,0,0,0,0,0,0,0,0,0,0,0,0,0,0,0,0,0,0,PB,0,0,0,0,0,0,2016,UNK,juvenile,MOR,0,no,no,yes,0.108558256,1,1,1,0.015625,GG,NA,NA,12
15530,0,0,0,0,0,0,0,0,0,0,0,0,0,0,0,0,0,0,0,0,0,0,PB,0,0,0,0,0,0,2016,UNK,juvenile,MOR,0,no,no,yes,0.108558256,1,1,1,0.015625,GG,NA,NA,12
1555,0,0,0,0,0,0,0,0,PB,0,0,0,PB,0,0,0,0,0,0,0,0,0,0,0,0,0,0,0,0,2002,Male,juvenile,HSP,0,no,no,yes,3.519636844,2,0,0,NA,GG,NA,NA,NA
15550,0,0,0,0,0,0,0,0,0,0,0,0,0,0,0,0,0,0,0,0,0,0,PB,0,PB,0,0,0,0,2016,Female,juvenile,MCW,1,no,no,yes,0.838340055,1,1,1,0.0625,GG,NA,NA,5
15565,0,0,0,0,0,0,0,0,0,0,0,0,0,0,0,0,0,0,0,0,0,0,PB,0,0,0,0,PB,B,2016,UNK,juvenile,MOS,0,no,no,yes,1.327013703,1,1,1,0,BO,NA,NA,14
15570,0,0,0,0,0,0,0,0,0,0,0,0,0,0,0,0,0,0,0,0,0,0,PB,PB,0,0,0,0,0,2016,UNK,juvenile,MOS,0,no,no,yes,1.327013703,1,1,1,0,BO,NA,NA,14
1560,0,0,0,0,0,0,0,0,0,PB,0,0,PB,0,0,0,0,0,0,0,0,0,0,0,0,0,0,0,0,2003,Female,juvenile,GDEWS,NA,no,no,no,NA,#N/A,NA,NA,0,NA,NA,NA,NA
15630,0,0,0,0,0,0,0,0,0,0,0,0,0,0,0,0,0,0,0,0,0,0,PB,0,0,PB,B,B,B,2016,Female,juvenile,NAZ,0,no,no,yes,0.537764735,1,1,1,0,GG,NA,NA,8
15635,0,0,0,0,0,0,0,0,0,0,0,0,0,0,0,0,0,0,0,0,0,0,PB,0,0,0,0,0,0,2016,UNK,juvenile,NAZ,0,no,no,yes,0.537764735,1,1,1,0,GG,NA,NA,8
15640,0,0,0,0,0,0,0,0,0,0,0,0,0,0,0,0,0,0,0,0,0,0,PB,0,0,B,0,0,0,2016,Female,juvenile,NAZ,0,no,no,yes,0.537764735,1,1,1,0,GG,NA,NA,8
15645,0,0,0,0,0,0,0,0,0,0,0,0,0,0,0,0,0,0,0,0,0,0,PB,0,0,0,0,0,0,2016,UNK,juvenile,NEV,0,no,no,yes,1.755803704,1,1,1,0.078125,GG,NA,NA,12
1565,0,0,0,0,0,0,0,0,0,PB,0,0,PB,PB,0,0,PB,0,B,B,B,B,B,PO,PO,PO,PO,PO,PO,2003,Female,juvenile,GDEWS,NA,no,no,no,NA,#N/A,NA,NA,0,NA,NA,NA,NA
15650,0,0,0,0,0,0,0,0,0,0,0,0,0,0,0,0,0,0,0,0,0,0,PB,0,0,0,0,0,0,2016,UNK,juvenile,NEV,0,no,no,yes,1.755803704,1,1,1,0.078125,GG,NA,NA,12
15655,0,0,0,0,0,0,0,0,0,0,0,0,0,0,0,0,0,0,0,0,0,0,PB,0,0,0,0,0,0,2016,UNK,juvenile,NEV,0,no,no,yes,1.755803704,1,1,1,0.078125,GG,NA,NA,12
15665,0,0,0,0,0,0,0,0,0,0,0,0,0,0,0,0,0,0,0,0,0,0,PB,0,0,0,0,0,0,2016,Female,juvenile,NIA,0,no,no,yes,2.320350474,2,0,1,NA,GG,NA,NA,NA
15670,0,0,0,0,0,0,0,0,0,0,0,0,0,0,0,0,0,0,0,0,0,0,PB,0,0,0,0,0,0,2016,Male,juvenile,NIA,0,no,no,yes,2.320350474,2,0,1,NA,GG,NA,NA,NA
15680,0,0,0,0,0,0,0,0,0,0,0,0,0,0,0,0,0,0,0,0,0,0,PB,0,0,0,0,0,0,2016,Male,juvenile,NID,0,no,no,yes,0.169170504,1,1,1,0,GG,NA,NA,14
15685,0,0,0,0,0,0,0,0,0,0,0,0,0,0,0,0,0,0,0,0,0,0,PB,0,0,0,0,0,0,2016,UNK,juvenile,NID,0,no,no,yes,0.169170504,1,1,1,0,GG,NA,NA,14
1570,0,0,0,0,0,0,0,0,0,PB,PB,0,0,0,0,0,0,0,0,0,0,0,0,0,0,0,0,0,0,2003,Female,juvenile,GDEWS,NA,no,no,no,NA,#N/A,NA,NA,0,NA,NA,NA,NA
15710,0,0,0,0,0,0,0,0,0,0,0,0,0,0,0,0,0,0,0,0,0,0,PB,0,0,0,0,0,0,2016,UNK,juvenile,OPT,0,no,no,yes,3.506399929,2,0,0,0,BO,NA,NA,2
15720,0,0,0,0,0,0,0,0,0,0,0,0,0,0,0,0,0,0,0,0,0,0,PB,0,0,0,0,0,0,2016,UNK,juvenile,OVA,0,no,no,yes,3.613778632,2,0,0,0.0078125,BO,NA,NA,6
15725,0,0,0,0,0,0,0,0,0,0,0,0,0,0,0,0,0,0,0,0,0,0,PB,0,0,0,0,0,0,2016,UNK,juvenile,OVA,0,no,no,yes,3.613778632,2,0,0,0.0078125,BO,NA,NA,6
15730,0,0,0,0,0,0,0,0,0,0,0,0,0,0,0,0,0,0,0,0,0,0,PB,0,0,0,0,0,0,2016,UNK,juvenile,OVA,0,no,no,yes,3.613778632,2,0,0,0.0078125,BO,NA,NA,6
15735,0,0,0,0,0,0,0,0,0,0,0,0,0,0,0,0,0,0,0,0,0,0,PB,0,0,0,0,0,0,2016,UNK,juvenile,PMF,0,no,no,yes,1.038091464,1,1,1,0.015625,BO,NA,NA,7
15740,0,0,0,0,0,0,0,0,0,0,0,0,0,0,0,0,0,0,0,0,0,0,PB,0,0,0,0,0,0,2016,UNK,juvenile,PMF,0,no,no,yes,1.038091464,1,1,1,0.015625,BO,NA,NA,7
15745,0,0,0,0,0,0,0,0,0,0,0,0,0,0,0,0,0,0,0,0,0,0,PB,0,0,0,0,0,0,2016,UNK,juvenile,PMF,0,no,no,yes,1.038091464,1,1,1,0.015625,BO,NA,NA,7
1575,0,0,0,0,0,0,0,0,0,PB,PB,0,PB,0,0,0,0,0,0,0,0,0,0,0,0,0,0,0,0,2003,Female,juvenile,GDEWS,NA,no,no,no,NA,#N/A,NA,NA,0,NA,NA,NA,NA
15750,0,0,0,0,0,0,0,0,0,0,0,0,0,0,0,0,0,0,0,0,0,0,PB,0,0,0,0,0,0,2016,Female,juvenile,PAR,0,no,no,yes,2.011722582,2,0,1,0.05078125,BO,NA,NA,10
15755,0,0,0,0,0,0,0,0,0,0,0,0,0,0,0,0,0,0,0,0,0,0,PB,0,0,0,0,0,0,2016,UNK,juvenile,PAR,0,no,no,yes,2.011722582,2,0,1,0.05078125,BO,NA,NA,10
15765,0,0,0,0,0,0,0,0,0,0,0,0,0,0,0,0,0,0,0,0,0,0,PB,0,0,0,0,PB,0,2016,Male,juvenile,PAT,0,no,no,yes,2.254204238,2,0,1,0,BO,NA,NA,6
15770,0,0,0,0,0,0,0,0,0,0,0,0,0,0,0,0,0,0,0,0,0,0,PB,0,0,0,0,0,0,2016,Male,juvenile,PAT,0,no,no,yes,2.254204238,2,0,1,0,BO,NA,NA,6
15795,0,0,0,0,0,0,0,0,0,0,0,0,0,0,0,0,0,0,0,0,0,0,PB,0,0,0,0,0,0,2016,UNK,juvenile,PHO,0,no,no,yes,2.178024733,2,0,1,0,GG,NA,NA,NA
1580,0,0,0,0,0,0,0,0,0,PB,0,0,PB,0,0,0,0,0,0,0,0,0,0,0,0,0,0,0,0,2003,Male,juvenile,GDEWS,NA,no,no,no,NA,#N/A,NA,NA,0,NA,NA,NA,NA
15800,0,0,0,0,0,0,0,0,0,0,0,0,0,0,0,0,0,0,0,0,0,0,PB,0,PB,0,0,B,0,2016,Male,juvenile,PHO,0,no,no,yes,2.178024733,2,0,1,0,GG,NA,NA,NA
15835,0,0,0,0,0,0,0,0,0,0,0,0,0,0,0,0,0,0,0,0,0,0,PB,0,0,B,0,0,0,2016,Female,juvenile,PTE,0,no,no,yes,1.610981715,1,1,1,0.04296875,GG,NA,NA,5
15840,0,0,0,0,0,0,0,0,0,0,0,0,0,0,0,0,0,0,0,0,0,0,PB,0,0,0,0,0,0,2016,Female,juvenile,PTE,0,no,no,yes,1.610981715,1,1,1,0.04296875,GG,NA,NA,5
15845,0,0,0,0,0,0,0,0,0,0,0,0,0,0,0,0,0,0,0,0,0,0,PB,0,PB,0,0,0,0,2016,Female,juvenile,PTE,0,no,no,yes,1.610981715,1,1,1,0.04296875,GG,NA,NA,5
1585,0,0,0,0,0,0,0,0,0,PB,0,0,0,0,0,0,0,0,0,0,0,0,0,0,0,0,0,0,0,2003,Male,juvenile,GDEWS,NA,no,no,no,NA,#N/A,NA,NA,0,NA,NA,NA,NA
15890,0,0,0,0,0,0,0,0,0,0,0,0,0,0,0,0,0,0,0,0,0,0,PB,0,0,0,0,0,0,2016,Male,juvenile,RPO,0,no,no,yes,0.49589173,1,1,1,0.14453125,GG,NA,NA,5
1590,0,0,0,0,0,0,0,0,0,PB,0,0,PB,0,0,0,0,0,0,0,0,0,0,0,0,0,0,0,0,2003,Male,juvenile,GDEWS,NA,no,no,no,NA,#N/A,NA,NA,0,NA,NA,NA,NA
15905,0,0,0,0,0,0,0,0,0,0,0,0,0,0,0,0,0,0,0,0,0,0,PB,0,0,0,0,0,0,2016,UNK,juvenile,RBN,0,no,no,yes,1.71341547,1,1,1,0,GG,NA,NA,NA
15910,0,0,0,0,0,0,0,0,0,0,0,0,0,0,0,0,0,0,0,0,0,0,PB,0,0,0,0,0,0,2016,UNK,juvenile,RBN,0,no,no,yes,1.71341547,1,1,1,0,GG,NA,NA,NA
15925,0,0,0,0,0,0,0,0,0,0,0,0,0,0,0,0,0,0,0,0,0,0,PB,0,0,0,0,0,0,2016,UNK,juvenile,RED,1,no,no,yes,0.859766583,1,1,1,0.015625,GG,NA,NA,12
15935,0,0,0,0,0,0,0,0,0,0,0,0,0,0,0,0,0,0,0,0,0,0,PB,0,0,0,0,0,0,2016,UNK,juvenile,ROB,0,no,no,yes,2.134966837,2,0,1,NA,BO,NA,NA,NA
15945,0,0,0,0,0,0,0,0,0,0,0,0,0,0,0,0,0,0,0,0,0,0,PB,0,0,0,0,0,0,2016,Male,juvenile,RFI,0,no,no,yes,1.458184933,1,1,1,0,BO,NA,NA,7
1595,0,0,0,0,0,0,0,0,0,PB,0,0,PB,0,0,0,0,0,0,0,0,0,0,0,0,0,0,0,0,2003,Male,juvenile,GDEWS,NA,no,no,no,NA,#N/A,NA,NA,0,NA,NA,NA,NA
15950,0,0,0,0,0,0,0,0,0,0,0,0,0,0,0,0,0,0,0,0,0,0,PB,0,0,0,0,0,0,2016,UNK,juvenile,RFI,0,no,no,yes,1.458184933,1,1,1,0,BO,NA,NA,7
15955,0,0,0,0,0,0,0,0,0,0,0,0,0,0,0,0,0,0,0,0,0,0,PB,0,0,0,0,0,0,2016,Female,juvenile,ROM,0,no,no,yes,2.726527223,2,0,1,0,GG,NA,NA,15
15960,0,0,0,0,0,0,0,0,0,0,0,0,0,0,0,0,0,0,0,0,0,0,PB,0,0,0,0,0,0,2016,UNK,juvenile,ROM,0,no,no,yes,2.726527223,2,0,1,0,GG,NA,NA,15
15970,0,0,0,0,0,0,0,0,0,0,0,0,0,0,0,0,0,0,0,0,0,0,PB,PB,0,0,0,0,0,2016,UNK,juvenile,SAN,0,no,no,yes,1.931616027,1,1,1,0.08203125,BO,NA,NA,5
15975,0,0,0,0,0,0,0,0,0,0,0,0,0,0,0,0,0,0,0,0,0,0,PB,0,0,0,0,0,0,2016,UNK,juvenile,SAN,0,no,no,yes,1.931616027,1,1,1,0.08203125,BO,NA,NA,5
15980,0,0,0,0,0,0,0,0,0,0,0,0,0,0,0,0,0,0,0,0,0,0,PB,0,0,0,0,0,0,2016,UNK,juvenile,SAP,0,no,no,yes,2.877791293,2,0,1,0,GG,NA,NA,10
15985,0,0,0,0,0,0,0,0,0,0,0,0,0,0,0,0,0,0,0,0,0,0,PB,0,0,0,0,0,0,2016,UNK,juvenile,SEX,0,no,no,yes,1.630767846,1,1,1,0,BO,NA,NA,13
15990,0,0,0,0,0,0,0,0,0,0,0,0,0,0,0,0,0,0,0,0,0,0,PB,0,0,0,0,0,0,2016,UNK,juvenile,SEX,0,no,no,yes,1.630767846,1,1,1,0,BO,NA,NA,13
1600,0,0,0,0,0,0,0,0,0,PB,0,0,PB,0,0,0,0,0,0,0,0,0,0,0,0,0,0,0,0,2003,Male,juvenile,GDEWS,NA,no,no,no,NA,#N/A,NA,NA,0,NA,NA,NA,NA
16005,0,0,0,0,0,0,0,0,0,0,0,0,0,0,0,0,0,0,0,0,0,0,PB,0,0,0,0,0,0,2016,UNK,juvenile,SAE,1,no,no,yes,0.527979032,1,1,1,0.043945313,GG,NA,NA,3
16010,0,0,0,0,0,0,0,0,0,0,0,0,0,0,0,0,0,0,0,0,0,0,PB,0,0,0,0,0,0,2016,Female,juvenile,SAE,1,no,no,yes,0.527979032,1,1,1,0.043945313,GG,NA,NA,3
16015,0,0,0,0,0,0,0,0,0,0,0,0,0,0,0,0,0,0,0,0,0,0,PB,0,0,0,0,0,0,2016,UNK,juvenile,SLE,0,no,no,yes,2.63006785,2,0,1,0,GG,NA,NA,12
16020,0,0,0,0,0,0,0,0,0,0,0,0,0,0,0,0,0,0,0,0,0,0,PB,0,0,0,0,0,0,2016,Female,juvenile,SLE,0,no,no,yes,2.63006785,2,0,1,0,GG,NA,NA,12
16030,0,0,0,0,0,0,0,0,0,0,0,0,0,0,0,0,0,0,0,0,0,0,PB,0,0,0,0,0,0,2016,UNK,juvenile,SLS,0,no,no,yes,2.471803219,2,0,1,0,BO,NA,NA,3
1605,0,0,0,0,0,0,0,0,0,PB,PB,0,PB,0,0,0,0,0,0,0,0,0,0,0,0,0,0,0,0,2003,Female,juvenile,GDEWS,NA,no,no,no,NA,#N/A,NA,NA,0,NA,NA,NA,NA
16055,0,0,0,0,0,0,0,0,0,0,0,0,0,0,0,0,0,0,0,0,0,0,PB,0,0,0,0,0,0,2016,UNK,juvenile,SNA,0,no,no,yes,2.578196933,2,0,1,0.025390625,GG,NA,NA,4
16060,0,0,0,0,0,0,0,0,0,0,0,0,0,0,0,0,0,0,0,0,0,0,PB,0,0,0,0,0,0,2016,UNK,juvenile,SNA,0,no,no,yes,2.578196933,2,0,1,0.025390625,GG,NA,NA,4
16065,0,0,0,0,0,0,0,0,0,0,0,0,0,0,0,0,0,0,0,0,0,0,PB,0,0,0,0,0,0,2016,Female,juvenile,SOU,0,no,no,yes,4.11677727,3,0,0,0,GG,NA,NA,5
16080,0,0,0,0,0,0,0,0,0,0,0,0,0,0,0,0,0,0,0,0,0,0,PB,0,0,0,B,0,0,2016,Female,juvenile,SQU,0,no,no,yes,3.019230646,2,0,0,0.0859375,BO,NA,NA,7
16085,0,0,0,0,0,0,0,0,0,0,0,0,0,0,0,0,0,0,0,0,0,0,PB,0,0,0,0,0,0,2016,UNK,juvenile,SQU,0,no,no,yes,3.019230646,2,0,0,0.0859375,BO,NA,NA,7
16090,0,0,0,0,0,0,0,0,0,0,0,0,0,0,0,0,0,0,0,0,0,0,PB,0,0,0,PB,0,0,2016,UNK,juvenile,SQU,0,no,no,yes,3.019230646,2,0,0,0.0859375,BO,NA,NA,7
1610,0,0,0,0,0,0,0,0,0,PB,0,0,PB,0,0,0,0,0,0,0,0,0,0,0,0,0,0,0,0,2003,Male,juvenile,GDEWS,NA,no,no,no,NA,#N/A,NA,NA,0,NA,NA,NA,NA
16100,0,0,0,0,0,0,0,0,0,0,0,0,0,0,0,0,0,0,0,0,0,0,PB,0,0,0,0,0,0,2016,UNK,juvenile,STO,0,no,no,yes,1.643774648,1,1,1,0.047851563,GG,NA,NA,4
16105,0,0,0,0,0,0,0,0,0,0,0,0,0,0,0,0,0,0,0,0,0,0,PB,0,0,0,0,0,0,2016,UNK,juvenile,STO,0,no,no,yes,1.643774648,1,1,1,0.047851563,GG,NA,NA,4
16115,0,0,0,0,0,0,0,0,0,0,0,0,0,0,0,0,0,0,0,0,0,0,PB,0,0,0,0,0,0,2016,UNK,juvenile,STA,0,no,no,yes,1.73100636,1,1,1,0,GG,NA,NA,10
16125,0,0,0,0,0,0,0,0,0,0,0,0,0,0,0,0,0,0,0,0,0,0,PB,0,0,0,0,0,0,2016,UNK,juvenile,SUL,0,no,no,yes,3.267512582,2,0,0,0,BO,NA,NA,5
16130,0,0,0,0,0,0,0,0,0,0,0,0,0,0,0,0,0,0,0,0,0,0,PB,0,0,0,0,0,0,2016,Female,juvenile,SUL,0,no,no,yes,3.267512582,2,0,0,0,BO,NA,NA,5
16135,0,0,0,0,0,0,0,0,0,0,0,0,0,0,0,0,0,0,0,0,0,0,PB,0,0,0,B,0,0,2016,UNK,juvenile,SUL,0,no,no,yes,3.267512582,2,0,0,0,BO,NA,NA,5
16140,0,0,0,0,0,0,0,0,0,0,0,0,0,0,0,0,0,0,0,0,0,0,PB,0,0,0,0,0,0,2016,Male,juvenile,SUZ,1,no,no,yes,0.630731823,1,1,1,0,GG,NA,NA,9
16145,0,0,0,0,0,0,0,0,0,0,0,0,0,0,0,0,0,0,0,0,0,0,PB,0,0,0,B,0,0,2016,Male,juvenile,SUZ,1,no,no,yes,0.630731823,1,1,1,0,GG,1,NA,9
1615,0,0,0,0,0,0,0,0,0,PB,0,0,0,0,0,0,0,0,0,0,0,0,0,0,0,0,0,0,0,2003,Male,juvenile,GDEWS,NA,no,no,no,NA,#N/A,NA,NA,0,NA,NA,NA,NA
16150,0,0,0,0,0,0,0,0,0,0,0,0,0,0,0,0,0,0,0,0,0,0,PB,0,0,0,0,0,0,2016,Female,juvenile,SUZ,1,no,no,yes,0.630731823,1,1,1,0,GG,NA,NA,9
16155,0,0,0,0,0,0,0,0,0,0,0,0,0,0,0,0,0,0,0,0,0,0,PB,0,0,0,0,0,0,2016,Female,juvenile,SWI,0,no,no,yes,2.949732005,2,0,1,0,BO,NA,NA,7
16160,0,0,0,0,0,0,0,0,0,0,0,0,0,0,0,0,0,0,0,0,0,0,PB,0,0,0,0,0,0,2016,Male,juvenile,SWI,0,no,no,yes,2.949732005,2,0,1,0,BO,NA,NA,7
16165,0,0,0,0,0,0,0,0,0,0,0,0,0,0,0,0,0,0,0,0,0,0,PB,0,0,0,0,0,0,2016,UNK,juvenile,SWI,0,no,no,yes,2.949732005,2,0,1,0,BO,NA,NA,7
16190,0,0,0,0,0,0,0,0,0,0,0,0,0,0,0,0,0,0,0,0,0,0,PB,PB,0,0,0,0,0,2016,UNK,juvenile,GLO,0,no,no,yes,3.499181983,2,0,0,0.03125,BO,NA,NA,10
16195,0,0,0,0,0,0,0,0,0,0,0,0,0,0,0,0,0,0,0,0,0,0,PB,0,0,0,0,0,0,2016,UNK,juvenile,GLO,0,no,no,yes,3.499181983,2,0,0,0.03125,BO,NA,NA,10
1620,0,0,0,0,0,0,0,0,0,PB,0,0,PB,0,0,0,0,0,0,0,0,0,0,0,0,0,0,0,0,2003,Male,juvenile,GDEWS,NA,no,no,no,NA,#N/A,NA,NA,0,NA,NA,NA,NA
16205,0,0,0,0,0,0,0,0,0,0,0,0,0,0,0,0,0,0,0,0,0,0,PB,0,0,0,B,B,B,2016,Female,juvenile,TBF,0,no,no,yes,1.343648915,1,1,1,0.0625,GG,NA,NA,2
16210,0,0,0,0,0,0,0,0,0,0,0,0,0,0,0,0,0,0,0,0,0,0,PB,0,0,0,0,0,0,2016,Female,juvenile,TBF,0,no,no,yes,1.343648915,1,1,1,0.0625,GG,NA,NA,2
16215,0,0,0,0,0,0,0,0,0,0,0,0,0,0,0,0,0,0,0,0,0,0,PB,0,0,0,0,0,0,2016,UNK,juvenile,TBF,0,no,no,yes,1.343648915,1,1,1,0.0625,GG,NA,NA,2
16225,0,0,0,0,0,0,0,0,0,0,0,0,0,0,0,0,0,0,0,0,0,0,PB,0,0,0,0,0,0,2016,UNK,juvenile,TRB,1,no,no,yes,0.505021903,1,1,1,0,GG,1,NA,3
16235,0,0,0,0,0,0,0,0,0,0,0,0,0,0,0,0,0,0,0,0,0,0,PB,0,0,0,0,0,0,2016,Female,juvenile,TRE,0,no,no,yes,1.056711748,1,1,1,0.0625,GG,NA,NA,4
16240,0,0,0,0,0,0,0,0,0,0,0,0,0,0,0,0,0,0,0,0,0,0,PB,0,0,0,0,0,0,2016,UNK,juvenile,TRE,0,no,no,yes,1.056711748,1,1,1,0.0625,GG,NA,NA,4
16270,0,0,0,0,0,0,0,0,0,0,0,0,0,0,0,0,0,0,0,0,0,0,PB,0,0,0,0,0,0,2016,UNK,juvenile,TRI,0,no,no,yes,1.934448781,1,1,1,0,BO,NA,NA,4
16275,0,0,0,0,0,0,0,0,0,0,0,0,0,0,0,0,0,0,0,0,0,0,PB,0,0,0,0,PB,0,2016,Male,juvenile,TRI,0,no,no,yes,1.934448781,1,1,1,0,BO,NA,NA,4
16280,0,0,0,0,0,0,0,0,0,0,0,0,0,0,0,0,0,0,0,0,0,0,PB,0,0,0,0,0,0,2016,UNK,juvenile,TRO,1,no,no,yes,0.572387875,1,1,1,0,GG,NA,NA,16
16285,0,0,0,0,0,0,0,0,0,0,0,0,0,0,0,0,0,0,0,0,0,0,PB,0,0,0,0,0,0,2016,Female,juvenile,TRO,1,no,no,yes,0.572387875,1,1,1,0,GG,NA,NA,16
16290,0,0,0,0,0,0,0,0,0,0,0,0,0,0,0,0,0,0,0,0,0,0,PB,0,0,0,0,0,0,2016,UNK,juvenile,TRO,1,no,no,yes,0.572387875,1,1,1,0,GG,NA,NA,16
16295,0,0,0,0,0,0,0,0,0,0,0,0,0,0,0,0,0,0,0,0,0,0,PB,0,0,0,0,0,0,2016,UNK,juvenile,TUT,0,no,no,yes,0.159228595,1,1,1,0,GG,NA,NA,15
1630,0,0,0,0,0,0,0,0,0,PB,0,0,PB,0,0,0,0,0,0,0,0,0,0,0,0,0,0,0,0,2003,Female,juvenile,FTS,0,no,no,yes,0.235687862,1,1,1,0,GG,0,0,6
16300,0,0,0,0,0,0,0,0,0,0,0,0,0,0,0,0,0,0,0,0,0,0,PB,0,0,0,0,0,0,2016,UNK,juvenile,TUT,0,no,no,yes,0.159228595,1,1,1,0,GG,NA,NA,15
16320,0,0,0,0,0,0,0,0,0,0,0,0,0,0,0,0,0,0,0,0,0,0,PB,0,0,0,0,0,0,2016,Male,juvenile,VES,0,no,no,yes,3.052730754,2,0,0,0,BO,NA,NA,13
16325,0,0,0,0,0,0,0,0,0,0,0,0,0,0,0,0,0,0,0,0,0,0,PB,0,0,0,0,0,0,2016,UNK,juvenile,VES,0,no,no,yes,3.052730754,2,0,0,0,BO,NA,NA,13
16330,0,0,0,0,0,0,0,0,0,0,0,0,0,0,0,0,0,0,0,0,0,0,PB,PB,0,0,0,0,0,2016,UNK,juvenile,VES,0,no,no,yes,3.052730754,2,0,0,0,BO,NA,NA,13
1635,0,0,0,0,0,0,0,0,0,PB,0,0,PB,0,0,0,0,0,0,0,0,0,0,0,0,0,0,0,0,2003,Female,juvenile,TRO,1,no,no,no,0.042474,1,1,1,0,GG,NA,NA,3
16360,0,0,0,0,0,0,0,0,0,0,0,0,0,0,0,0,0,0,0,0,0,0,PB,0,0,0,0,0,0,2016,UNK,juvenile,WEE,0,no,no,yes,1.759037177,1,1,1,0,GG,NA,NA,16
16365,0,0,0,0,0,0,0,0,0,0,0,0,0,0,0,0,0,0,0,0,0,0,PB,0,0,0,0,0,0,2016,Male,juvenile,WEE,0,no,no,yes,1.759037177,1,1,1,0,GG,NA,NA,16
16375,0,0,0,0,0,0,0,0,0,0,0,0,0,0,0,0,0,0,0,0,0,0,PB,0,0,0,0,0,0,2016,Female,juvenile,WFR,0,no,no,yes,2.363352451,2,0,1,0.0234375,BO,1,NA,3
16380,0,0,0,0,0,0,0,0,0,0,0,0,0,0,0,0,0,0,0,0,0,0,PB,0,0,0,0,0,0,2016,UNK,juvenile,WFR,0,no,no,yes,2.363352451,2,0,1,0.0234375,BO,NA,NA,3
1640,0,0,0,0,0,0,0,0,0,PB,0,0,PB,0,0,0,0,0,0,0,0,0,0,0,0,0,0,0,0,2003,Female,juvenile,QUA,0,no,no,yes,1.068978606,1,1,1,0,GG,0,0,5
16425,0,0,0,0,0,0,0,0,0,0,0,0,0,0,0,0,0,0,0,0,0,0,PB,0,0,0,0,0,0,2016,Female,juvenile,WOO,0,no,no,yes,3.170121318,2,0,0,0.125,GG,NA,NA,11
16440,0,0,0,0,0,0,0,0,0,0,0,0,0,0,0,0,0,0,0,0,0,0,PB,0,0,0,0,0,0,2016,UNK,juvenile,WRE,0,no,no,yes,3.05182676,2,0,0,0,BO,NA,NA,NA
16445,0,0,0,0,0,0,0,0,0,0,0,0,0,0,0,0,0,0,0,0,0,0,PB,0,0,0,0,0,0,2016,UNK,juvenile,WRE,0,no,no,yes,3.05182676,2,0,0,0,BO,NA,NA,NA
1645,0,0,0,0,0,0,0,0,0,PB,0,0,PB,0,0,0,B,B,B,B,B,B,B,B,0,0,0,0,0,2003,Female,juvenile,QUA,0,no,no,no,1.068978606,1,1,1,0,GG,NA,NA,5
16455,0,0,0,0,0,0,0,0,0,0,0,0,0,0,0,0,0,0,0,0,0,0,PB,0,0,0,0,0,0,2016,Male,juvenile,UNK,NA,no,no,yes,NA,#N/A,NA,NA,NA,GG,NA,NA,NA
16475,0,0,0,0,0,0,0,0,0,0,0,0,0,0,0,0,0,0,0,0,0,0,0,PB,0,0,0,0,0,2017,UNK,juvenile,AAR,0,no,no,yes,2.144788508,2,0,1,0,BO,0,0,14
16480,0,0,0,0,0,0,0,0,0,0,0,0,0,0,0,0,0,0,0,0,0,0,0,PB,0,0,0,0,0,2017,UNK,juvenile,AAR,0,no,no,yes,2.144788508,2,0,1,0,BO,0,0,14
16490,0,0,0,0,0,0,0,0,0,0,0,0,0,0,0,0,0,0,0,0,0,0,0,PB,0,0,0,0,0,2017,UNK,juvenile,ADV,0,no,no,yes,2.264418305,2,0,1,0,GG,0,0,6
1650,0,0,0,0,0,0,0,0,0,PB,0,0,PB,0,0,0,0,0,0,0,0,0,0,0,0,0,0,0,0,2003,Male,juvenile,SUZ,1,no,no,no,0.045266475,1,1,1,0,GG,NA,NA,5
16500,0,0,0,0,0,0,0,0,0,0,0,0,0,0,0,0,0,0,0,0,0,0,0,PB,0,0,0,0,0,2017,UNK,juvenile,ALA,0,no,no,yes,0.856844925,1,1,1,0.25,BO,1,1,5
16525,0,0,0,0,0,0,0,0,0,0,0,0,0,0,0,0,0,0,0,0,0,0,0,PB,0,0,0,0,0,2017,UNK,juvenile,AQU,0,no,no,yes,0.301142973,1,1,1,0,GG,0,0,6
16530,0,0,0,0,0,0,0,0,0,0,0,0,0,0,0,0,0,0,0,0,0,0,0,PB,0,0,0,0,0,2017,UNK,juvenile,AQU,0,no,no,yes,0.301142973,1,1,1,0,GG,0,0,6
16540,0,0,0,0,0,0,0,0,0,0,0,0,0,0,0,0,0,0,0,0,0,0,0,PB,0,0,0,0,0,2017,Male,juvenile,ASH,1,no,no,yes,0.755993295,1,1,1,0,GG,0,0,15
1655,0,0,0,0,0,0,0,0,0,PB,PB,0,0,0,0,0,0,0,0,0,0,0,0,0,0,0,0,0,0,2003,Female,juvenile,NOW,0,no,no,no,2.298311335,2,0,1,NA,BO,NA,NA,NA
16565,0,0,0,0,0,0,0,0,0,0,0,0,0,0,0,0,0,0,0,0,0,0,0,PB,0,0,0,0,0,2017,UNK,juvenile,BDK,0,no,no,yes,1.060955027,1,1,1,0.0234375,GG,0,0,5
16570,0,0,0,0,0,0,0,0,0,0,0,0,0,0,0,0,0,0,0,0,0,0,0,PB,0,PB,0,0,0,2017,Female,juvenile,BDK,0,no,no,yes,1.060955027,1,1,1,0.0234375,GG,0,0,5
16575,0,0,0,0,0,0,0,0,0,0,0,0,0,0,0,0,0,0,0,0,0,0,0,PB,0,0,0,0,0,2017,UNK,juvenile,BDK,0,no,no,yes,1.060955027,1,1,1,0.0234375,GG,0,0,5
16595,0,0,0,0,0,0,0,0,0,0,0,0,0,0,0,0,0,0,0,0,0,0,0,PB,0,PB,PB,0,0,2017,Female,juvenile,BER,0,no,no,yes,1.371228001,1,1,1,0.125,GG,0,0,14
1660,0,0,0,0,0,0,0,0,0,PB,PB,PB,PB,0,B,0,0,0,0,0,0,0,0,0,0,0,0,0,0,2003,Male,juvenile,SUZ,1,no,no,no,0.045266475,1,1,1,0,GG,NA,NA,5
16600,0,0,0,0,0,0,0,0,0,0,0,0,0,0,0,0,0,0,0,0,0,0,0,PB,0,0,0,0,0,2017,UNK,juvenile,BER,0,no,no,yes,1.371228001,1,1,1,0.125,GG,1,0,14
16605,0,0,0,0,0,0,0,0,0,0,0,0,0,0,0,0,0,0,0,0,0,0,0,PB,0,0,0,0,0,2017,UNK,juvenile,BER,0,no,no,yes,1.371228001,1,1,1,0.125,GG,0,0,14
16615,0,0,0,0,0,0,0,0,0,0,0,0,0,0,0,0,0,0,0,0,0,0,0,PB,0,0,B,0,0,2017,UNK,juvenile,BHP,0,no,no,yes,3.755955783,3,0,0,0.03125,BO,0,0,4
16620,0,0,0,0,0,0,0,0,0,0,0,0,0,0,0,0,0,0,0,0,0,0,0,PB,0,0,0,0,0,2017,UNK,juvenile,BHP,0,no,no,yes,3.755955783,3,0,0,0.03125,BO,NA,NA,4
16625,0,0,0,0,0,0,0,0,0,0,0,0,0,0,0,0,0,0,0,0,0,0,0,PB,0,0,0,0,0,2017,UNK,juvenile,BLR,0,no,no,yes,0.326113279,1,1,1,0.25,GG,0,0,9
16640,0,0,0,0,0,0,0,0,0,0,0,0,0,0,0,0,0,0,0,0,0,0,0,PB,0,0,0,0,0,2017,UNK,juvenile,BTW,0,no,no,yes,3.160310745,2,0,0,0,GG,1,1,NA
1665,0,0,0,0,0,0,0,0,0,PB,0,0,0,0,0,0,0,0,0,0,0,0,0,0,0,0,0,0,0,2003,Male,juvenile,WHA,0,no,no,yes,0.012678474,1,1,1,0,GG,NA,NA,5
16655,0,0,0,0,0,0,0,0,0,0,0,0,0,0,0,0,0,0,0,0,0,0,0,PB,PB,0,0,PB,0,2017,Female,juvenile,BIK,0,no,no,yes,0.974032195,1,1,1,0.00390625,GG,0,0,4
16670,0,0,0,0,0,0,0,0,0,0,0,0,0,0,0,0,0,0,0,0,0,0,0,PB,0,B,B,0,0,2017,Female,juvenile,BIN,0,no,no,yes,2.27812993,2,0,1,0,GG,0,0,5
16675,0,0,0,0,0,0,0,0,0,0,0,0,0,0,0,0,0,0,0,0,0,0,0,PB,0,0,0,0,0,2017,UNK,juvenile,BIN,0,no,no,yes,2.27812993,2,0,1,0,GG,1,0,5
16685,0,0,0,0,0,0,0,0,0,0,0,0,0,0,0,0,0,0,0,0,0,0,0,PB,0,0,0,0,0,2017,UNK,juvenile,BLA,0,no,no,yes,3.311901542,2,0,0,0.03125,GG,0,0,9
16690,0,0,0,0,0,0,0,0,0,0,0,0,0,0,0,0,0,0,0,0,0,0,0,PB,0,0,0,0,0,2017,Female,juvenile,BLA,0,no,no,yes,3.311901542,2,0,0,0.03125,GG,1,1,9
16695,0,0,0,0,0,0,0,0,0,0,0,0,0,0,0,0,0,0,0,0,0,0,0,PB,0,0,0,0,0,2017,Female,juvenile,BLA,0,no,no,yes,3.311901542,2,0,0,0.03125,GG,1,0,9
1670,0,0,0,0,0,0,0,0,0,PB,0,0,PB,0,0,0,0,0,0,0,0,0,0,0,0,0,0,0,0,2003,Female,juvenile,NOW,0,no,no,no,2.298311335,2,0,1,NA,BO,NA,NA,NA
16705,0,0,0,0,0,0,0,0,0,0,0,0,0,0,0,0,0,0,0,0,0,0,0,PB,0,0,0,0,0,2017,UNK,juvenile,BOB,0,no,no,yes,1.982154844,1,1,1,NA,BO,0,0,NA
16735,0,0,0,0,0,0,0,0,0,0,0,0,0,0,0,0,0,0,0,0,0,0,0,PB,0,0,0,0,0,2017,UNK,juvenile,BOU,0,no,no,yes,1.371734988,1,1,1,0.028320313,BO,NA,NA,4
16740,0,0,0,0,0,0,0,0,0,0,0,0,0,0,0,0,0,0,0,0,0,0,0,PB,0,0,0,0,0,2017,UNK,juvenile,BBA,0,no,no,yes,2.384051007,2,0,1,0,BO,NA,NA,8
16745,0,0,0,0,0,0,0,0,0,0,0,0,0,0,0,0,0,0,0,0,0,0,0,PB,0,0,0,0,0,2017,UNK,juvenile,BBA,0,no,no,yes,2.384051007,2,0,1,0,BO,NA,NA,8
16750,0,0,0,0,0,0,0,0,0,0,0,0,0,0,0,0,0,0,0,0,0,0,0,PB,0,0,PB,0,0,2017,UNK,juvenile,BNW,0,no,no,yes,1.765904901,1,1,1,0.015625,GG,0,0,7
16790,0,0,0,0,0,0,0,0,0,0,0,0,0,0,0,0,0,0,0,0,0,0,0,PB,PB,0,0,0,0,2017,UNK,juvenile,BRE,0,no,no,yes,1.36184276,1,1,1,0.01953125,BO,0,0,5
16795,0,0,0,0,0,0,0,0,0,0,0,0,0,0,0,0,0,0,0,0,0,0,0,PB,0,0,0,0,0,2017,UNK,juvenile,BRE,0,no,no,yes,1.36184276,1,1,1,0.01953125,BO,0,0,5
16800,0,0,0,0,0,0,0,0,0,0,0,0,0,0,0,0,0,0,0,0,0,0,0,PB,0,0,0,0,0,2017,UNK,juvenile,BRE,0,no,no,yes,1.36184276,1,1,1,0.01953125,BO,0,0,5
16835,0,0,0,0,0,0,0,0,0,0,0,0,0,0,0,0,0,0,0,0,0,0,0,PB,0,0,0,0,0,2017,UNK,juvenile,CAR,0,no,no,yes,0.973584718,1,1,1,0,GG,1,1,9
16840,0,0,0,0,0,0,0,0,0,0,0,0,0,0,0,0,0,0,0,0,0,0,0,PB,0,0,0,0,0,2017,UNK,juvenile,CAR,0,no,no,yes,0.973584718,1,1,1,0,GG,0,0,9
16845,0,0,0,0,0,0,0,0,0,0,0,0,0,0,0,0,0,0,0,0,0,0,0,PB,0,0,0,0,0,2017,UNK,juvenile,CAR,0,no,no,yes,0.973584718,1,1,1,0,GG,0,0,9
1685,0,0,0,0,0,0,0,0,0,PB,0,0,PB,0,0,0,0,0,0,0,0,0,0,0,0,0,0,0,0,2003,Female,juvenile,EST,0,no,no,no,0.406108964,1,1,1,0,GG,0,0,7
16850,0,0,0,0,0,0,0,0,0,0,0,0,0,0,0,0,0,0,0,0,0,0,0,PB,0,0,0,B,B,2017,UNK,juvenile,CER,0,no,no,yes,3.617334389,2,0,0,0,BO,NA,NA,5
16865,0,0,0,0,0,0,0,0,0,0,0,0,0,0,0,0,0,0,0,0,0,0,0,PB,0,0,0,PB,0,2017,Male,juvenile,CHA,0,no,no,yes,1.653951611,1,1,1,0.01171875,GG,0,0,8
16880,0,0,0,0,0,0,0,0,0,0,0,0,0,0,0,0,0,0,0,0,0,0,0,PB,0,0,0,0,0,2017,UNK,juvenile,CHI,1,no,no,yes,1.017734063,1,1,1,NA,BO,0,0,NA
16890,0,0,0,0,0,0,0,0,0,0,0,0,0,0,0,0,0,0,0,0,0,0,0,PB,0,0,0,0,0,2017,UNK,juvenile,CHI,1,no,no,yes,1.017734063,1,1,1,NA,BO,0,0,NA
1690,0,0,0,0,0,0,0,0,0,PB,PB,0,PB,0,0,0,0,0,0,0,0,0,0,0,0,0,0,0,0,2003,Female,juvenile,BNW,0,no,no,yes,0.879565998,1,1,1,0,GG,NA,NA,4
16905,0,0,0,0,0,0,0,0,0,0,0,0,0,0,0,0,0,0,0,0,0,0,0,PB,0,0,0,0,0,2017,UNK,juvenile,CRA,0,no,no,yes,2.466652839,2,0,1,0.01953125,BO,0,0,2
16910,0,0,0,0,0,0,0,0,0,0,0,0,0,0,0,0,0,0,0,0,0,0,0,PB,0,0,B,0,0,2017,Male,juvenile,CPK,0,no,no,yes,0.274039381,1,1,1,0.049804688,GG,0,0,4
16925,0,0,0,0,0,0,0,0,0,0,0,0,0,0,0,0,0,0,0,0,0,0,0,PB,0,0,0,0,0,2017,UNK,juvenile,CRI,0,no,no,yes,1.791658257,1,1,1,0.3125,GG,0,0,5
16930,0,0,0,0,0,0,0,0,0,0,0,0,0,0,0,0,0,0,0,0,0,0,0,PB,PB,0,0,0,0,2017,UNK,juvenile,CRI,0,no,no,yes,1.791658257,1,1,1,0.3125,GG,0,0,5
16935,0,0,0,0,0,0,0,0,0,0,0,0,0,0,0,0,0,0,0,0,0,0,0,PB,0,0,0,0,0,2017,UNK,juvenile,CRI,0,no,no,yes,1.791658257,1,1,1,0.3125,GG,0,0,5
1695,0,0,0,0,0,0,0,0,0,PB,PB,0,0,0,0,0,0,0,0,0,0,0,0,0,0,0,0,0,0,2003,Male,juvenile,UEA,0,no,no,no,2.859669641,2,0,1,0,GG,NA,NA,6
16955,0,0,0,0,0,0,0,0,0,0,0,0,0,0,0,0,0,0,0,0,0,0,0,PB,0,0,0,0,0,2017,UNK,juvenile,DEV,0,no,no,yes,3.450820625,2,0,0,NA,BO,0,0,NA
16960,0,0,0,0,0,0,0,0,0,0,0,0,0,0,0,0,0,0,0,0,0,0,0,PB,0,0,0,0,0,2017,UNK,juvenile,DEV,0,no,no,yes,3.450820625,2,0,0,NA,BO,0,0,NA
16965,0,0,0,0,0,0,0,0,0,0,0,0,0,0,0,0,0,0,0,0,0,0,0,PB,PB,0,0,0,0,2017,Female,juvenile,DTO,0,no,no,yes,1.419705696,1,1,1,0.0625,BO,0,0,5
16980,0,0,0,0,0,0,0,0,0,0,0,0,0,0,0,0,0,0,0,0,0,0,0,PB,PB,PB,0,0,0,2017,Female,juvenile,DRV,0,no,no,yes,2.436138669,2,0,1,0.0625,GG,0,0,8
16985,0,0,0,0,0,0,0,0,0,0,0,0,0,0,0,0,0,0,0,0,0,0,0,PB,0,PB,0,0,0,2017,Female,juvenile,DRV,0,no,no,yes,2.436138669,2,0,1,0.0625,GG,0,0,8
16990,0,0,0,0,0,0,0,0,0,0,0,0,0,0,0,0,0,0,0,0,0,0,0,PB,0,0,0,0,0,2017,Female,juvenile,DRV,0,no,no,yes,2.436138669,2,0,1,0.0625,GG,0,0,8
16995,0,0,0,0,0,0,0,0,0,0,0,0,0,0,0,0,0,0,0,0,0,0,0,PB,0,0,0,0,0,2017,UNK,juvenile,DRV,0,no,no,yes,2.436138669,2,0,1,0.0625,GG,0,0,8
17015,0,0,0,0,0,0,0,0,0,0,0,0,0,0,0,0,0,0,0,0,0,0,0,PB,0,0,0,0,0,2017,UNK,juvenile,FAT,0,no,no,yes,2.018575634,2,0,1,0.0625,GG,0,0,10
17025,0,0,0,0,0,0,0,0,0,0,0,0,0,0,0,0,0,0,0,0,0,0,0,PB,0,0,0,0,0,2017,UNK,juvenile,FIX,1,no,no,yes,0.197440576,1,1,1,0.046875,BO,0,0,5
17030,0,0,0,0,0,0,0,0,0,0,0,0,0,0,0,0,0,0,0,0,0,0,0,PB,0,0,0,0,0,2017,UNK,juvenile,FIX,1,no,no,yes,0.197440576,1,1,1,0.046875,BO,0,0,5
17040,0,0,0,0,0,0,0,0,0,0,0,0,0,0,0,0,0,0,0,0,0,0,0,PB,0,0,0,PB,0,2017,UNK,juvenile,FMG,1,no,no,yes,0.454443648,1,1,1,0.0390625,GG,1,0,10
17045,0,0,0,0,0,0,0,0,0,0,0,0,0,0,0,0,0,0,0,0,0,0,0,PB,0,0,0,0,0,2017,UNK,juvenile,FMG,1,no,no,yes,0.454443648,1,1,1,0.0390625,GG,0,0,10
1705,0,0,0,0,0,0,0,0,0,PB,0,0,PB,0,0,0,0,0,0,0,0,0,0,0,0,0,0,0,0,2003,Female,juvenile,WOO,0,no,no,no,2.220009418,2,0,1,0.125,GG,1,1,NA
17060,0,0,0,0,0,0,0,0,0,0,0,0,0,0,0,0,0,0,0,0,0,0,0,PB,0,0,0,0,0,2017,Female,juvenile,GAL,0,no,no,yes,0.254924523,1,1,1,0,GG,0,0,14
17095,0,0,0,0,0,0,0,0,0,0,0,0,0,0,0,0,0,0,0,0,0,0,0,PB,0,0,0,0,0,2017,UNK,juvenile,GME,1,no,no,yes,1.23323277,1,1,1,0.03125,GG,0,0,11
1710,0,0,0,0,0,0,0,0,0,0,PB,0,PB,B,B,B,B,B,B,B,B,B,B,B,B,B,B,B,B,2004,Female,juvenile,GDEWS,NA,no,no,no,NA,#N/A,NA,NA,0,NA,0,0,NA
17105,0,0,0,0,0,0,0,0,0,0,0,0,0,0,0,0,0,0,0,0,0,0,0,PB,0,0,0,0,0,2017,Male,juvenile,GME,1,no,no,yes,1.23323277,1,1,1,0.03125,GG,NA,NA,11
17110,0,0,0,0,0,0,0,0,0,0,0,0,0,0,0,0,0,0,0,0,0,0,0,PB,0,0,0,0,0,2017,UNK,juvenile,GON,0,no,no,yes,2.615733511,2,0,1,0,BO,0,0,10
17115,0,0,0,0,0,0,0,0,0,0,0,0,0,0,0,0,0,0,0,0,0,0,0,PB,0,0,0,0,0,2017,UNK,juvenile,GON,0,no,no,yes,2.615733511,2,0,1,0,BO,0,0,10
17140,0,0,0,0,0,0,0,0,0,0,0,0,0,0,0,0,0,0,0,0,0,0,0,PB,0,0,0,0,0,2017,UNK,juvenile,GYP,0,no,no,yes,1.33243986,1,1,1,0,GG,0,0,16
17145,0,0,0,0,0,0,0,0,0,0,0,0,0,0,0,0,0,0,0,0,0,0,0,PB,0,0,0,0,0,2017,UNK,juvenile,GYP,0,no,no,yes,1.33243986,1,1,1,0,GG,0,0,16
1715,0,0,0,0,0,0,0,0,0,0,PB,0,0,0,0,0,0,0,0,0,0,0,0,0,0,0,0,0,0,2004,UNK,juvenile,GDEWS,NA,no,no,no,NA,#N/A,NA,NA,0,NA,1,1,NA
17150,0,0,0,0,0,0,0,0,0,0,0,0,0,0,0,0,0,0,0,0,0,0,0,PB,0,0,0,0,0,2017,UNK,juvenile,HTC,0,no,no,yes,0.283694145,1,1,1,0.068359375,GG,1,1,7
17190,0,0,0,0,0,0,0,0,0,0,0,0,0,0,0,0,0,0,0,0,0,0,0,PB,0,0,0,0,0,2017,Female,juvenile,HEB,1,no,no,yes,1.305896033,1,1,1,0.032226563,GG,0,0,4
17195,0,0,0,0,0,0,0,0,0,0,0,0,0,0,0,0,0,0,0,0,0,0,0,PB,0,0,0,0,0,2017,UNK,juvenile,HEB,1,no,no,yes,1.305896033,1,1,1,0.032226563,GG,1,1,4
1720,0,0,0,0,0,0,0,0,0,0,PB,0,0,0,0,0,0,0,0,0,0,0,0,0,0,0,0,0,0,2004,UNK,juvenile,GDEWS,NA,no,no,no,NA,#N/A,NA,NA,0,NA,NA,NA,NA
17210,0,0,0,0,0,0,0,0,0,0,0,0,0,0,0,0,0,0,0,0,0,0,0,PB,0,0,0,0,0,2017,UNK,juvenile,HEN,0,no,no,yes,1.2102378,1,1,1,0.015625,GG,NA,NA,12
17245,0,0,0,0,0,0,0,0,0,0,0,0,0,0,0,0,0,0,0,0,0,0,0,PB,0,0,0,0,0,2017,Female,juvenile,HZN,0,no,no,yes,1.148436543,1,1,1,0.015625,GG,1,0,11
1725,0,0,0,0,0,0,0,0,0,0,PB,0,PB,0,0,0,0,0,0,0,0,0,0,0,0,0,0,0,0,2004,UNK,juvenile,BER,0,no,no,yes,0.118585884,1,1,1,0.25,GG,NA,NA,5
17250,0,0,0,0,0,0,0,0,0,0,0,0,0,0,0,0,0,0,0,0,0,0,0,PB,0,0,0,0,0,2017,UNK,juvenile,IPR,0,no,no,yes,2.09231506,2,0,1,0,GG,0,0,12
17255,0,0,0,0,0,0,0,0,0,0,0,0,0,0,0,0,0,0,0,0,0,0,0,PB,0,0,0,0,0,2017,UNK,juvenile,IPR,0,no,no,yes,2.09231506,2,0,1,0,GG,0,0,12
17290,0,0,0,0,0,0,0,0,0,0,0,0,0,0,0,0,0,0,0,0,0,0,0,PB,0,0,0,0,0,2017,UNK,juvenile,JAS,0,no,no,yes,0.09697577,1,1,1,0,GG,0,0,14
17300,0,0,0,0,0,0,0,0,0,0,0,0,0,0,0,0,0,0,0,0,0,0,0,PB,0,0,0,0,0,2017,UNK,juvenile,JUN,0,no,no,yes,1.606571009,1,1,1,0,BO,1,1,5
17305,0,0,0,0,0,0,0,0,0,0,0,0,0,0,0,0,0,0,0,0,0,0,0,PB,0,0,0,0,0,2017,Female,juvenile,JUR,0,no,no,yes,0.99058611,1,1,1,0.03125,GG,0,0,6
17310,0,0,0,0,0,0,0,0,0,0,0,0,0,0,0,0,0,0,0,0,0,0,0,PB,0,B,B,0,0,2017,Female,juvenile,JUR,0,no,no,yes,0.99058611,1,1,1,0.03125,GG,1,NA,6
17315,0,0,0,0,0,0,0,0,0,0,0,0,0,0,0,0,0,0,0,0,0,0,0,PB,0,0,0,0,0,2017,UNK,juvenile,JUR,0,no,no,yes,0.99058611,1,1,1,0.03125,GG,0,0,6
17325,0,0,0,0,0,0,0,0,0,0,0,0,0,0,0,0,0,0,0,0,0,0,0,PB,0,0,0,0,0,2017,UNK,juvenile,KAN,1,no,no,yes,0.521944941,1,1,1,0.015625,GG,0,0,13
17330,0,0,0,0,0,0,0,0,0,0,0,0,0,0,0,0,0,0,0,0,0,0,0,PB,0,0,0,0,0,2017,UNK,juvenile,KAN,1,no,no,yes,0.521944941,1,1,1,0.015625,GG,0,0,13
17335,0,0,0,0,0,0,0,0,0,0,0,0,0,0,0,0,0,0,0,0,0,0,0,PB,0,0,0,0,0,2017,UNK,juvenile,KAN,1,no,no,yes,0.521944941,1,1,1,0.015625,GG,0,0,13
17345,0,0,0,0,0,0,0,0,0,0,0,0,0,0,0,0,0,0,0,0,0,0,0,PB,0,0,0,0,0,2017,UNK,juvenile,KRE,1,no,no,yes,0.757913181,1,1,1,0.09375,GG,0,0,7
1735,0,0,0,0,0,0,0,0,0,0,PB,0,0,0,0,0,0,0,0,0,0,0,0,0,0,0,0,0,0,2004,UNK,juvenile,BER,0,no,no,no,0.118585884,1,1,1,0.25,GG,0,0,5
1740,0,0,0,0,0,0,0,0,0,0,PB,0,0,0,0,0,0,0,0,0,0,0,0,0,0,0,0,0,0,2004,UNK,juvenile,GDEWS,NA,no,no,no,NA,#N/A,NA,NA,0,NA,1,1,NA
1745,0,0,0,0,0,0,0,0,0,0,0,0,PB,0,0,0,0,0,0,PB,0,0,0,0,0,0,0,0,0,2006,UNK,juvenile,UEA,0,no,no,yes,2.859669641,2,0,1,0,GG,0,0,9
17450,0,0,0,0,0,0,0,0,0,0,0,0,0,0,0,0,0,0,0,0,0,0,0,PB,0,0,0,0,0,2017,UNK,juvenile,MAR,0,no,no,yes,0.790406159,1,1,1,0,GG,1,0,5
17465,0,0,0,0,0,0,0,0,0,0,0,0,0,0,0,0,0,0,0,0,0,0,0,PB,0,0,0,0,0,2017,UNK,juvenile,MDI,0,no,no,yes,2.337083723,2,0,1,0,GG,0,0,14
17470,0,0,0,0,0,0,0,0,0,0,0,0,0,0,0,0,0,0,0,0,0,0,0,PB,0,0,0,0,0,2017,UNK,juvenile,MDI,0,no,no,yes,2.337083723,2,0,1,0,GG,0,0,14
17480,0,0,0,0,0,0,0,0,0,0,0,0,0,0,0,0,0,0,0,0,0,0,0,PB,0,0,0,0,0,2017,UNK,juvenile,MAZ,0,no,no,yes,1.601767812,1,1,1,0,GG,0,0,8
17485,0,0,0,0,0,0,0,0,0,0,0,0,0,0,0,0,0,0,0,0,0,0,0,PB,0,0,0,0,0,2017,UNK,juvenile,MAZ,0,no,no,yes,1.601767812,1,1,1,0,GG,0,0,8
17490,0,0,0,0,0,0,0,0,0,0,0,0,0,0,0,0,0,0,0,0,0,0,0,PB,0,PB,0,0,0,2017,UNK,juvenile,MAZ,0,no,no,yes,1.601767812,1,1,1,0,GG,1,0,8
17495,0,0,0,0,0,0,0,0,0,0,0,0,0,0,0,0,0,0,0,0,0,0,0,PB,0,0,0,0,0,2017,UNK,juvenile,MEG,0,no,no,yes,2.410838132,2,0,1,0,BO,0,0,11
17515,0,0,0,0,0,0,0,0,0,0,0,0,0,0,0,0,0,0,0,0,0,0,0,PB,0,0,0,0,0,2017,Male,juvenile,MNT,1,no,no,yes,0.632854925,1,1,1,0,GG,0,0,5
17520,0,0,0,0,0,0,0,0,0,0,0,0,0,0,0,0,0,0,0,0,0,0,0,PB,0,0,0,0,0,2017,UNK,juvenile,MNT,1,no,no,yes,0.632854925,1,1,1,0,GG,1,0,5
17530,0,0,0,0,0,0,0,0,0,0,0,0,0,0,0,0,0,0,0,0,0,0,0,PB,0,0,0,0,0,2017,UNK,juvenile,MIR,0,no,no,yes,3.461566333,2,0,0,0,BO,0,0,10
17535,0,0,0,0,0,0,0,0,0,0,0,0,0,0,0,0,0,0,0,0,0,0,0,PB,0,0,0,0,0,2017,UNK,juvenile,MIR,0,no,no,yes,3.461566333,2,0,0,0,BO,0,0,10
17540,0,0,0,0,0,0,0,0,0,0,0,0,0,0,0,0,0,0,0,0,0,0,0,PB,0,0,0,0,0,2017,UNK,juvenile,MOL,0,no,no,yes,1.841449966,1,1,1,0,BO,0,0,14
17545,0,0,0,0,0,0,0,0,0,0,0,0,0,0,0,0,0,0,0,0,0,0,0,PB,0,0,B,0,0,2017,UNK,juvenile,MOL,0,no,no,yes,1.841449966,1,1,1,0,BO,0,0,14
17570,0,0,0,0,0,0,0,0,0,0,0,0,0,0,0,0,0,0,0,0,0,0,0,PB,0,0,0,0,0,2017,Female,juvenile,MGL,0,no,no,yes,1.445809405,1,1,1,0,BO,0,0,4
17580,0,0,0,0,0,0,0,0,0,0,0,0,0,0,0,0,0,0,0,0,0,0,0,PB,0,0,0,0,0,2017,UNK,juvenile,MCW,1,no,no,yes,0.838340055,1,1,1,0.0625,GG,1,1,6
17655,0,0,0,0,0,0,0,0,0,0,0,0,0,0,0,0,0,0,0,0,0,0,0,PB,0,0,0,0,0,2017,Female,juvenile,NAZ,0,no,no,yes,0.537764735,1,1,1,0,GG,0,0,9
17670,0,0,0,0,0,0,0,0,0,0,0,0,0,0,0,0,0,0,0,0,0,0,0,PB,0,0,0,0,0,2017,Male,juvenile,NIA,0,no,no,yes,2.320350474,2,0,1,NA,GG,0,0,NA
17685,0,0,0,0,0,0,0,0,0,0,0,0,0,0,0,0,0,0,0,0,0,0,0,PB,0,0,PB,B,B,2017,Male,juvenile,NID,0,no,no,yes,0.169170504,1,1,1,0,GG,1,0,4
17700,0,0,0,0,0,0,0,0,0,0,0,0,0,0,0,0,0,0,0,0,0,0,0,PB,0,0,0,0,0,2017,UNK,juvenile,NOW,0,no,no,yes,2.298311335,2,0,1,0,BO,0,0,NA
17730,0,0,0,0,0,0,0,0,0,0,0,0,0,0,0,0,0,0,0,0,0,0,0,PB,0,0,0,0,0,2017,UNK,juvenile,OLY,1,no,no,yes,0.525180152,1,1,1,0.25,GG,1,1,8
17735,0,0,0,0,0,0,0,0,0,0,0,0,0,0,0,0,0,0,0,0,0,0,0,PB,0,0,0,0,0,2017,UNK,juvenile,OLY,1,no,no,yes,0.525180152,1,1,1,0.25,GG,0,0,8
17740,0,0,0,0,0,0,0,0,0,0,0,0,0,0,0,0,0,0,0,0,0,0,0,PB,0,0,0,0,0,2017,UNK,juvenile,OLY,1,no,no,yes,0.525180152,1,1,1,0.25,GG,0,0,8
17750,0,0,0,0,0,0,0,0,0,0,0,0,0,0,0,0,0,0,0,0,0,0,0,PB,0,0,0,0,0,2017,UNK,juvenile,OPT,0,no,no,yes,3.506399929,2,0,0,0,BO,0,0,3
17760,0,0,0,0,0,0,0,0,0,0,0,0,0,0,0,0,0,0,0,0,0,0,0,PB,PB,0,0,0,0,2017,UNK,juvenile,OVA,0,no,no,yes,3.613778632,2,0,0,0,BO,0,0,7
17765,0,0,0,0,0,0,0,0,0,0,0,0,0,0,0,0,0,0,0,0,0,0,0,PB,0,0,0,0,0,2017,UNK,juvenile,OVA,0,no,no,yes,3.613778632,2,0,0,0,BO,0,0,7
17775,0,0,0,0,0,0,0,0,0,0,0,0,0,0,0,0,0,0,0,0,0,0,0,PB,0,0,0,B,0,2017,UNK,juvenile,PAL,0,no,no,yes,3.605961278,2,0,0,0.072265625,BO,0,0,2
17780,0,0,0,0,0,0,0,0,0,0,0,0,0,0,0,0,0,0,0,0,0,0,0,PB,0,0,0,0,0,2017,UNK,juvenile,PAL,0,no,no,yes,3.605961278,2,0,0,0.072265625,BO,0,0,2
17785,0,0,0,0,0,0,0,0,0,0,0,0,0,0,0,0,0,0,0,0,0,0,0,PB,0,0,0,0,0,2017,UNK,juvenile,PMF,0,no,no,yes,1.038091464,1,1,1,0,BO,0,0,8
1780,0,0,0,0,0,0,0,0,0,0,0,PB,PB,PB,PB,B,B,B,B,B,0,0,0,0,0,0,PO,0,0,2005,Male,juvenile,KRA,0,no,no,yes,3.0714792,2,0,0,0,BO,0,0,2
17800,0,0,0,0,0,0,0,0,0,0,0,0,0,0,0,0,0,0,0,0,0,0,0,PB,0,0,0,0,0,2017,UNK,juvenile,PAR,0,no,no,yes,2.011722582,2,0,1,0,BO,1,0,11
17805,0,0,0,0,0,0,0,0,0,0,0,0,0,0,0,0,0,0,0,0,0,0,0,PB,0,0,0,0,0,2017,Female,juvenile,PAR,0,no,no,yes,2.011722582,2,0,1,0,BO,0,0,11
17810,0,0,0,0,0,0,0,0,0,0,0,0,0,0,0,0,0,0,0,0,0,0,0,PB,0,0,0,0,0,2017,UNK,juvenile,PAR,0,no,no,yes,2.011722582,2,0,1,0,BO,0,0,11
17815,0,0,0,0,0,0,0,0,0,0,0,0,0,0,0,0,0,0,0,0,0,0,0,PB,0,0,0,0,0,2017,UNK,juvenile,PAT,0,no,no,yes,2.254204238,2,0,1,0.001953125,BO,0,0,7
17820,0,0,0,0,0,0,0,0,0,0,0,0,0,0,0,0,0,0,0,0,0,0,0,PB,0,0,0,0,0,2017,Female,juvenile,PAT,0,no,no,yes,2.254204238,2,0,1,0.001953125,BO,0,0,7
17830,0,0,0,0,0,0,0,0,0,0,0,0,0,0,0,0,0,0,0,0,0,0,0,PB,0,0,0,0,0,2017,UNK,juvenile,PHO,0,no,no,yes,2.178024733,2,0,1,0.03125,GG,1,1,6
1785,0,0,0,0,0,0,0,0,0,0,PB,0,0,0,0,0,0,0,0,0,0,0,0,0,0,0,0,0,0,2004,UNK,juvenile,LON,0,no,no,no,0.041881187,1,1,1,0,GG,1,1,4
17855,0,0,0,0,0,0,0,0,0,0,0,0,0,0,0,0,0,0,0,0,0,0,0,PB,0,0,0,0,0,2017,UNK,juvenile,PTE,0,no,no,yes,1.610981715,1,1,1,0.04296875,GG,0,0,6
17860,0,0,0,0,0,0,0,0,0,0,0,0,0,0,0,0,0,0,0,0,0,0,0,PB,0,0,0,0,0,2017,UNK,juvenile,PTE,0,no,no,yes,1.610981715,1,1,1,0.04296875,GG,0,0,6
17870,0,0,0,0,0,0,0,0,0,0,0,0,0,0,0,0,0,0,0,0,0,0,0,PB,0,PB,B,0,0,2017,Female,juvenile,QUI,0,no,no,yes,1.992282378,1,1,1,0,GG,NA,NA,16
17890,0,0,0,0,0,0,0,0,0,0,0,0,0,0,0,0,0,0,0,0,0,0,0,PB,0,0,0,0,0,2017,UNK,juvenile,RPO,0,no,no,yes,0.49589173,1,1,1,0.14453125,GG,1,0,6
17895,0,0,0,0,0,0,0,0,0,0,0,0,0,0,0,0,0,0,0,0,0,0,0,PB,0,0,0,0,0,2017,UNK,juvenile,RPO,0,no,no,yes,0.49589173,1,1,1,0.14453125,GG,0,0,6
1790,0,0,0,0,0,0,0,0,0,0,PB,0,0,0,0,0,0,0,0,0,0,0,0,0,0,0,0,0,0,2004,UNK,juvenile,SUZ,1,no,no,no,0.045266475,1,1,1,0,GG,0,0,6
17900,0,0,0,0,0,0,0,0,0,0,0,0,0,0,0,0,0,0,0,0,0,0,0,PB,0,0,0,0,0,2017,UNK,juvenile,RBN,0,no,no,yes,1.71341547,1,1,1,0,GG,0,0,NA
17910,0,0,0,0,0,0,0,0,0,0,0,0,0,0,0,0,0,0,0,0,0,0,0,PB,0,PB,0,0,0,2017,Female,juvenile,RBN,0,no,no,yes,1.71341547,1,1,1,0,GG,0,0,NA
17920,0,0,0,0,0,0,0,0,0,0,0,0,0,0,0,0,0,0,0,0,0,0,0,PB,0,0,0,0,0,2017,UNK,juvenile,RED,1,no,no,yes,0.859766583,1,1,1,0.015625,GG,0,0,13
17930,0,0,0,0,0,0,0,0,0,0,0,0,0,0,0,0,0,0,0,0,0,0,0,PB,0,0,0,0,0,2017,UNK,juvenile,RID,0,no,no,yes,2.61557913,2,0,1,NA,BO,0,0,NA
17940,0,0,0,0,0,0,0,0,0,0,0,0,0,0,0,0,0,0,0,0,0,0,0,PB,0,0,0,0,0,2017,UNK,juvenile,RID,0,no,no,yes,2.61557913,2,0,1,NA,BO,0,0,NA
17945,0,0,0,0,0,0,0,0,0,0,0,0,0,0,0,0,0,0,0,0,0,0,0,PB,0,0,0,0,0,2017,UNK,juvenile,ROB,0,no,no,yes,2.134966837,2,0,1,0.0625,BO,0,0,NA
1795,0,0,0,0,0,0,0,0,0,0,0,0,PB,PB,PB,PB,B,0,PO,0,0,0,0,0,0,0,0,0,0,2006,Male,juvenile,KEL,0,no,no,yes,3.461566333,2,0,0,0,BO,NA,NA,2
17950,0,0,0,0,0,0,0,0,0,0,0,0,0,0,0,0,0,0,0,0,0,0,0,PB,0,0,0,0,0,2017,UNK,juvenile,ROB,0,no,no,yes,2.134966837,2,0,1,0.0625,BO,0,0,NA
17980,0,0,0,0,0,0,0,0,0,0,0,0,0,0,0,0,0,0,0,0,0,0,0,PB,0,0,0,0,0,2017,UNK,juvenile,SAN,0,no,no,yes,1.931616027,1,1,1,0.0390625,BO,0,0,6
17985,0,0,0,0,0,0,0,0,0,0,0,0,0,0,0,0,0,0,0,0,0,0,0,PB,0,0,0,0,0,2017,UNK,juvenile,SAN,0,no,no,yes,1.931616027,1,1,1,0.0390625,BO,0,0,6
1800,0,0,0,0,0,0,0,0,0,0,0,PB,PB,B,B,B,B,B,B,B,B,B,B,B,B,0,0,0,0,2005,Female,juvenile,WHA,0,no,no,yes,0.012678474,1,1,1,0,GG,NA,NA,7
18010,0,0,0,0,0,0,0,0,0,0,0,0,0,0,0,0,0,0,0,0,0,0,0,PB,0,0,0,0,0,2017,UNK,juvenile,SEX,0,no,no,yes,1.630767846,1,1,1,0,BO,0,0,14
18015,0,0,0,0,0,0,0,0,0,0,0,0,0,0,0,0,0,0,0,0,0,0,0,PB,0,0,B,0,PO,2017,UNK,juvenile,SEX,0,no,no,yes,1.630767846,1,1,1,0,BO,0,0,14
18020,0,0,0,0,0,0,0,0,0,0,0,0,0,0,0,0,0,0,0,0,0,0,0,PB,0,0,0,0,0,2017,UNK,juvenile,SKY,0,no,no,yes,3.649716522,2,0,0,0,BO,0,0,8
18025,0,0,0,0,0,0,0,0,0,0,0,0,0,0,0,0,0,0,0,0,0,0,0,PB,0,0,0,0,0,2017,UNK,juvenile,SKY,0,no,no,yes,3.649716522,2,0,0,0,BO,0,0,8
1805,0,0,0,0,0,0,0,0,0,0,0,0,0,PB,0,0,0,0,0,0,0,B,0,B,B,B,B,0,0,2007,Male,juvenile,MID,0,no,no,yes,3.747665382,3,0,0,0,BO,NA,NA,6
18055,0,0,0,0,0,0,0,0,0,0,0,0,0,0,0,0,0,0,0,0,0,0,0,PB,0,0,0,0,0,2017,Female,juvenile,SLE,0,no,no,yes,2.63006785,2,0,1,0,GG,0,0,13
18060,0,0,0,0,0,0,0,0,0,0,0,0,0,0,0,0,0,0,0,0,0,0,0,PB,0,0,0,0,0,2017,UNK,juvenile,SLE,0,no,no,yes,2.63006785,2,0,1,0,GG,0,0,13
18070,0,0,0,0,0,0,0,0,0,0,0,0,0,0,0,0,0,0,0,0,0,0,0,PB,0,0,0,0,0,2017,UNK,juvenile,SLS,0,no,no,yes,2.471803219,2,0,1,0.125,BO,0,0,4
1810,0,0,0,0,0,0,0,0,0,0,0,0,0,PB,0,B,0,0,0,0,0,0,0,0,0,0,0,0,0,2007,UNK,juvenile,NOW,0,no,no,yes,2.298311335,2,0,1,0,BO,0,0,8
18105,0,0,0,0,0,0,0,0,0,0,0,0,0,0,0,0,0,0,0,0,0,0,0,PB,0,0,0,B,0,2017,UNK,juvenile,SQU,0,no,no,yes,3.019230646,2,0,0,0.0859375,BO,NA,NA,8
18110,0,0,0,0,0,0,0,0,0,0,0,0,0,0,0,0,0,0,0,0,0,0,0,PB,0,0,0,0,0,2017,UNK,juvenile,SQU,0,no,no,yes,3.019230646,2,0,0,0.0859375,BO,0,0,8
1815,0,0,0,0,0,0,0,0,0,0,0,0,0,PB,PB,0,0,0,0,0,0,0,0,0,0,0,0,0,0,2007,UNK,juvenile,TUT,0,no,no,yes,0.159228595,1,1,1,0.0625,GG,1,1,6
18150,0,0,0,0,0,0,0,0,0,0,0,0,0,0,0,0,0,0,0,0,0,0,0,PB,0,0,0,0,0,2017,UNK,juvenile,SUL,0,no,no,yes,3.267512582,2,0,0,0,BO,0,0,6
18155,0,0,0,0,0,0,0,0,0,0,0,0,0,0,0,0,0,0,0,0,0,0,0,PB,0,0,0,0,0,2017,UNK,juvenile,SUL,0,no,no,yes,3.267512582,2,0,0,0,BO,0,0,6
18175,0,0,0,0,0,0,0,0,0,0,0,0,0,0,0,0,0,0,0,0,0,0,0,PB,0,0,0,0,0,2017,Male,juvenile,SUZ,1,no,no,yes,0.630731823,1,1,1,0,GG,0,0,10
18185,0,0,0,0,0,0,0,0,0,0,0,0,0,0,0,0,0,0,0,0,0,0,0,PB,0,0,0,0,0,2017,UNK,juvenile,SUZ,1,no,no,yes,0.630731823,1,1,1,0,GG,0,0,10
18190,0,0,0,0,0,0,0,0,0,0,0,0,0,0,0,0,0,0,0,0,0,0,0,PB,0,0,0,0,0,2017,UNK,juvenile,SWI,0,no,no,yes,2.949732005,2,0,1,0,BO,NA,NA,8
18195,0,0,0,0,0,0,0,0,0,0,0,0,0,0,0,0,0,0,0,0,0,0,0,PB,0,0,PB,0,0,2017,UNK,juvenile,SWI,0,no,no,yes,2.949732005,2,0,1,0,BO,0,0,8
1820,0,0,0,0,0,0,0,0,0,0,0,0,0,PB,PB,0,B,B,B,B,B,B,B,B,B,B,B,PO,0,2007,Male,juvenile,TRO,1,no,no,yes,0.042474,1,1,1,0,GG,1,1,7
18210,0,0,0,0,0,0,0,0,0,0,0,0,0,0,0,0,0,0,0,0,0,0,0,PB,0,0,0,0,0,2017,UNK,juvenile,TAU,0,no,no,yes,0.412123285,1,1,1,0.125,GG,0,0,13
18215,0,0,0,0,0,0,0,0,0,0,0,0,0,0,0,0,0,0,0,0,0,0,0,PB,0,0,0,0,0,2017,UNK,juvenile,GLO,0,no,no,yes,3.499181983,2,0,0,0.03125,BO,0,0,11
18230,0,0,0,0,0,0,0,0,0,0,0,0,0,0,0,0,0,0,0,0,0,0,0,PB,PB,0,0,0,0,2017,Female,juvenile,TBF,0,no,no,yes,1.343648915,1,1,1,0.0625,GG,0,0,3
1825,0,0,0,0,0,0,0,0,0,0,0,PB,0,0,0,0,0,0,0,0,0,0,0,0,0,0,0,0,0,2005,UNK,juvenile,TRO,1,no,no,yes,0.042474,1,1,1,0,GG,1,1,5
18285,0,0,0,0,0,0,0,0,0,0,0,0,0,0,0,0,0,0,0,0,0,0,0,PB,0,0,0,0,0,2017,UNK,juvenile,TOP,0,no,no,yes,3.135716677,2,0,0,0.08203125,BO,0,0,4
18290,0,0,0,0,0,0,0,0,0,0,0,0,0,0,0,0,0,0,0,0,0,0,0,PB,0,0,0,0,0,2017,UNK,juvenile,TOP,0,no,no,yes,3.135716677,2,0,0,0.08203125,BO,0,0,4
18295,0,0,0,0,0,0,0,0,0,0,0,0,0,0,0,0,0,0,0,0,0,0,0,PB,0,0,0,0,0,2017,UNK,juvenile,TAS,0,no,no,yes,4.629251657,3,0,0,0,GG,0,0,4
1830,0,0,0,0,0,0,0,0,0,0,0,0,PB,PB,PB,PB,B,B,B,B,B,0,B,0,0,0,0,0,0,2006,Female,juvenile,NBS,1,no,no,yes,0.044941844,1,1,1,0,GG,1,0,5
18305,0,0,0,0,0,0,0,0,0,0,0,0,0,0,0,0,0,0,0,0,0,0,0,PB,0,0,0,0,0,2017,UNK,juvenile,TRI,0,no,no,yes,1.934448781,1,1,1,0,BO,0,0,5
18310,0,0,0,0,0,0,0,0,0,0,0,0,0,0,0,0,0,0,0,0,0,0,0,PB,0,0,PB,0,0,2017,UNK,juvenile,TRI,0,no,no,yes,1.934448781,1,1,1,0,BO,0,0,5
18315,0,0,0,0,0,0,0,0,0,0,0,0,0,0,0,0,0,0,0,0,0,0,0,PB,0,0,0,PB,0,2017,UNK,juvenile,TRI,0,no,no,yes,1.934448781,1,1,1,0,BO,NA,NA,5
18320,0,0,0,0,0,0,0,0,0,0,0,0,0,0,0,0,0,0,0,0,0,0,0,PB,0,0,0,0,0,2017,UNK,juvenile,TRO,1,no,no,yes,0.572387875,1,1,1,0,GG,0,0,17
18325,0,0,0,0,0,0,0,0,0,0,0,0,0,0,0,0,0,0,0,0,0,0,0,PB,0,0,0,0,0,2017,UNK,juvenile,TRO,1,no,no,yes,0.572387875,1,1,1,0,GG,1,0,17
18330,0,0,0,0,0,0,0,0,0,0,0,0,0,0,0,0,0,0,0,0,0,0,0,PB,0,0,0,0,0,2017,Male,juvenile,TRO,1,no,no,yes,0.572387875,1,1,1,0,GG,1,0,17
18335,0,0,0,0,0,0,0,0,0,0,0,0,0,0,0,0,0,0,0,0,0,0,0,PB,0,0,0,0,0,2017,UNK,juvenile,TUT,0,no,no,yes,0.159228595,1,1,1,0,GG,1,0,16
18340,0,0,0,0,0,0,0,0,0,0,0,0,0,0,0,0,0,0,0,0,0,0,0,PB,0,PB,PB,PB,B,2017,Female,juvenile,TUT,0,no,no,yes,0.159228595,1,1,1,0,GG,0,0,16
1835,0,0,0,0,0,0,0,0,0,0,PB,0,0,0,0,0,0,0,0,0,0,0,0,0,0,0,0,0,0,2004,UNK,juvenile,GDEWS,NA,no,no,no,NA,#N/A,NA,NA,0,NA,NA,NA,NA
18355,0,0,0,0,0,0,0,0,0,0,0,0,0,0,0,0,0,0,0,0,0,0,0,PB,0,0,PB,0,0,2017,UNK,juvenile,VES,0,no,no,yes,3.052730754,2,0,0,0,BO,0,0,14
18385,0,0,0,0,0,0,0,0,0,0,0,0,0,0,0,0,0,0,0,0,0,0,0,PB,0,0,B,0,0,2017,UNK,juvenile,WFR,0,no,no,yes,2.363352451,2,0,1,0.0234375,BO,0,0,4
1840,0,0,0,0,0,0,0,0,0,0,0,0,PB,0,0,0,0,0,0,0,0,0,0,0,0,0,0,0,0,2006,UNK,juvenile,TUT,0,no,no,yes,0.159228595,1,1,1,0.0625,GG,1,1,5
18415,0,0,0,0,0,0,0,0,0,0,0,0,0,0,0,0,0,0,0,0,0,0,0,PB,0,0,0,0,0,2017,UNK,juvenile,WHA,0,no,no,yes,0.012678474,1,1,1,0.25,GG,NA,NA,19
18440,0,0,0,0,0,0,0,0,0,0,0,0,0,0,0,0,0,0,0,0,0,0,0,PB,0,0,0,0,0,2017,UNK,juvenile,WRE,0,no,no,yes,3.05182676,2,0,0,0,BO,0,0,NA
18450,0,0,0,0,0,0,0,0,0,0,0,0,0,0,0,0,0,0,0,0,0,0,0,PB,0,0,0,0,0,2017,Male,juvenile,UNK,NA,no,no,yes,NA,#N/A,NA,NA,NA,GG,NA,NA,NA
18495,0,0,0,0,0,0,0,0,0,0,0,0,0,0,0,0,0,0,0,0,0,0,0,0,PB,0,0,0,0,2018,UNK,juvenile,ALA,0,no,no,yes,0.856844925,1,1,1,0,BO,0,0,6
1850,0,0,0,0,0,0,0,0,0,0,0,0,0,PB,0,0,0,0,0,0,0,0,0,0,0,0,0,0,0,2007,UNK,juvenile,HTD,0,no,no,yes,0.264195327,1,1,1,0,GG,1,1,4
18500,0,0,0,0,0,0,0,0,0,0,0,0,0,0,0,0,0,0,0,0,0,0,0,0,PB,0,0,0,0,2018,UNK,juvenile,ALA,0,no,no,yes,0.856844925,1,1,1,0,BO,1,1,6
18505,0,0,0,0,0,0,0,0,0,0,0,0,0,0,0,0,0,0,0,0,0,0,0,0,PB,0,0,0,0,2018,UNK,juvenile,ALA,0,no,no,yes,0.856844925,1,1,1,0,BO,0,0,6
18535,0,0,0,0,0,0,0,0,0,0,0,0,0,0,0,0,0,0,0,0,0,0,0,0,PB,0,0,0,0,2018,UNK,juvenile,AQU,0,no,no,yes,0.301142973,1,1,1,0.015625,GG,1,NA,7
1855,0,0,0,0,0,0,0,0,0,0,0,PB,0,0,0,0,0,0,0,0,0,0,0,0,0,0,0,0,0,2005,UNK,juvenile,BER,0,no,no,yes,0.118585884,1,1,1,0,GG,1,0,2
1860,0,0,0,0,0,0,0,0,0,0,0,PB,0,0,0,0,0,0,0,0,0,0,0,0,0,0,0,0,0,2005,UNK,juvenile,BER,0,no,no,yes,0.118585884,1,1,1,0,GG,1,1,2
18600,0,0,0,0,0,0,0,0,0,0,0,0,0,0,0,0,0,0,0,0,0,0,0,0,PB,0,0,0,0,2018,UNK,juvenile,BDK,0,no,no,yes,1.060955027,1,1,1,0.0234375,GG,0,0,6
18605,0,0,0,0,0,0,0,0,0,0,0,0,0,0,0,0,0,0,0,0,0,0,0,0,PB,0,0,0,0,2018,UNK,juvenile,BDK,0,no,no,yes,1.060955027,1,1,1,0.0234375,GG,1,1,6
18675,0,0,0,0,0,0,0,0,0,0,0,0,0,0,0,0,0,0,0,0,0,0,0,0,PB,0,0,0,0,2018,UNK,juvenile,BLR,0,no,no,yes,0.326113279,1,1,1,0.25,GG,NA,NA,10
18690,0,0,0,0,0,0,0,0,0,0,0,0,0,0,0,0,0,0,0,0,0,0,0,0,PB,0,0,0,0,2018,UNK,juvenile,BTW,0,no,no,yes,3.160310745,2,0,0,NA,GG,0,0,NA
18695,0,0,0,0,0,0,0,0,0,0,0,0,0,0,0,0,0,0,0,0,0,0,0,0,PB,0,0,0,0,2018,UNK,juvenile,BIK,0,no,no,yes,0.974032195,1,1,1,0,GG,0,0,5
18700,0,0,0,0,0,0,0,0,0,0,0,0,0,0,0,0,0,0,0,0,0,0,0,0,PB,0,0,0,0,2018,UNK,juvenile,BIK,0,no,no,yes,0.974032195,1,1,1,0,GG,NA,NA,5
18705,0,0,0,0,0,0,0,0,0,0,0,0,0,0,0,0,0,0,0,0,0,0,0,0,PB,0,0,0,0,2018,UNK,juvenile,BIK,0,no,no,yes,0.974032195,1,1,1,0,GG,0,0,5
18745,0,0,0,0,0,0,0,0,0,0,0,0,0,0,0,0,0,0,0,0,0,0,0,0,PB,0,0,0,0,2018,UNK,juvenile,BOB,0,no,no,yes,1.982154844,1,1,1,0,BO,0,0,9
18750,0,0,0,0,0,0,0,0,0,0,0,0,0,0,0,0,0,0,0,0,0,0,0,0,PB,0,0,0,0,2018,UNK,juvenile,BOB,0,no,no,yes,1.982154844,1,1,1,0,BO,0,0,9
18755,0,0,0,0,0,0,0,0,0,0,0,0,0,0,0,0,0,0,0,0,0,0,0,0,PB,0,0,0,0,2018,UNK,juvenile,BOD,0,no,no,yes,5.185915404,3,0,0,0.03125,GG,1,1,5
18760,0,0,0,0,0,0,0,0,0,0,0,0,0,0,0,0,0,0,0,0,0,0,0,0,PB,0,0,0,0,2018,UNK,juvenile,BOD,0,no,no,yes,5.185915404,3,0,0,0.03125,GG,NA,NA,5
18785,0,0,0,0,0,0,0,0,0,0,0,0,0,0,0,0,0,0,0,0,0,0,0,0,PB,0,0,0,0,2018,UNK,juvenile,BBA,0,no,no,yes,2.384051007,2,0,1,0,BO,0,0,9
18790,0,0,0,0,0,0,0,0,0,0,0,0,0,0,0,0,0,0,0,0,0,0,0,0,PB,0,PB,0,0,2018,UNK,juvenile,BBA,0,no,no,yes,2.384051007,2,0,1,0,BO,0,0,9
18830,0,0,0,0,0,0,0,0,0,0,0,0,0,0,0,0,0,0,0,0,0,0,0,0,PB,0,0,0,0,2018,UNK,juvenile,BRE,0,no,no,yes,1.36184276,1,1,1,0,BO,1,1,NA
18835,0,0,0,0,0,0,0,0,0,0,0,0,0,0,0,0,0,0,0,0,0,0,0,0,PB,0,0,0,0,2018,UNK,juvenile,BRE,0,no,no,yes,1.36184276,1,1,1,0,BO,0,0,NA
18840,0,0,0,0,0,0,0,0,0,0,0,0,0,0,0,0,0,0,0,0,0,0,0,0,PB,0,PB,0,0,2018,UNK,juvenile,BRE,0,no,no,yes,1.36184276,1,1,1,0,BO,0,0,NA
18925,0,0,0,0,0,0,0,0,0,0,0,0,0,0,0,0,0,0,0,0,0,0,0,0,PB,0,0,PB,0,2018,Male,juvenile,CHI,1,no,no,yes,1.017734063,1,1,1,0,BO,0,0,NA
1895,0,0,0,0,0,0,0,0,0,0,PB,0,PB,PB,0,0,PB,PB,B,B,B,B,B,0,B,B,B,0,0,2004,Male,juvenile,TWO,0,no,no,yes,1.687314122,1,1,1,0,GG,1,1,5
18980,0,0,0,0,0,0,0,0,0,0,0,0,0,0,0,0,0,0,0,0,0,0,0,0,PB,0,0,0,0,2018,UNK,juvenile,CPK,0,no,no,yes,0.274039381,1,1,1,0,GG,NA,NA,16
18985,0,0,0,0,0,0,0,0,0,0,0,0,0,0,0,0,0,0,0,0,0,0,0,0,PB,0,0,0,0,2018,UNK,juvenile,CPK,0,no,no,yes,0.274039381,1,1,1,0,GG,1,NA,16
18990,0,0,0,0,0,0,0,0,0,0,0,0,0,0,0,0,0,0,0,0,0,0,0,0,PB,0,0,0,0,2018,UNK,juvenile,CPK,0,no,no,yes,0.274039381,1,1,1,0,GG,NA,NA,16
1900,0,0,0,0,0,0,0,0,0,0,0,0,0,PB,PB,B,B,B,B,B,B,B,B,B,B,B,B,PO,B,2007,Male,juvenile,WEE,0,no,no,yes,1.18256435,1,1,1,0,GG,1,0,7
19010,0,0,0,0,0,0,0,0,0,0,0,0,0,0,0,0,0,0,0,0,0,0,0,0,PB,0,PB,0,0,2018,UNK,juvenile,DEV,0,no,no,yes,3.450820625,2,0,0,NA,BO,1,1,NA
19015,0,0,0,0,0,0,0,0,0,0,0,0,0,0,0,0,0,0,0,0,0,0,0,0,PB,0,0,0,0,2018,UNK,juvenile,DEV,0,no,no,yes,3.450820625,2,0,0,NA,BO,1,1,NA
19020,0,0,0,0,0,0,0,0,0,0,0,0,0,0,0,0,0,0,0,0,0,0,0,0,PB,0,0,B,0,2018,UNK,juvenile,DEV,0,no,no,yes,3.450820625,2,0,0,NA,BO,0,0,NA
19025,0,0,0,0,0,0,0,0,0,0,0,0,0,0,0,0,0,0,0,0,0,0,0,0,PB,0,0,0,0,2018,UNK,juvenile,DTO,0,no,no,yes,1.419705696,1,1,1,NA,BO,1,1,NA
19030,0,0,0,0,0,0,0,0,0,0,0,0,0,0,0,0,0,0,0,0,0,0,0,0,PB,0,PB,0,0,2018,UNK,juvenile,DTO,0,no,no,yes,1.419705696,1,1,1,NA,BO,0,0,NA
19035,0,0,0,0,0,0,0,0,0,0,0,0,0,0,0,0,0,0,0,0,0,0,0,0,PB,0,0,0,0,2018,UNK,juvenile,DTO,0,no,no,yes,1.419705696,1,1,1,NA,BO,1,1,NA
19040,0,0,0,0,0,0,0,0,0,0,0,0,0,0,0,0,0,0,0,0,0,0,0,0,PB,0,0,0,0,2018,UNK,juvenile,DRV,0,no,no,yes,2.436138669,2,0,1,0.0625,GG,0,0,9
19045,0,0,0,0,0,0,0,0,0,0,0,0,0,0,0,0,0,0,0,0,0,0,0,0,PB,0,0,0,0,2018,UNK,juvenile,DRV,0,no,no,yes,2.436138669,2,0,1,0.0625,GG,0,0,9
1905,0,0,0,0,0,0,0,0,0,0,PB,0,0,0,0,0,0,0,0,0,0,0,0,0,0,0,0,0,0,2004,UNK,juvenile,CGS,0,no,no,no,1.425036436,1,1,1,0,GG,NA,NA,5
19050,0,0,0,0,0,0,0,0,0,0,0,0,0,0,0,0,0,0,0,0,0,0,0,0,PB,0,0,0,0,2018,UNK,juvenile,DRV,0,no,no,yes,2.436138669,2,0,1,0.0625,GG,0,0,9
19055,0,0,0,0,0,0,0,0,0,0,0,0,0,0,0,0,0,0,0,0,0,0,0,0,PB,0,PB,0,0,2018,UNK,juvenile,DRV,0,no,no,yes,2.436138669,2,0,1,0.0625,GG,0,0,9
1910,0,0,0,0,0,0,0,0,0,0,0,0,0,PB,PB,0,0,0,0,0,0,0,0,0,0,0,0,0,0,2007,UNK,juvenile,QUA,0,no,no,yes,1.068978606,1,1,1,0,GG,NA,NA,5
1915,0,0,0,0,0,0,0,0,0,0,PB,PB,PB,PB,0,0,0,0,0,0,0,0,0,0,0,0,0,0,0,2004,Male,juvenile,GDEWS,NA,no,no,no,NA,#N/A,NA,NA,0,NA,NA,NA,NA
1920,0,0,0,0,0,0,0,0,0,0,PB,0,PB,0,0,0,0,0,0,0,0,0,0,0,0,0,0,0,0,2004,UNK,juvenile,STX,0,no,no,yes,1.931616027,1,1,1,0,BO,0,0,5
19220,0,0,0,0,0,0,0,0,0,0,0,0,0,0,0,0,0,0,0,0,0,0,0,0,PB,0,0,0,0,2018,UNK,juvenile,GON,0,no,no,yes,2.615733511,2,0,1,0,BO,0,0,11
1925,0,0,0,0,0,0,0,0,0,0,PB,0,PB,0,0,0,0,0,0,0,0,0,0,0,0,0,0,0,0,2004,UNK,juvenile,MOO,0,no,no,yes,3.672245661,2,0,0,0,BO,1,1,3
19295,0,0,0,0,0,0,0,0,0,0,0,0,0,0,0,0,0,0,0,0,0,0,0,0,PB,0,0,0,0,2018,Male,juvenile,HEN,0,no,no,yes,1.2102378,1,1,1,0.015625,GG,0,0,13
1930,0,0,0,0,0,0,0,0,0,0,0,0,PB,PB,PB,B,B,B,0,0,0,0,0,0,0,0,0,0,0,2006,Male,juvenile,JAS,0,no,no,yes,0.09697577,1,1,1,0,GG,0,0,3
19300,0,0,0,0,0,0,0,0,0,0,0,0,0,0,0,0,0,0,0,0,0,0,0,0,PB,0,0,0,0,2018,UNK,juvenile,HEN,0,no,no,yes,1.2102378,1,1,1,0.015625,GG,0,0,13
19320,0,0,0,0,0,0,0,0,0,0,0,0,0,0,0,0,0,0,0,0,0,0,0,0,PB,0,0,0,0,2018,UNK,juvenile,HZN,0,no,no,yes,1.148436543,1,1,1,0.015625,GG,0,0,12
19325,0,0,0,0,0,0,0,0,0,0,0,0,0,0,0,0,0,0,0,0,0,0,0,0,PB,0,0,0,0,2018,UNK,juvenile,HZN,0,no,no,yes,1.148436543,1,1,1,0.015625,GG,1,1,12
19335,0,0,0,0,0,0,0,0,0,0,0,0,0,0,0,0,0,0,0,0,0,0,0,0,PB,0,0,0,0,2018,UNK,juvenile,IPR,0,no,no,yes,2.09231506,2,0,1,0,GG,0,0,NA
19340,0,0,0,0,0,0,0,0,0,0,0,0,0,0,0,0,0,0,0,0,0,0,0,0,PB,0,0,0,0,2018,UNK,juvenile,IPR,0,no,no,yes,2.09231506,2,0,1,0,GG,0,0,NA
1935,0,0,0,0,0,0,0,0,0,0,0,PB,PB,0,0,0,0,0,0,0,0,0,0,0,0,0,0,0,0,2005,UNK,juvenile,MQO,0,no,no,yes,0.161296177,1,1,1,0,GG,1,0,3
19360,0,0,0,0,0,0,0,0,0,0,0,0,0,0,0,0,0,0,0,0,0,0,0,0,PB,0,0,0,0,2018,UNK,juvenile,IND,0,no,no,yes,2.771576849,2,0,1,0.15625,GG,0,0,6
19440,0,0,0,0,0,0,0,0,0,0,0,0,0,0,0,0,0,0,0,0,0,0,0,0,PB,0,0,0,0,2018,UNK,juvenile,JUR,0,no,no,yes,0.99058611,1,1,1,0.03125,GG,NA,NA,7
19445,0,0,0,0,0,0,0,0,0,0,0,0,0,0,0,0,0,0,0,0,0,0,0,0,PB,0,0,0,0,2018,UNK,juvenile,JUR,0,no,no,yes,0.99058611,1,1,1,0.03125,GG,NA,NA,7
1945,0,0,0,0,0,0,0,0,0,0,0,0,0,PB,0,0,0,0,0,0,0,0,0,0,0,0,0,0,0,2007,UNK,juvenile,HUN,0,no,no,yes,1.09757632,1,1,1,0,GG,1,1,NA
19455,0,0,0,0,0,0,0,0,0,0,0,0,0,0,0,0,0,0,0,0,0,0,0,0,PB,0,0,0,0,2018,UNK,juvenile,KAN,1,no,no,yes,0.521944941,1,1,1,0.015625,GG,1,1,14
19460,0,0,0,0,0,0,0,0,0,0,0,0,0,0,0,0,0,0,0,0,0,0,0,0,PB,PB,0,0,0,2018,UNK,juvenile,KAN,1,no,no,yes,0.521944941,1,1,1,0.015625,GG,0,0,14
19465,0,0,0,0,0,0,0,0,0,0,0,0,0,0,0,0,0,0,0,0,0,0,0,0,PB,0,0,0,B,2018,UNK,juvenile,KAN,1,no,no,yes,0.521944941,1,1,1,0.015625,GG,0,0,14
19470,0,0,0,0,0,0,0,0,0,0,0,0,0,0,0,0,0,0,0,0,0,0,0,0,PB,0,0,0,0,2018,UNK,juvenile,KAN,1,no,no,yes,0.521944941,1,1,1,0.015625,GG,0,0,14
19520,0,0,0,0,0,0,0,0,0,0,0,0,0,0,0,0,0,0,0,0,0,0,0,0,PB,0,0,0,0,2018,UNK,juvenile,LAN,0,no,no,yes,3.263313516,2,0,0,0,GG,0,0,8
1955,0,0,0,0,0,0,0,0,0,0,0,0,0,PB,0,0,0,0,0,0,0,0,0,0,0,0,0,0,0,2007,UNK,juvenile,PHO,0,no,no,yes,1.079327248,1,1,1,0,GG,1,1,3
19575,0,0,0,0,0,0,0,0,0,0,0,0,0,0,0,0,0,0,0,0,0,0,0,0,PB,0,0,0,0,2018,UNK,juvenile,MDI,0,no,no,yes,2.337083723,2,0,1,0,GG,0,0,15
19585,0,0,0,0,0,0,0,0,0,0,0,0,0,0,0,0,0,0,0,0,0,0,0,0,PB,0,0,0,0,2018,UNK,juvenile,MAZ,0,no,no,yes,1.601767812,1,1,1,NA,GG,1,1,NA
19595,0,0,0,0,0,0,0,0,0,0,0,0,0,0,0,0,0,0,0,0,0,0,0,0,PB,0,0,0,0,2018,UNK,juvenile,MEG,0,no,no,yes,2.410838132,2,0,1,NA,BO,1,1,NA
1960,0,0,0,0,0,0,0,0,0,0,0,0,0,PB,PB,B,B,B,B,B,PO,0,0,0,0,0,0,0,0,2007,Female,juvenile,IND,0,no,no,yes,1.495475977,1,1,1,0,GG,1,0,3
19600,0,0,0,0,0,0,0,0,0,0,0,0,0,0,0,0,0,0,0,0,0,0,0,0,PB,0,0,0,0,2018,UNK,juvenile,MEG,0,no,no,yes,2.410838132,2,0,1,NA,BO,0,0,NA
19605,0,0,0,0,0,0,0,0,0,0,0,0,0,0,0,0,0,0,0,0,0,0,0,0,PB,0,0,0,0,2018,UNK,juvenile,MEG,0,no,no,yes,2.410838132,2,0,1,NA,BO,0,0,NA
19630,0,0,0,0,0,0,0,0,0,0,0,0,0,0,0,0,0,0,0,0,0,0,0,0,PB,0,0,0,0,2018,UNK,juvenile,MID,0,no,no,yes,3.747665382,3,0,0,0,BO,0,0,9
19635,0,0,0,0,0,0,0,0,0,0,0,0,0,0,0,0,0,0,0,0,0,0,0,0,PB,0,0,0,0,2018,UNK,juvenile,FAX,0,no,no,yes,3.268100931,2,0,0,0.28125,GG,0,0,4
19640,0,0,0,0,0,0,0,0,0,0,0,0,0,0,0,0,0,0,0,0,0,0,0,0,PB,0,0,0,0,2018,UNK,juvenile,FAX,0,no,no,yes,3.268100931,2,0,0,0.28125,GG,1,1,4
1965,0,0,0,0,0,0,0,0,0,0,0,0,PB,0,B,0,0,0,0,0,0,0,0,0,0,0,0,0,0,2006,Female,juvenile,AAR,0,no,no,yes,2.144788508,2,0,1,0,BO,NA,NA,3
19660,0,0,0,0,0,0,0,0,0,0,0,0,0,0,0,0,0,0,0,0,0,0,0,0,PB,PB,0,0,0,2018,UNK,juvenile,MNT,1,no,no,yes,0.632854925,1,1,1,0,GG,NA,NA,6
19665,0,0,0,0,0,0,0,0,0,0,0,0,0,0,0,0,0,0,0,0,0,0,0,0,PB,0,0,0,0,2018,UNK,juvenile,MNT,1,no,no,yes,0.632854925,1,1,1,0,GG,NA,NA,6
19715,0,0,0,0,0,0,0,0,0,0,0,0,0,0,0,0,0,0,0,0,0,0,0,0,PB,0,0,0,0,2018,UNK,juvenile,MGL,0,no,no,yes,1.445809405,1,1,1,0,BO,1,1,5
19720,0,0,0,0,0,0,0,0,0,0,0,0,0,0,0,0,0,0,0,0,0,0,0,0,PB,0,0,0,0,2018,UNK,juvenile,MGL,0,no,no,yes,1.445809405,1,1,1,0,BO,0,0,5
19745,0,0,0,0,0,0,0,0,0,0,0,0,0,0,0,0,0,0,0,0,0,0,0,0,PB,0,0,0,0,2018,UNK,juvenile,MCW,1,no,no,yes,0.838340055,1,1,1,0.0625,GG,NA,NA,7
1975,0,0,0,0,0,0,0,0,0,0,0,PB,PB,B,B,B,B,B,B,B,B,B,B,0,B,B,0,0,0,2005,Male,juvenile,BEE,0,no,no,yes,0.169170504,1,1,1,0,GG,1,0,3
19755,0,0,0,0,0,0,0,0,0,0,0,0,0,0,0,0,0,0,0,0,0,0,0,0,PB,0,0,0,0,2018,UNK,juvenile,MOS,0,no,no,yes,1.327013703,1,1,1,0,BO,1,1,16
19795,0,0,0,0,0,0,0,0,0,0,0,0,0,0,0,0,0,0,0,0,0,0,0,0,PB,0,0,0,0,2018,UNK,juvenile,MYS,0,no,no,yes,0.860455975,1,1,1,0,BO,1,0,7
1980,0,0,0,0,0,0,0,0,0,0,0,PB,0,0,0,0,0,0,0,0,0,0,0,0,0,0,0,0,0,2005,UNK,juvenile,BER,0,no,no,yes,0.118585884,1,1,1,0,GG,0,0,2
19800,0,0,0,0,0,0,0,0,0,0,0,0,0,0,0,0,0,0,0,0,0,0,0,0,PB,0,0,0,0,2018,UNK,juvenile,MYS,0,no,no,yes,0.860455975,1,1,1,0,BO,1,NA,7
19810,0,0,0,0,0,0,0,0,0,0,0,0,0,0,0,0,0,0,0,0,0,0,0,0,PB,0,0,0,0,2018,UNK,juvenile,NAI,0,no,no,yes,3.419789366,2,0,0,0.03125,GG,0,0,8
19815,0,0,0,0,0,0,0,0,0,0,0,0,0,0,0,0,0,0,0,0,0,0,0,0,PB,0,0,0,0,2018,UNK,juvenile,NAI,0,no,no,yes,3.419789366,2,0,0,0.03125,GG,0,0,8
19825,0,0,0,0,0,0,0,0,0,0,0,0,0,0,0,0,0,0,0,0,0,0,0,0,PB,0,0,0,0,2018,UNK,juvenile,NAZ,0,no,no,yes,0.537764735,1,1,1,0,GG,0,0,10
19830,0,0,0,0,0,0,0,0,0,0,0,0,0,0,0,0,0,0,0,0,0,0,0,0,PB,0,0,0,0,2018,UNK,juvenile,NAZ,0,no,no,yes,0.537764735,1,1,1,0,GG,1,0,10
19835,0,0,0,0,0,0,0,0,0,0,0,0,0,0,0,0,0,0,0,0,0,0,0,0,PB,0,0,0,0,2018,UNK,juvenile,NAZ,0,no,no,yes,0.537764735,1,1,1,0,GG,1,0,10
19840,0,0,0,0,0,0,0,0,0,0,0,0,0,0,0,0,0,0,0,0,0,0,0,0,PB,0,0,0,0,2018,UNK,juvenile,NIA,0,no,no,yes,2.320350474,2,0,1,NA,GG,0,0,NA
19845,0,0,0,0,0,0,0,0,0,0,0,0,0,0,0,0,0,0,0,0,0,0,0,0,PB,0,0,0,0,2018,UNK,juvenile,NIA,0,no,no,yes,2.320350474,2,0,1,NA,GG,0,0,NA
1985,0,0,0,0,0,0,0,0,0,0,0,0,PB,0,0,0,0,0,0,0,0,0,0,0,0,0,0,0,0,2006,UNK,juvenile,BEE,0,no,no,yes,0.169170504,1,1,1,0,GG,0,0,4
19855,0,0,0,0,0,0,0,0,0,0,0,0,0,0,0,0,0,0,0,0,0,0,0,0,PB,0,0,0,0,2018,UNK,juvenile,NID,0,no,no,yes,0.169170504,1,1,1,0,GG,NA,NA,5
19860,0,0,0,0,0,0,0,0,0,0,0,0,0,0,0,0,0,0,0,0,0,0,0,0,PB,0,0,PB,0,2018,UNK,juvenile,NID,0,no,no,yes,0.169170504,1,1,1,0,GG,1,0,5
19865,0,0,0,0,0,0,0,0,0,0,0,0,0,0,0,0,0,0,0,0,0,0,0,0,PB,0,0,0,0,2018,UNK,juvenile,OLY,1,no,no,yes,0.525180152,1,1,1,0.25,GG,1,1,9
19880,0,0,0,0,0,0,0,0,0,0,0,0,0,0,0,0,0,0,0,0,0,0,0,0,PB,0,0,0,0,2018,UNK,juvenile,OPT,0,no,no,yes,3.506399929,2,0,0,0,BO,NA,NA,4
1990,0,0,0,0,0,0,0,0,0,0,0,0,0,PB,0,0,0,0,0,0,0,0,0,0,0,0,0,0,0,2007,UNK,juvenile,LIB,0,no,no,yes,1.875607299,1,1,1,NA,GG,0,0,NA
19905,0,0,0,0,0,0,0,0,0,0,0,0,0,0,0,0,0,0,0,0,0,0,0,0,PB,0,0,0,0,2018,UNK,juvenile,PAL,0,no,no,yes,3.605961278,2,0,0,0,BO,1,1,3
19915,0,0,0,0,0,0,0,0,0,0,0,0,0,0,0,0,0,0,0,0,0,0,0,0,PB,0,0,0,0,2018,UNK,juvenile,PMF,0,no,no,yes,1.038091464,1,1,1,NA,BO,NA,NA,NA
19920,0,0,0,0,0,0,0,0,0,0,0,0,0,0,0,0,0,0,0,0,0,0,0,0,PB,0,0,0,0,2018,UNK,juvenile,PMF,0,no,no,yes,1.038091464,1,1,1,NA,BO,NA,NA,NA
19930,0,0,0,0,0,0,0,0,0,0,0,0,0,0,0,0,0,0,0,0,0,0,0,0,PB,0,0,0,0,2018,UNK,juvenile,PAR,0,no,no,yes,2.011722582,2,0,1,0,BO,0,0,NA
19935,0,0,0,0,0,0,0,0,0,0,0,0,0,0,0,0,0,0,0,0,0,0,0,0,PB,0,0,0,0,2018,UNK,juvenile,PAR,0,no,no,yes,2.011722582,2,0,1,0,BO,0,0,NA
19945,0,0,0,0,0,0,0,0,0,0,0,0,0,0,0,0,0,0,0,0,0,0,0,0,PB,0,0,0,0,2018,UNK,juvenile,PAT,0,no,no,yes,2.254204238,2,0,1,0.001953125,BO,0,0,8
1995,0,0,0,0,0,0,0,0,0,0,0,0,0,PB,PB,0,0,0,0,0,0,0,0,0,0,0,0,0,0,2007,UNK,juvenile,BER,0,no,no,yes,0.118585884,1,1,1,0,GG,1,NA,4
19965,0,0,0,0,0,0,0,0,0,0,0,0,0,0,0,0,0,0,0,0,0,0,0,0,PB,0,0,0,0,2018,UNK,juvenile,PHO,0,no,no,yes,2.178024733,2,0,1,0,GG,1,0,7
200,0,0,PB,0,B,B,B,B,B,B,B,B,B,B,0,0,0,0,0,0,0,0,0,0,0,0,0,0,0,1996,Female,juvenile,GDEWS,NA,no,no,no,NA,#N/A,NA,NA,0.25,NA,1,1,NA
2000,0,0,0,0,0,0,0,0,0,0,0,0,PB,PB,0,0,0,0,0,0,0,0,0,0,0,0,0,0,0,2006,Male,juvenile,END,0,no,no,yes,1.663062252,1,1,1,NA,GG,0,0,NA
2005,0,0,0,0,0,0,0,0,0,0,0,0,0,PB,PB,B,B,B,B,B,B,0,B,0,B,B,B,0,0,2007,Female,juvenile,PHI,0,no,no,yes,0.538972658,1,1,1,0,GG,0,0,2
20085,0,0,0,0,0,0,0,0,0,0,0,0,0,0,0,0,0,0,0,0,0,0,0,0,PB,0,0,0,0,2018,UNK,juvenile,RPO,0,no,no,yes,0.49589173,1,1,1,0.14453125,GG,0,0,7
2010,0,0,0,0,0,0,0,0,0,0,0,0,PB,0,0,0,0,0,0,0,0,0,0,0,0,0,0,0,0,2006,UNK,juvenile,SLE,0,no,no,yes,1.349916214,1,1,1,0,GG,1,1,2
20125,0,0,0,0,0,0,0,0,0,0,0,0,0,0,0,0,0,0,0,0,0,0,0,0,PB,0,0,0,0,2018,UNK,juvenile,RED,1,no,no,yes,0.859766583,1,1,1,0.015625,GG,1,1,14
20140,0,0,0,0,0,0,0,0,0,0,0,0,0,0,0,0,0,0,0,0,0,0,0,0,PB,0,0,0,0,2018,UNK,juvenile,ROB,0,no,no,yes,2.134966837,2,0,1,0,BO,0,0,4
20145,0,0,0,0,0,0,0,0,0,0,0,0,0,0,0,0,0,0,0,0,0,0,0,0,PB,0,0,0,0,2018,UNK,juvenile,ROB,0,no,no,yes,2.134966837,2,0,1,0,BO,0,0,4
2015,0,0,0,0,0,0,0,0,0,0,0,0,PB,0,0,0,0,0,0,0,0,0,0,0,0,0,0,0,0,2006,UNK,juvenile,LOC,0,no,no,yes,0.623713981,1,1,1,0,GG,0,0,4
20150,0,0,0,0,0,0,0,0,0,0,0,0,0,0,0,0,0,0,0,0,0,0,0,0,PB,0,0,0,0,2018,UNK,juvenile,ROB,0,no,no,yes,2.134966837,2,0,1,0,BO,0,0,4
20155,0,0,0,0,0,0,0,0,0,0,0,0,0,0,0,0,0,0,0,0,0,0,0,0,PB,0,0,0,0,2018,UNK,juvenile,RFI,0,no,no,yes,1.458184933,1,1,1,0,BO,0,0,9
20165,0,0,0,0,0,0,0,0,0,0,0,0,0,0,0,0,0,0,0,0,0,0,0,0,PB,PB,0,0,0,2018,UNK,juvenile,ROM,0,no,no,yes,2.726527223,2,0,1,0,GG,1,1,17
20180,0,0,0,0,0,0,0,0,0,0,0,0,0,0,0,0,0,0,0,0,0,0,0,0,PB,0,0,0,0,2018,UNK,juvenile,SAN,0,no,no,yes,1.931616027,1,1,1,0,BO,0,0,7
20185,0,0,0,0,0,0,0,0,0,0,0,0,0,0,0,0,0,0,0,0,0,0,0,0,PB,0,0,0,0,2018,UNK,juvenile,SAN,0,no,no,yes,1.931616027,1,1,1,0,BO,0,0,7
20190,0,0,0,0,0,0,0,0,0,0,0,0,0,0,0,0,0,0,0,0,0,0,0,0,PB,0,0,0,0,2018,UNK,juvenile,SAN,0,no,no,yes,1.931616027,1,1,1,0,BO,0,0,7
2020,0,0,0,0,0,0,0,0,0,0,0,0,PB,0,0,0,0,0,0,0,0,0,0,0,0,0,0,0,0,2006,UNK,juvenile,EST,0,no,no,yes,0.406108964,1,1,1,0,GG,1,0,10
20215,0,0,0,0,0,0,0,0,0,0,0,0,0,0,0,0,0,0,0,0,0,0,0,0,PB,0,0,0,0,2018,UNK,juvenile,SEX,0,no,no,yes,1.630767846,1,1,1,0,BO,0,0,15
2025,0,0,0,0,0,0,0,0,0,0,PB,0,0,0,0,0,0,0,0,0,0,0,0,0,0,0,0,0,0,2004,UNK,juvenile,MAR,0,no,no,no,0.289798453,1,1,1,0,GG,NA,NA,3
20255,0,0,0,0,0,0,0,0,0,0,0,0,0,0,0,0,0,0,0,0,0,0,0,0,PB,0,0,0,0,2018,UNK,juvenile,SLE,0,no,no,yes,2.63006785,2,0,1,0,GG,1,0,14
20270,0,0,0,0,0,0,0,0,0,0,0,0,0,0,0,0,0,0,0,0,0,0,0,0,PB,0,0,0,0,2018,UNK,juvenile,SLS,0,no,no,yes,2.471803219,2,0,1,0,BO,0,0,NA
20275,0,0,0,0,0,0,0,0,0,0,0,0,0,0,0,0,0,0,0,0,0,0,0,0,PB,0,0,0,0,2018,UNK,juvenile,SLS,0,no,no,yes,2.471803219,2,0,1,0,BO,0,0,NA
2030,0,0,0,0,0,0,0,0,0,0,PB,0,0,0,0,0,0,0,0,0,0,0,0,0,0,0,0,0,0,2004,UNK,juvenile,GDEWS,NA,no,no,no,NA,#N/A,NA,NA,0.125,NA,1,1,NA
2035,0,0,0,0,0,0,0,0,0,0,0,PB,PB,PB,0,0,0,0,0,0,0,0,0,0,0,0,0,0,0,2005,UNK,juvenile,HIP,0,no,no,yes,3.747977041,3,0,0,0,BO,0,0,3
20365,0,0,0,0,0,0,0,0,0,0,0,0,0,0,0,0,0,0,0,0,0,0,0,0,PB,0,0,0,0,2018,UNK,juvenile,STA,0,no,no,yes,1.73100636,1,1,1,0.0078125,GG,0,0,5
20395,0,0,0,0,0,0,0,0,0,0,0,0,0,0,0,0,0,0,0,0,0,0,0,0,PB,0,0,0,0,2018,UNK,juvenile,SUL,0,no,no,yes,3.267512582,2,0,0,0,BO,0,0,7
2040,0,0,0,0,0,0,0,0,0,0,PB,0,PB,B,B,B,B,B,B,B,0,0,0,0,0,0,0,0,0,2004,Female,juvenile,NOW,0,no,no,yes,2.298311335,2,0,1,NA,BO,1,1,NA
20410,0,0,0,0,0,0,0,0,0,0,0,0,0,0,0,0,0,0,0,0,0,0,0,0,PB,0,0,0,0,2018,UNK,juvenile,SUN,0,no,no,yes,0.893336406,1,1,1,0,GG,0,0,10
20415,0,0,0,0,0,0,0,0,0,0,0,0,0,0,0,0,0,0,0,0,0,0,0,0,PB,0,0,0,0,2018,UNK,juvenile,SUN,0,no,no,yes,0.893336406,1,1,1,0,GG,1,1,10
20420,0,0,0,0,0,0,0,0,0,0,0,0,0,0,0,0,0,0,0,0,0,0,0,0,PB,0,0,0,0,2018,UNK,juvenile,SUN,0,no,no,yes,0.893336406,1,1,1,0,GG,1,1,10
20430,0,0,0,0,0,0,0,0,0,0,0,0,0,0,0,0,0,0,0,0,0,0,0,0,PB,0,0,0,0,2018,UNK,juvenile,SUZ,1,no,no,yes,0.630731823,1,1,1,0,GG,0,0,11
20435,0,0,0,0,0,0,0,0,0,0,0,0,0,0,0,0,0,0,0,0,0,0,0,0,PB,0,0,0,0,2018,UNK,juvenile,SUZ,1,no,no,yes,0.630731823,1,1,1,0,GG,0,0,11
20440,0,0,0,0,0,0,0,0,0,0,0,0,0,0,0,0,0,0,0,0,0,0,0,0,PB,0,0,0,0,2018,UNK,juvenile,SUZ,1,no,no,yes,0.630731823,1,1,1,0,GG,0,0,11
2045,0,0,0,0,0,0,0,0,0,0,0,PB,0,0,0,0,0,0,0,0,0,0,0,0,0,0,0,0,0,2005,UNK,juvenile,FOO,0,no,no,yes,0.426000445,1,1,1,0,GG,NA,NA,4
20470,0,0,0,0,0,0,0,0,0,0,0,0,0,0,0,0,0,0,0,0,0,0,0,0,PB,0,0,0,0,2018,UNK,juvenile,TAU,0,no,no,yes,0.412123285,1,1,1,0.041015625,GG,0,0,5
20475,0,0,0,0,0,0,0,0,0,0,0,0,0,0,0,0,0,0,0,0,0,0,0,0,PB,0,0,0,0,2018,UNK,juvenile,TAU,0,no,no,yes,0.412123285,1,1,1,0.041015625,GG,0,0,5
20480,0,0,0,0,0,0,0,0,0,0,0,0,0,0,0,0,0,0,0,0,0,0,0,0,PB,0,0,0,0,2018,UNK,juvenile,GLO,0,no,no,yes,3.499181983,2,0,0,0,BO,1,1,12
20485,0,0,0,0,0,0,0,0,0,0,0,0,0,0,0,0,0,0,0,0,0,0,0,0,PB,0,PB,0,0,2018,UNK,juvenile,GLO,0,no,no,yes,3.499181983,2,0,0,0,BO,NA,NA,12
2050,0,0,0,0,0,0,0,0,0,0,PB,0,0,0,0,0,0,0,0,0,0,0,0,0,0,0,0,0,0,2004,UNK,juvenile,EST,0,no,no,no,0.406108964,1,1,1,0,GG,NA,NA,8
2055,0,0,0,0,0,0,0,0,0,0,0,0,0,PB,0,0,0,0,0,0,0,0,0,0,0,0,0,0,0,2007,UNK,juvenile,LON,0,no,no,yes,0.041881187,1,1,1,0,GG,1,1,7
2060,0,0,0,0,0,0,0,0,0,0,0,0,PB,0,0,0,0,0,0,0,0,0,0,0,0,0,0,0,0,2006,Male,juvenile,TRA,0,no,no,yes,0.243337301,1,1,1,0.0625,GG,1,0,2
20610,0,0,0,0,0,0,0,0,0,0,0,0,0,0,0,0,0,0,0,0,0,0,0,0,PB,0,0,0,0,2018,UNK,juvenile,TRO,1,no,no,yes,0.572387875,1,1,1,0,GG,1,NA,18
20625,0,0,0,0,0,0,0,0,0,0,0,0,0,0,0,0,0,0,0,0,0,0,0,0,PB,0,0,0,0,2018,UNK,juvenile,TUT,0,no,no,yes,0.159228595,1,1,1,0,GG,1,0,17
2065,0,0,0,0,0,0,0,0,0,0,0,0,0,PB,0,0,0,0,0,0,0,0,0,0,0,0,0,0,0,2007,UNK,juvenile,LOC,0,no,no,yes,0.623713981,1,1,1,0,GG,1,0,5
20650,0,0,0,0,0,0,0,0,0,0,0,0,0,0,0,0,0,0,0,0,0,0,0,0,PB,0,0,0,0,2018,UNK,juvenile,VES,0,no,no,yes,3.052730754,2,0,0,0.001953125,BO,0,0,5
20655,0,0,0,0,0,0,0,0,0,0,0,0,0,0,0,0,0,0,0,0,0,0,0,0,PB,0,0,0,0,2018,UNK,juvenile,VES,0,no,no,yes,3.052730754,2,0,0,0.001953125,BO,1,1,5
20695,0,0,0,0,0,0,0,0,0,0,0,0,0,0,0,0,0,0,0,0,0,0,0,0,PB,0,0,0,0,2018,UNK,juvenile,WEE,0,no,no,yes,1.759037177,1,1,1,0,GG,0,0,NA
2070,0,0,0,0,0,0,0,0,0,0,0,0,0,PB,PB,0,0,0,0,0,0,0,0,0,0,0,0,0,0,2007,UNK,juvenile,TRA,0,no,no,yes,0.243337301,1,1,1,0.0625,GG,NA,NA,3
2075,0,0,0,0,0,0,0,0,0,0,PB,0,0,0,0,0,0,0,0,0,0,0,0,0,0,0,0,0,0,2004,UNK,juvenile,ATL,0,no,no,yes,0.290401009,1,1,1,0,GG,NA,NA,7
20765,0,0,0,0,0,0,0,0,0,0,0,0,0,0,0,0,0,0,0,0,0,0,0,0,PB,0,0,0,0,2018,UNK,juvenile,WRE,0,no,no,yes,3.05182676,2,0,0,0,BO,0,0,NA
20780,0,0,0,0,0,0,0,0,0,0,0,0,0,0,0,0,0,0,0,0,0,0,0,0,PB,0,PB,PB,0,2018,UNK,juvenile,UNK,NA,no,no,yes,NA,#N/A,NA,NA,NA,GG,1,0,NA
2080,0,0,0,0,0,0,0,0,0,0,0,PB,0,0,0,0,0,0,0,0,0,0,0,0,0,0,0,0,0,2005,UNK,juvenile,HUN,0,no,no,yes,1.09757632,1,1,1,0,GG,1,0,NA
20805,0,0,0,0,0,0,0,0,0,0,0,0,0,0,0,0,0,0,0,0,0,0,0,0,PB,0,0,0,0,2018,Male,juvenile,UNK,NA,no,no,yes,NA,#N/A,NA,NA,NA,GG,0,0,NA
20845,0,0,0,0,0,0,0,0,0,0,0,0,0,0,0,0,0,0,0,0,0,0,0,0,0,PB,0,0,0,2019,UNK,juvenile,AAR,0,no,no,yes,2.144788508,2,0,1,0,BO,0,0,NA
2085,0,0,0,0,0,0,0,0,0,0,PB,0,0,0,0,0,0,0,0,0,0,0,0,0,0,0,0,0,0,2004,UNK,juvenile,FOO,0,no,no,no,0.426000445,1,1,1,0,GG,NA,NA,3
20850,0,0,0,0,0,0,0,0,0,0,0,0,0,0,0,0,0,0,0,0,0,0,0,0,0,PB,0,0,0,2019,UNK,juvenile,AAR,0,no,no,yes,2.144788508,2,0,1,0,BO,1,1,NA
20875,0,0,0,0,0,0,0,0,0,0,0,0,0,0,0,0,0,0,0,0,0,0,0,0,0,PB,0,0,0,2019,UNK,juvenile,ADV,0,no,no,yes,2.264418305,2,0,1,0,GG,0,0,8
20895,0,0,0,0,0,0,0,0,0,0,0,0,0,0,0,0,0,0,0,0,0,0,0,0,0,PB,0,0,0,2019,UNK,juvenile,ALA,0,no,no,yes,0.856844925,1,1,1,0.015625,BO,NA,NA,7
2090,0,0,0,0,0,0,0,0,0,0,0,0,0,PB,0,PB,PB,B,B,B,B,0,B,B,0,B,0,B,0,2007,Male,juvenile,MOL,0,no,no,yes,1.841449966,1,1,1,0.0625,BO,0,0,4
20900,0,0,0,0,0,0,0,0,0,0,0,0,0,0,0,0,0,0,0,0,0,0,0,0,0,PB,0,0,0,2019,UNK,juvenile,ALA,0,no,no,yes,0.856844925,1,1,1,0.015625,BO,1,1,7
20905,0,0,0,0,0,0,0,0,0,0,0,0,0,0,0,0,0,0,0,0,0,0,0,0,0,PB,0,0,0,2019,UNK,juvenile,ALA,0,no,no,yes,0.856844925,1,1,1,0.015625,BO,0,0,7
20940,0,0,0,0,0,0,0,0,0,0,0,0,0,0,0,0,0,0,0,0,0,0,0,0,0,PB,0,0,0,2019,UNK,juvenile,AQU,0,no,no,yes,0.301142973,1,1,1,0.015625,GG,NA,NA,8
20945,0,0,0,0,0,0,0,0,0,0,0,0,0,0,0,0,0,0,0,0,0,0,0,0,0,PB,0,0,0,2019,UNK,juvenile,AQU,0,no,no,yes,0.301142973,1,1,1,0.015625,GG,NA,NA,8
2095,0,0,0,0,0,0,0,0,0,0,0,0,0,PB,0,0,0,0,0,0,0,0,0,0,0,0,0,0,0,2007,UNK,juvenile,HTD,0,no,no,yes,0.264195327,1,1,1,0,GG,1,1,4
20975,0,0,0,0,0,0,0,0,0,0,0,0,0,0,0,0,0,0,0,0,0,0,0,0,0,PB,0,0,0,2019,UNK,juvenile,BDK,0,no,no,yes,1.060955027,1,1,1,0.0234375,GG,1,1,7
20980,0,0,0,0,0,0,0,0,0,0,0,0,0,0,0,0,0,0,0,0,0,0,0,0,0,PB,0,0,0,2019,UNK,juvenile,BDK,0,no,no,yes,1.060955027,1,1,1,0.0234375,GG,1,1,7
20985,0,0,0,0,0,0,0,0,0,0,0,0,0,0,0,0,0,0,0,0,0,0,0,0,0,PB,0,0,0,2019,UNK,juvenile,BDK,0,no,no,yes,1.060955027,1,1,1,0.0234375,GG,1,1,7
2100,0,0,0,0,0,0,0,0,0,0,0,0,PB,0,0,0,0,0,0,0,0,0,0,0,0,0,0,0,0,2006,UNK,juvenile,EST,0,no,no,yes,0.406108964,1,1,1,0,GG,1,0,10
21030,0,0,0,0,0,0,0,0,0,0,0,0,0,0,0,0,0,0,0,0,0,0,0,0,0,PB,0,0,0,2019,UNK,juvenile,BHP,0,no,no,yes,3.755955783,3,0,0,0,BO,0,0,6
2105,0,0,0,0,0,0,0,0,0,0,0,PB,PB,0,0,0,0,0,0,0,0,0,0,0,0,0,0,0,0,2005,UNK,juvenile,SNA,0,no,no,yes,1.366245224,1,1,1,0.125,GG,0,0,6
21055,0,0,0,0,0,0,0,0,0,0,0,0,0,0,0,0,0,0,0,0,0,0,0,0,0,PB,0,0,0,2019,UNK,juvenile,BLR,0,no,no,yes,0.326113279,1,1,1,0.25,GG,NA,NA,11
21065,0,0,0,0,0,0,0,0,0,0,0,0,0,0,0,0,0,0,0,0,0,0,0,0,0,PB,0,0,0,2019,UNK,juvenile,BTW,0,no,no,yes,3.160310745,2,0,0,0.001953125,GG,0,0,NA
21080,0,0,0,0,0,0,0,0,0,0,0,0,0,0,0,0,0,0,0,0,0,0,0,0,0,PB,0,0,0,2019,UNK,juvenile,BIK,0,no,no,yes,0.974032195,1,1,1,0.08984375,GG,NA,NA,6
21085,0,0,0,0,0,0,0,0,0,0,0,0,0,0,0,0,0,0,0,0,0,0,0,0,0,PB,0,0,0,2019,UNK,juvenile,BIK,0,no,no,yes,0.974032195,1,1,1,0.08984375,GG,0,0,6
21090,0,0,0,0,0,0,0,0,0,0,0,0,0,0,0,0,0,0,0,0,0,0,0,0,0,PB,0,0,0,2019,UNK,juvenile,BIK,0,no,no,yes,0.974032195,1,1,1,0.08984375,GG,NA,NA,6
21095,0,0,0,0,0,0,0,0,0,0,0,0,0,0,0,0,0,0,0,0,0,0,0,0,0,PB,0,0,0,2019,UNK,juvenile,BIN,0,no,no,yes,2.27812993,2,0,1,0,GG,0,0,7
2110,0,0,0,0,0,0,0,0,0,0,0,0,0,PB,0,0,0,0,0,0,0,0,0,0,0,0,0,0,0,2007,UNK,juvenile,MOL,0,no,no,yes,1.841449966,1,1,1,0.0625,BO,0,0,4
21110,0,0,0,0,0,0,0,0,0,0,0,0,0,0,0,0,0,0,0,0,0,0,0,0,0,PB,0,0,0,2019,UNK,juvenile,BLA,0,no,no,yes,3.311901542,2,0,0,0.03125,GG,0,0,11
21115,0,0,0,0,0,0,0,0,0,0,0,0,0,0,0,0,0,0,0,0,0,0,0,0,0,PB,0,0,0,2019,Female,juvenile,BLA,0,no,no,yes,3.311901542,2,0,0,0.03125,GG,NA,NA,11
21120,0,0,0,0,0,0,0,0,0,0,0,0,0,0,0,0,0,0,0,0,0,0,0,0,0,PB,0,0,0,2019,UNK,juvenile,BLA,0,no,no,yes,3.311901542,2,0,0,0.03125,GG,NA,NA,11
21130,0,0,0,0,0,0,0,0,0,0,0,0,0,0,0,0,0,0,0,0,0,0,0,0,0,PB,0,0,0,2019,UNK,juvenile,BOB,0,no,no,yes,1.982154844,1,1,1,0.0390625,BO,NA,NA,3
21135,0,0,0,0,0,0,0,0,0,0,0,0,0,0,0,0,0,0,0,0,0,0,0,0,0,PB,0,0,0,2019,UNK,juvenile,BOB,0,no,no,yes,1.982154844,1,1,1,0.0390625,BO,NA,NA,3
21145,0,0,0,0,0,0,0,0,0,0,0,0,0,0,0,0,0,0,0,0,0,0,0,0,0,PB,0,0,0,2019,UNK,juvenile,BOD,0,no,no,yes,5.185915404,3,0,0,0.03125,GG,NA,NA,6
2115,0,0,0,0,0,0,0,0,0,0,0,PB,PB,PB,0,0,0,0,0,0,0,0,0,0,0,0,0,0,0,2005,UNK,juvenile,CUT,0,no,no,yes,2.565296255,2,0,1,0,GG,0,0,4
21150,0,0,0,0,0,0,0,0,0,0,0,0,0,0,0,0,0,0,0,0,0,0,0,0,0,PB,0,0,0,2019,UNK,juvenile,BOD,0,no,no,yes,5.185915404,3,0,0,0.03125,GG,NA,NA,6
21155,0,0,0,0,0,0,0,0,0,0,0,0,0,0,0,0,0,0,0,0,0,0,0,0,0,PB,0,0,0,2019,UNK,juvenile,BBA,0,no,no,yes,2.384051007,2,0,1,0,BO,0,0,10
2120,0,0,0,0,0,0,0,0,0,0,0,0,0,PB,0,0,0,0,0,0,0,0,0,0,0,0,0,0,0,2007,UNK,juvenile,NBS,1,no,no,yes,0.044941844,1,1,1,0,GG,1,1,6
21200,0,0,0,0,0,0,0,0,0,0,0,0,0,0,0,0,0,0,0,0,0,0,0,0,0,PB,0,0,PB,2019,UNK,juvenile,CAK,0,no,no,yes,1.735651455,1,1,1,0,GG,0,0,8
21205,0,0,0,0,0,0,0,0,0,0,0,0,0,0,0,0,0,0,0,0,0,0,0,0,0,PB,0,0,0,2019,UNK,juvenile,CAK,0,no,no,yes,1.735651455,1,1,1,0,GG,NA,NA,8
21215,0,0,0,0,0,0,0,0,0,0,0,0,0,0,0,0,0,0,0,0,0,0,0,0,0,PB,0,0,0,2019,Female,juvenile,CAR,0,no,no,yes,0.973584718,1,1,1,0,GG,1,0,NA
21220,0,0,0,0,0,0,0,0,0,0,0,0,0,0,0,0,0,0,0,0,0,0,0,0,0,PB,0,0,0,2019,UNK,juvenile,CAR,0,no,no,yes,0.973584718,1,1,1,0,GG,0,0,NA
21230,0,0,0,0,0,0,0,0,0,0,0,0,0,0,0,0,0,0,0,0,0,0,0,0,0,PB,0,PB,0,2019,UNK,juvenile,CER,0,no,no,yes,3.617334389,2,0,0,0,BO,0,0,7
2125,0,0,0,0,0,0,0,0,0,0,0,0,0,PB,PB,0,0,0,0,0,0,0,0,0,0,0,0,0,0,2007,UNK,juvenile,TRO,1,no,no,yes,0.042474,1,1,1,0,GG,1,0,7
21260,0,0,0,0,0,0,0,0,0,0,0,0,0,0,0,0,0,0,0,0,0,0,0,0,0,PB,0,0,0,2019,UNK,juvenile,CHI,1,no,no,yes,1.017734063,1,1,1,0,BO,0,0,NA
21265,0,0,0,0,0,0,0,0,0,0,0,0,0,0,0,0,0,0,0,0,0,0,0,0,0,PB,0,0,0,2019,UNK,juvenile,CHI,1,no,no,yes,1.017734063,1,1,1,0,BO,0,0,NA
21285,0,0,0,0,0,0,0,0,0,0,0,0,0,0,0,0,0,0,0,0,0,0,0,0,0,PB,0,0,0,2019,UNK,juvenile,CRA,0,no,no,yes,2.466652839,2,0,1,0.01953125,BO,0,0,4
21290,0,0,0,0,0,0,0,0,0,0,0,0,0,0,0,0,0,0,0,0,0,0,0,0,0,PB,0,0,0,2019,UNK,juvenile,CRA,0,no,no,yes,2.466652839,2,0,1,0.01953125,BO,0,0,4
21295,0,0,0,0,0,0,0,0,0,0,0,0,0,0,0,0,0,0,0,0,0,0,0,0,0,PB,0,0,0,2019,UNK,juvenile,CRA,0,no,no,yes,2.466652839,2,0,1,0.01953125,BO,0,0,4
2130,0,0,0,0,0,0,0,0,0,0,0,PB,PB,PB,0,0,0,0,B,B,0,B,0,B,0,0,0,0,0,2005,Male,juvenile,NOW,0,no,no,yes,2.298311335,2,0,1,NA,BO,0,0,NA
21300,0,0,0,0,0,0,0,0,0,0,0,0,0,0,0,0,0,0,0,0,0,0,0,0,0,PB,0,0,0,2019,UNK,juvenile,CPK,0,no,no,yes,0.274039381,1,1,1,0.25,GG,1,1,17
21305,0,0,0,0,0,0,0,0,0,0,0,0,0,0,0,0,0,0,0,0,0,0,0,0,0,PB,0,0,0,2019,Female,juvenile,CPK,0,no,no,yes,0.274039381,1,1,1,0.25,GG,1,1,17
21315,0,0,0,0,0,0,0,0,0,0,0,0,0,0,0,0,0,0,0,0,0,0,0,0,0,PB,0,0,0,2019,UNK,juvenile,CRI,0,no,no,yes,1.791658257,1,1,1,0.3125,GG,NA,NA,7
21320,0,0,0,0,0,0,0,0,0,0,0,0,0,0,0,0,0,0,0,0,0,0,0,0,0,PB,0,0,0,2019,UNK,juvenile,CRI,0,no,no,yes,1.791658257,1,1,1,0.3125,GG,NA,NA,7
2135,0,0,0,0,0,0,0,0,0,0,0,PB,PB,0,0,PB,PB,0,0,0,0,0,0,0,0,0,0,0,0,2005,UNK,juvenile,STX,0,no,no,yes,1.931616027,1,1,1,0,BO,0,0,6
21360,0,0,0,0,0,0,0,0,0,0,0,0,0,0,0,0,0,0,0,0,0,0,0,0,0,PB,0,0,0,2019,UNK,juvenile,DEV,0,no,no,yes,3.450820625,2,0,0,NA,BO,0,0,NA
21365,0,0,0,0,0,0,0,0,0,0,0,0,0,0,0,0,0,0,0,0,0,0,0,0,0,PB,0,0,0,2019,UNK,juvenile,DEV,0,no,no,yes,3.450820625,2,0,0,NA,BO,NA,NA,NA
21370,0,0,0,0,0,0,0,0,0,0,0,0,0,0,0,0,0,0,0,0,0,0,0,0,0,PB,0,0,0,2019,UNK,juvenile,DTO,0,no,no,yes,1.419705696,1,1,1,0,BO,1,1,7
21375,0,0,0,0,0,0,0,0,0,0,0,0,0,0,0,0,0,0,0,0,0,0,0,0,0,PB,0,0,0,2019,UNK,juvenile,DTO,0,no,no,yes,1.419705696,1,1,1,0,BO,1,1,7
21380,0,0,0,0,0,0,0,0,0,0,0,0,0,0,0,0,0,0,0,0,0,0,0,0,0,PB,0,0,0,2019,UNK,juvenile,DTO,0,no,no,yes,1.419705696,1,1,1,0,BO,NA,NA,7
21385,0,0,0,0,0,0,0,0,0,0,0,0,0,0,0,0,0,0,0,0,0,0,0,0,0,PB,0,0,0,2019,UNK,juvenile,DRV,0,no,no,yes,2.436138669,2,0,1,0.0625,GG,1,1,10
21390,0,0,0,0,0,0,0,0,0,0,0,0,0,0,0,0,0,0,0,0,0,0,0,0,0,PB,0,0,0,2019,UNK,juvenile,DRV,0,no,no,yes,2.436138669,2,0,1,0.0625,GG,1,1,10
21395,0,0,0,0,0,0,0,0,0,0,0,0,0,0,0,0,0,0,0,0,0,0,0,0,0,PB,0,0,0,2019,UNK,juvenile,DRV,0,no,no,yes,2.436138669,2,0,1,0.0625,GG,1,1,10
2140,0,0,0,0,0,0,0,0,0,0,0,0,PB,0,0,0,0,0,0,0,0,0,0,0,0,0,0,0,0,2006,UNK,juvenile,NIA,0,no,no,yes,1.074457819,1,1,1,0,GG,0,0,NA
21405,0,0,0,0,0,0,0,0,0,0,0,0,0,0,0,0,0,0,0,0,0,0,0,0,0,PB,0,0,0,2019,UNK,juvenile,FAT,0,no,no,yes,2.018575634,2,0,1,0.0625,GG,0,0,12
21410,0,0,0,0,0,0,0,0,0,0,0,0,0,0,0,0,0,0,0,0,0,0,0,0,0,PB,0,0,B,2019,UNK,juvenile,FAT,0,no,no,yes,2.018575634,2,0,1,0.0625,GG,0,0,12
21415,0,0,0,0,0,0,0,0,0,0,0,0,0,0,0,0,0,0,0,0,0,0,0,0,0,PB,0,0,0,2019,UNK,juvenile,FAT,0,no,no,yes,2.018575634,2,0,1,0.0625,GG,NA,NA,12
21420,0,0,0,0,0,0,0,0,0,0,0,0,0,0,0,0,0,0,0,0,0,0,0,0,0,PB,0,0,0,2019,UNK,juvenile,FIX,1,no,no,yes,0.197440576,1,1,1,0,BO,NA,NA,7
21425,0,0,0,0,0,0,0,0,0,0,0,0,0,0,0,0,0,0,0,0,0,0,0,0,0,PB,0,0,0,2019,UNK,juvenile,FIX,1,no,no,yes,0.197440576,1,1,1,0,BO,NA,NA,7
2145,0,0,0,0,0,0,0,0,0,0,0,0,0,PB,0,0,0,0,0,0,0,0,0,0,0,0,0,0,0,2007,UNK,juvenile,WOO,0,no,no,yes,2.220009418,2,0,1,0.25,GG,1,1,5
21450,0,0,0,0,0,0,0,0,0,0,0,0,0,0,0,0,0,0,0,0,0,0,0,0,0,PB,0,0,0,2019,UNK,juvenile,FMG,1,no,no,yes,0.454443648,1,1,1,0.0390625,GG,1,1,12
21465,0,0,0,0,0,0,0,0,0,0,0,0,0,0,0,0,0,0,0,0,0,0,0,0,0,PB,PB,0,0,2019,UNK,juvenile,GAL,0,no,no,yes,0.254924523,1,1,1,0,GG,0,0,16
21470,0,0,0,0,0,0,0,0,0,0,0,0,0,0,0,0,0,0,0,0,0,0,0,0,0,PB,0,0,0,2019,UNK,juvenile,GAL,0,no,no,yes,0.254924523,1,1,1,0,GG,1,1,16
21495,0,0,0,0,0,0,0,0,0,0,0,0,0,0,0,0,0,0,0,0,0,0,0,0,0,PB,0,0,0,2019,UNK,juvenile,GME,1,no,no,yes,1.23323277,1,1,1,0.03125,GG,0,0,13
2150,0,0,0,0,0,0,0,0,0,0,0,PB,0,0,0,0,0,0,0,0,0,0,0,0,0,0,0,0,0,2005,UNK,juvenile,RED,1,no,no,yes,0.440463006,1,1,1,0,GG,1,1,5
21500,0,0,0,0,0,0,0,0,0,0,0,0,0,0,0,0,0,0,0,0,0,0,0,0,0,PB,0,0,0,2019,UNK,juvenile,GME,1,no,no,yes,1.23323277,1,1,1,0.03125,GG,0,0,13
21525,0,0,0,0,0,0,0,0,0,0,0,0,0,0,0,0,0,0,0,0,0,0,0,0,0,PB,0,0,0,2019,UNK,juvenile,GRE,0,no,no,yes,1.7374113,1,1,1,0,BO,NA,NA,NA
2155,0,0,0,0,0,0,0,0,0,0,0,0,PB,0,PB,B,B,B,B,B,B,B,B,B,B,0,0,0,0,2006,Female,juvenile,LOS,0,no,no,yes,3.047162498,2,0,0,0,BO,0,0,3
21570,0,0,0,0,0,0,0,0,0,0,0,0,0,0,0,0,0,0,0,0,0,0,0,0,0,PB,0,0,0,2019,UNK,juvenile,HTC,0,no,no,yes,0.283694145,1,1,1,0.068359375,GG,0,0,9
21580,0,0,0,0,0,0,0,0,0,0,0,0,0,0,0,0,0,0,0,0,0,0,0,0,0,PB,0,0,0,2019,UNK,juvenile,HAL,0,no,no,yes,0.361336378,1,1,1,0.0234375,GG,0,0,6
21585,0,0,0,0,0,0,0,0,0,0,0,0,0,0,0,0,0,0,0,0,0,0,0,0,0,PB,0,0,0,2019,UNK,juvenile,HAL,0,no,no,yes,0.361336378,1,1,1,0.0234375,GG,NA,NA,6
2160,0,0,0,0,0,0,0,0,0,0,PB,0,0,0,0,0,0,0,0,0,0,0,0,0,0,0,0,0,0,2004,Male,juvenile,GDEWS,NA,no,no,no,NA,#N/A,NA,NA,0,NA,0,0,NA
21600,0,0,0,0,0,0,0,0,0,0,0,0,0,0,0,0,0,0,0,0,0,0,0,0,0,PB,0,0,0,2019,UNK,juvenile,HEB,1,no,no,yes,1.305896033,1,1,1,0.016113281,GG,1,1,NA
21605,0,0,0,0,0,0,0,0,0,0,0,0,0,0,0,0,0,0,0,0,0,0,0,0,0,PB,0,0,0,2019,UNK,juvenile,HEB,1,no,no,yes,1.305896033,1,1,1,0.016113281,GG,0,0,NA
21610,0,0,0,0,0,0,0,0,0,0,0,0,0,0,0,0,0,0,0,0,0,0,0,0,0,PB,0,0,0,2019,UNK,juvenile,HEB,1,no,no,yes,1.305896033,1,1,1,0.016113281,GG,0,0,NA
21615,0,0,0,0,0,0,0,0,0,0,0,0,0,0,0,0,0,0,0,0,0,0,0,0,0,PB,0,0,PB,2019,UNK,juvenile,HEM,0,no,no,yes,2.55931539,2,0,1,0.03125,GG,0,0,5
21645,0,0,0,0,0,0,0,0,0,0,0,0,0,0,0,0,0,0,0,0,0,0,0,0,0,PB,0,0,0,2019,UNK,juvenile,HIL,0,no,no,yes,2.679,2,0,1,0.046875,BO,0,0,5
2165,0,0,0,0,0,0,0,0,0,0,0,0,PB,PB,PB,PB,PB,B,B,PO,B,0,0,0,0,0,0,0,0,2006,Male,juvenile,GRE,0,no,no,yes,1.7374113,1,1,1,0,BO,0,0,3
21650,0,0,0,0,0,0,0,0,0,0,0,0,0,0,0,0,0,0,0,0,0,0,0,0,0,PB,PB,0,0,2019,UNK,juvenile,HIL,0,no,no,yes,2.679,2,0,1,0.046875,BO,0,0,5
21655,0,0,0,0,0,0,0,0,0,0,0,0,0,0,0,0,0,0,0,0,0,0,0,0,0,PB,0,0,0,2019,UNK,juvenile,IPR,0,no,no,yes,2.09231506,2,0,1,0,GG,NA,NA,7
21670,0,0,0,0,0,0,0,0,0,0,0,0,0,0,0,0,0,0,0,0,0,0,0,0,0,PB,0,0,0,2019,UNK,juvenile,IND,0,no,no,yes,2.771576849,2,0,1,0.15625,GG,0,0,7
21675,0,0,0,0,0,0,0,0,0,0,0,0,0,0,0,0,0,0,0,0,0,0,0,0,0,PB,0,0,0,2019,UNK,juvenile,IND,0,no,no,yes,2.771576849,2,0,1,0.15625,GG,0,0,7
21680,0,0,0,0,0,0,0,0,0,0,0,0,0,0,0,0,0,0,0,0,0,0,0,0,0,PB,0,0,0,2019,UNK,juvenile,IND,0,no,no,yes,2.771576849,2,0,1,0.15625,GG,NA,NA,7
21685,0,0,0,0,0,0,0,0,0,0,0,0,0,0,0,0,0,0,0,0,0,0,0,0,0,PB,PB,0,0,2019,UNK,juvenile,JAS,0,no,no,yes,0.09697577,1,1,1,0.049804688,GG,0,0,6
21690,0,0,0,0,0,0,0,0,0,0,0,0,0,0,0,0,0,0,0,0,0,0,0,0,0,PB,0,0,0,2019,UNK,juvenile,JAS,0,no,no,yes,0.09697577,1,1,1,0.049804688,GG,0,0,6
21695,0,0,0,0,0,0,0,0,0,0,0,0,0,0,0,0,0,0,0,0,0,0,0,0,0,PB,0,0,0,2019,UNK,juvenile,JAS,0,no,no,yes,0.09697577,1,1,1,0.049804688,GG,0,0,6
2170,0,0,0,0,0,0,0,0,0,0,0,0,0,PB,0,0,0,0,0,0,0,0,0,0,0,0,0,0,0,2007,UNK,juvenile,NBS,1,no,no,yes,0.044941844,1,1,1,0,GG,NA,NA,6
21700,0,0,0,0,0,0,0,0,0,0,0,0,0,0,0,0,0,0,0,0,0,0,0,0,0,PB,0,0,0,2019,UNK,juvenile,JUN,0,no,no,yes,1.606571009,1,1,1,NA,BO,1,1,NA
21710,0,0,0,0,0,0,0,0,0,0,0,0,0,0,0,0,0,0,0,0,0,0,0,0,0,PB,0,0,0,2019,UNK,juvenile,JUR,0,no,no,yes,0.99058611,1,1,1,0.03125,GG,0,0,8
21715,0,0,0,0,0,0,0,0,0,0,0,0,0,0,0,0,0,0,0,0,0,0,0,0,0,PB,0,0,0,2019,UNK,juvenile,JUR,0,no,no,yes,0.99058611,1,1,1,0.03125,GG,0,0,8
21720,0,0,0,0,0,0,0,0,0,0,0,0,0,0,0,0,0,0,0,0,0,0,0,0,0,PB,0,0,0,2019,UNK,juvenile,JUR,0,no,no,yes,0.99058611,1,1,1,0.03125,GG,1,1,8
21725,0,0,0,0,0,0,0,0,0,0,0,0,0,0,0,0,0,0,0,0,0,0,0,0,0,PB,0,0,0,2019,UNK,juvenile,JUR,0,no,no,yes,0.99058611,1,1,1,0.03125,GG,NA,NA,8
2175,0,0,0,0,0,0,0,0,0,0,0,0,PB,0,0,0,0,0,0,0,0,0,0,0,0,0,0,0,0,2006,UNK,juvenile,GAL,0,no,no,yes,0.254924523,1,1,1,0,GG,0,0,3
21750,0,0,0,0,0,0,0,0,0,0,0,0,0,0,0,0,0,0,0,0,0,0,0,0,0,PB,0,0,0,2019,UNK,juvenile,KRE,1,no,no,yes,0.757913181,1,1,1,0,GG,NA,NA,13
21755,0,0,0,0,0,0,0,0,0,0,0,0,0,0,0,0,0,0,0,0,0,0,0,0,0,PB,0,0,0,2019,UNK,juvenile,KRE,1,no,no,yes,0.757913181,1,1,1,0,GG,0,0,13
21780,0,0,0,0,0,0,0,0,0,0,0,0,0,0,0,0,0,0,0,0,0,0,0,0,0,PB,0,0,0,2019,UNK,juvenile,LAN,0,no,no,yes,3.263313516,2,0,0,0,GG,NA,NA,9
2180,0,0,0,0,0,0,0,0,0,0,0,0,0,PB,0,0,0,0,0,0,0,0,0,0,0,0,0,0,0,2007,UNK,juvenile,SUZ,1,no,no,yes,0.045266475,1,1,1,0,GG,1,0,3
21810,0,0,0,0,0,0,0,0,0,0,0,0,0,0,0,0,0,0,0,0,0,0,0,0,0,PB,0,0,0,2019,Male,juvenile,LOC,0,no,no,yes,0.673104913,1,1,1,0.0390625,GG,1,1,3
21815,0,0,0,0,0,0,0,0,0,0,0,0,0,0,0,0,0,0,0,0,0,0,0,0,0,PB,PB,0,0,2019,Female,juvenile,LOC,0,no,no,yes,0.673104913,1,1,1,0.0390625,GG,1,1,3
2185,0,0,0,0,0,0,0,0,0,0,0,0,0,PB,0,0,0,0,0,0,0,0,0,0,0,0,0,0,0,2007,UNK,juvenile,ONE,1,no,no,yes,0.450070765,1,1,1,0,GG,0,0,5
21860,0,0,0,0,0,0,0,0,0,0,0,0,0,0,0,0,0,0,0,0,0,0,0,0,0,PB,0,0,0,2019,UNK,juvenile,MAR,0,no,no,yes,0.790406159,1,1,1,0.0625,GG,0,0,7
21865,0,0,0,0,0,0,0,0,0,0,0,0,0,0,0,0,0,0,0,0,0,0,0,0,0,PB,0,0,0,2019,UNK,juvenile,MAR,0,no,no,yes,0.790406159,1,1,1,0.0625,GG,0,0,7
21870,0,0,0,0,0,0,0,0,0,0,0,0,0,0,0,0,0,0,0,0,0,0,0,0,0,PB,0,0,0,2019,UNK,juvenile,MAR,0,no,no,yes,0.790406159,1,1,1,0.0625,GG,0,0,7
21875,0,0,0,0,0,0,0,0,0,0,0,0,0,0,0,0,0,0,0,0,0,0,0,0,0,PB,0,0,0,2019,UNK,juvenile,MDI,0,no,no,yes,2.337083723,2,0,1,0,GG,0,0,16
21880,0,0,0,0,0,0,0,0,0,0,0,0,0,0,0,0,0,0,0,0,0,0,0,0,0,PB,0,0,0,2019,UNK,juvenile,MDI,0,no,no,yes,2.337083723,2,0,1,0,GG,0,0,16
21885,0,0,0,0,0,0,0,0,0,0,0,0,0,0,0,0,0,0,0,0,0,0,0,0,0,PB,0,0,0,2019,UNK,juvenile,MDI,0,no,no,yes,2.337083723,2,0,1,0,GG,NA,NA,16
21890,0,0,0,0,0,0,0,0,0,0,0,0,0,0,0,0,0,0,0,0,0,0,0,0,0,PB,0,0,0,2019,UNK,juvenile,MAZ,0,no,no,yes,1.601767812,1,1,1,NA,GG,0,0,NA
2190,0,0,0,0,0,0,0,0,0,0,0,0,PB,0,PB,B,B,0,B,B,B,B,0,0,B,B,0,0,0,2006,Male,juvenile,AAR,0,no,no,yes,2.144788508,2,0,1,0,BO,0,0,3
21905,0,0,0,0,0,0,0,0,0,0,0,0,0,0,0,0,0,0,0,0,0,0,0,0,0,PB,0,0,0,2019,UNK,juvenile,MEG,0,no,no,yes,2.410838132,2,0,1,NA,BO,0,0,5
21910,0,0,0,0,0,0,0,0,0,0,0,0,0,0,0,0,0,0,0,0,0,0,0,0,0,PB,0,0,0,2019,UNK,juvenile,MEG,0,no,no,yes,2.410838132,2,0,1,NA,BO,0,0,5
21915,0,0,0,0,0,0,0,0,0,0,0,0,0,0,0,0,0,0,0,0,0,0,0,0,0,PB,0,0,0,2019,UNK,juvenile,MEG,0,no,no,yes,2.410838132,2,0,1,NA,BO,0,0,5
21920,0,0,0,0,0,0,0,0,0,0,0,0,0,0,0,0,0,0,0,0,0,0,0,0,0,PB,PB,PB,0,2019,UNK,juvenile,MFA,1,no,no,yes,0.796526679,1,1,1,0,GG,0,0,5
21925,0,0,0,0,0,0,0,0,0,0,0,0,0,0,0,0,0,0,0,0,0,0,0,0,0,PB,0,0,0,2019,UNK,juvenile,MFA,1,no,no,yes,0.796526679,1,1,1,0,GG,0,0,5
21935,0,0,0,0,0,0,0,0,0,0,0,0,0,0,0,0,0,0,0,0,0,0,0,0,0,PB,PB,0,0,2019,UNK,juvenile,MID,0,no,no,yes,3.747665382,3,0,0,NA,BO,0,0,NA
21940,0,0,0,0,0,0,0,0,0,0,0,0,0,0,0,0,0,0,0,0,0,0,0,0,0,PB,0,0,0,2019,UNK,juvenile,MID,0,no,no,yes,3.747665382,3,0,0,NA,BO,0,0,NA
21945,0,0,0,0,0,0,0,0,0,0,0,0,0,0,0,0,0,0,0,0,0,0,0,0,0,PB,0,0,0,2019,UNK,juvenile,MID,0,no,no,yes,3.747665382,3,0,0,NA,BO,0,0,NA
2195,0,0,0,0,0,0,0,0,0,0,0,0,0,PB,0,0,0,0,0,0,0,0,0,0,0,0,0,0,0,2007,UNK,juvenile,HIP,0,no,no,yes,3.747977041,3,0,0,0,BO,NA,NA,5
21950,0,0,0,0,0,0,0,0,0,0,0,0,0,0,0,0,0,0,0,0,0,0,0,0,0,PB,0,0,0,2019,UNK,juvenile,FAX,0,no,no,yes,3.268100931,2,0,0,0.28125,GG,0,0,NA
21955,0,0,0,0,0,0,0,0,0,0,0,0,0,0,0,0,0,0,0,0,0,0,0,0,0,PB,0,0,0,2019,UNK,juvenile,FAX,0,no,no,yes,3.268100931,2,0,0,0.28125,GG,0,0,NA
21960,0,0,0,0,0,0,0,0,0,0,0,0,0,0,0,0,0,0,0,0,0,0,0,0,0,PB,0,0,0,2019,UNK,juvenile,FAX,0,no,no,yes,3.268100931,2,0,0,0.28125,GG,0,0,NA
21970,0,0,0,0,0,0,0,0,0,0,0,0,0,0,0,0,0,0,0,0,0,0,0,0,0,PB,0,0,0,2019,UNK,juvenile,MNT,1,no,no,yes,0.632854925,1,1,1,0,GG,0,0,7
21975,0,0,0,0,0,0,0,0,0,0,0,0,0,0,0,0,0,0,0,0,0,0,0,0,0,PB,0,0,0,2019,UNK,juvenile,MNT,1,no,no,yes,0.632854925,1,1,1,0,GG,0,0,7
21980,0,0,0,0,0,0,0,0,0,0,0,0,0,0,0,0,0,0,0,0,0,0,0,0,0,PB,0,0,0,2019,UNK,juvenile,MNT,1,no,no,yes,0.632854925,1,1,1,0,GG,1,1,7
21990,0,0,0,0,0,0,0,0,0,0,0,0,0,0,0,0,0,0,0,0,0,0,0,0,0,PB,0,0,PB,2019,UNK,juvenile,MIR,0,no,no,yes,3.461566333,2,0,0,NA,BO,0,0,7
2200,0,0,0,0,0,0,0,0,0,0,0,0,PB,PB,PB,B,B,B,B,B,0,0,B,B,0,B,B,0,0,2006,Female,juvenile,LEG,0,no,no,yes,1.017734063,1,1,1,0,BO,0,0,3
22000,0,0,0,0,0,0,0,0,0,0,0,0,0,0,0,0,0,0,0,0,0,0,0,0,0,PB,0,0,0,2019,UNK,juvenile,MOL,0,no,no,yes,1.841449966,1,1,1,0.140625,BO,0,0,16
22010,0,0,0,0,0,0,0,0,0,0,0,0,0,0,0,0,0,0,0,0,0,0,0,0,0,PB,0,0,0,2019,UNK,juvenile,MOR,0,no,no,yes,0.108558256,1,1,1,0.140625,GG,1,1,15
22015,0,0,0,0,0,0,0,0,0,0,0,0,0,0,0,0,0,0,0,0,0,0,0,0,0,PB,0,0,0,2019,UNK,juvenile,MOR,0,no,no,yes,0.108558256,1,1,1,0.140625,GG,NA,NA,15
22025,0,0,0,0,0,0,0,0,0,0,0,0,0,0,0,0,0,0,0,0,0,0,0,0,0,PB,0,0,0,2019,UNK,juvenile,MGL,0,no,no,yes,1.445809405,1,1,1,0,BO,NA,NA,6
22030,0,0,0,0,0,0,0,0,0,0,0,0,0,0,0,0,0,0,0,0,0,0,0,0,0,PB,0,0,0,2019,UNK,juvenile,MGL,0,no,no,yes,1.445809405,1,1,1,0,BO,1,1,6
22040,0,0,0,0,0,0,0,0,0,0,0,0,0,0,0,0,0,0,0,0,0,0,0,0,0,PB,0,0,0,2019,UNK,juvenile,MCW,1,no,no,yes,0.838340055,1,1,1,0.0625,GG,NA,NA,8
2205,0,0,0,0,0,0,0,0,0,0,0,PB,0,0,0,0,0,0,0,0,0,0,0,0,0,0,0,0,0,2005,UNK,juvenile,LON,0,no,no,yes,0.041881187,1,1,1,0,GG,0,0,5
22075,0,0,0,0,0,0,0,0,0,0,0,0,0,0,0,0,0,0,0,0,0,0,0,0,0,PB,0,0,0,2019,UNK,juvenile,MOS,0,no,no,yes,1.327013703,1,1,1,0.25,BO,NA,NA,17
22080,0,0,0,0,0,0,0,0,0,0,0,0,0,0,0,0,0,0,0,0,0,0,0,0,0,PB,0,0,0,2019,UNK,juvenile,MOS,0,no,no,yes,1.327013703,1,1,1,0.25,BO,NA,NA,17
2210,0,0,0,0,0,0,0,0,0,0,0,PB,0,0,0,0,0,0,0,0,0,0,0,0,0,0,0,0,0,2005,UNK,juvenile,LON,0,no,no,yes,0.041881187,1,1,1,0,GG,0,0,5
22105,0,0,0,0,0,0,0,0,0,0,0,0,0,0,0,0,0,0,0,0,0,0,0,0,0,PB,0,PB,0,2019,UNK,juvenile,MQO,0,no,no,yes,0.161296177,1,1,1,0.03125,GG,NA,NA,17
2215,0,0,0,0,0,0,0,0,0,0,0,0,0,PB,0,0,0,0,0,0,0,0,0,0,0,0,0,0,0,2007,UNK,juvenile,TRA,0,no,no,yes,0.243337301,1,1,1,0.0625,GG,0,0,3
22155,0,0,0,0,0,0,0,0,0,0,0,0,0,0,0,0,0,0,0,0,0,0,0,0,0,PB,0,0,0,2019,UNK,juvenile,NAI,0,no,no,yes,3.419789366,2,0,0,0.03125,GG,NA,NA,9
22160,0,0,0,0,0,0,0,0,0,0,0,0,0,0,0,0,0,0,0,0,0,0,0,0,0,PB,0,0,0,2019,UNK,juvenile,NAI,0,no,no,yes,3.419789366,2,0,0,0.03125,GG,NA,NA,9
22195,0,0,0,0,0,0,0,0,0,0,0,0,0,0,0,0,0,0,0,0,0,0,0,0,0,PB,0,0,0,2019,UNK,juvenile,NIA,0,no,no,yes,2.320350474,2,0,1,0.032226563,GG,0,0,6
2220,0,0,0,0,0,0,0,0,0,0,0,PB,PB,PB,B,0,0,0,0,0,0,0,0,0,0,0,0,0,0,2005,Male,juvenile,NBS,1,no,no,yes,0.044941844,1,1,1,0,GG,1,1,4
22200,0,0,0,0,0,0,0,0,0,0,0,0,0,0,0,0,0,0,0,0,0,0,0,0,0,PB,0,0,0,2019,UNK,juvenile,NIA,0,no,no,yes,2.320350474,2,0,1,0.032226563,GG,0,0,6
22210,0,0,0,0,0,0,0,0,0,0,0,0,0,0,0,0,0,0,0,0,0,0,0,0,0,PB,0,0,0,2019,Male,juvenile,NID,0,no,no,yes,0.169170504,1,1,1,0,GG,NA,NA,6
22215,0,0,0,0,0,0,0,0,0,0,0,0,0,0,0,0,0,0,0,0,0,0,0,0,0,PB,0,0,0,2019,UNK,juvenile,NID,0,no,no,yes,0.169170504,1,1,1,0,GG,0,0,6
22220,0,0,0,0,0,0,0,0,0,0,0,0,0,0,0,0,0,0,0,0,0,0,0,0,0,PB,0,0,0,2019,UNK,juvenile,NID,0,no,no,yes,0.169170504,1,1,1,0,GG,0,0,6
22225,0,0,0,0,0,0,0,0,0,0,0,0,0,0,0,0,0,0,0,0,0,0,0,0,0,PB,0,0,0,2019,UNK,juvenile,OLY,1,no,no,yes,0.525180152,1,1,1,0.25,GG,1,1,10
22230,0,0,0,0,0,0,0,0,0,0,0,0,0,0,0,0,0,0,0,0,0,0,0,0,0,PB,0,0,0,2019,UNK,juvenile,OLY,1,no,no,yes,0.525180152,1,1,1,0.25,GG,0,0,10
22240,0,0,0,0,0,0,0,0,0,0,0,0,0,0,0,0,0,0,0,0,0,0,0,0,0,PB,0,0,0,2019,UNK,juvenile,OPT,0,no,no,yes,3.506399929,2,0,0,0,BO,0,0,5
22245,0,0,0,0,0,0,0,0,0,0,0,0,0,0,0,0,0,0,0,0,0,0,0,0,0,PB,0,0,0,2019,UNK,juvenile,OPT,0,no,no,yes,3.506399929,2,0,0,0,BO,0,0,5
2225,0,0,0,0,0,0,0,0,0,0,0,0,0,PB,0,0,0,0,0,0,0,0,0,0,0,0,0,0,0,2007,UNK,juvenile,ATL,0,no,no,yes,0.290401009,1,1,1,0,GG,NA,NA,3
22250,0,0,0,0,0,0,0,0,0,0,0,0,0,0,0,0,0,0,0,0,0,0,0,0,0,PB,0,0,0,2019,UNK,juvenile,OPT,0,no,no,yes,3.506399929,2,0,0,0,BO,1,1,5
22270,0,0,0,0,0,0,0,0,0,0,0,0,0,0,0,0,0,0,0,0,0,0,0,0,0,PB,0,0,0,2019,UNK,juvenile,PAL,0,no,no,yes,3.605961278,2,0,0,NA,BO,0,0,NA
22275,0,0,0,0,0,0,0,0,0,0,0,0,0,0,0,0,0,0,0,0,0,0,0,0,0,PB,0,0,0,2019,UNK,juvenile,PAL,0,no,no,yes,3.605961278,2,0,0,NA,BO,1,1,NA
22280,0,0,0,0,0,0,0,0,0,0,0,0,0,0,0,0,0,0,0,0,0,0,0,0,0,PB,0,0,0,2019,UNK,juvenile,PMF,0,no,no,yes,1.038091464,1,1,1,0,BO,NA,NA,NA
22285,0,0,0,0,0,0,0,0,0,0,0,0,0,0,0,0,0,0,0,0,0,0,0,0,0,PB,0,0,0,2019,UNK,juvenile,PMF,0,no,no,yes,1.038091464,1,1,1,0,BO,NA,NA,NA
22290,0,0,0,0,0,0,0,0,0,0,0,0,0,0,0,0,0,0,0,0,0,0,0,0,0,PB,0,0,0,2019,UNK,juvenile,PMF,0,no,no,yes,1.038091464,1,1,1,0,BO,NA,NA,NA
22295,0,0,0,0,0,0,0,0,0,0,0,0,0,0,0,0,0,0,0,0,0,0,0,0,0,PB,0,0,0,2019,UNK,juvenile,PAR,0,no,no,yes,2.011722582,2,0,1,0,BO,0,0,13
2230,0,0,0,0,0,0,0,0,0,0,0,0,PB,PB,PB,PB,0,0,0,0,0,0,0,0,0,0,0,0,0,2006,Male,juvenile,TRA,0,no,no,yes,0.243337301,1,1,1,0.0625,GG,0,0,2
22300,0,0,0,0,0,0,0,0,0,0,0,0,0,0,0,0,0,0,0,0,0,0,0,0,0,PB,0,0,0,2019,UNK,juvenile,PAR,0,no,no,yes,2.011722582,2,0,1,0,BO,1,1,13
22305,0,0,0,0,0,0,0,0,0,0,0,0,0,0,0,0,0,0,0,0,0,0,0,0,0,PB,0,0,0,2019,UNK,juvenile,PAR,0,no,no,yes,2.011722582,2,0,1,0,BO,0,0,13
22310,0,0,0,0,0,0,0,0,0,0,0,0,0,0,0,0,0,0,0,0,0,0,0,0,0,PB,0,0,PB,2019,UNK,juvenile,PAT,0,no,no,yes,2.254204238,2,0,1,0.001953125,BO,NA,NA,9
22315,0,0,0,0,0,0,0,0,0,0,0,0,0,0,0,0,0,0,0,0,0,0,0,0,0,PB,0,0,0,2019,UNK,juvenile,PAT,0,no,no,yes,2.254204238,2,0,1,0.001953125,BO,NA,NA,9
22325,0,0,0,0,0,0,0,0,0,0,0,0,0,0,0,0,0,0,0,0,0,0,0,0,0,PB,0,0,0,2019,UNK,juvenile,PHO,0,no,no,yes,2.178024733,2,0,1,0,GG,NA,NA,8
22330,0,0,0,0,0,0,0,0,0,0,0,0,0,0,0,0,0,0,0,0,0,0,0,0,0,PB,0,0,0,2019,UNK,juvenile,PHO,0,no,no,yes,2.178024733,2,0,1,0,GG,1,1,8
22370,0,0,0,0,0,0,0,0,0,0,0,0,0,0,0,0,0,0,0,0,0,0,0,0,0,PB,0,0,0,2019,UNK,juvenile,PRI,1,no,no,yes,0.625509911,1,1,1,0.016601563,GG,NA,NA,8
22375,0,0,0,0,0,0,0,0,0,0,0,0,0,0,0,0,0,0,0,0,0,0,0,0,0,PB,0,0,0,2019,UNK,juvenile,PRI,1,no,no,yes,0.625509911,1,1,1,0.016601563,GG,NA,NA,8
22380,0,0,0,0,0,0,0,0,0,0,0,0,0,0,0,0,0,0,0,0,0,0,0,0,0,PB,0,0,0,2019,UNK,juvenile,PRI,1,no,no,yes,0.625509911,1,1,1,0.016601563,GG,NA,NA,8
2240,0,0,0,0,0,0,0,0,0,0,0,PB,PB,0,0,PB,B,B,B,B,0,0,0,0,0,0,0,0,0,2005,Male,juvenile,MOS,0,no,no,yes,1.327013703,1,1,1,0,BO,NA,NA,3
22435,0,0,0,0,0,0,0,0,0,0,0,0,0,0,0,0,0,0,0,0,0,0,0,0,0,PB,0,0,0,2019,UNK,juvenile,RPO,0,no,no,yes,0.49589173,1,1,1,0.25,GG,NA,NA,8
22450,0,0,0,0,0,0,0,0,0,0,0,0,0,0,0,0,0,0,0,0,0,0,0,0,0,PB,0,0,0,2019,UNK,juvenile,RBN,0,no,no,yes,1.71341547,1,1,1,0,GG,0,0,NA
22470,0,0,0,0,0,0,0,0,0,0,0,0,0,0,0,0,0,0,0,0,0,0,0,0,0,PB,0,0,0,2019,UNK,juvenile,RED,1,no,no,yes,0.859766583,1,1,1,0.015625,GG,NA,NA,15
22475,0,0,0,0,0,0,0,0,0,0,0,0,0,0,0,0,0,0,0,0,0,0,0,0,0,PB,0,0,0,2019,UNK,juvenile,RED,1,no,no,yes,0.859766583,1,1,1,0.015625,GG,0,0,15
22480,0,0,0,0,0,0,0,0,0,0,0,0,0,0,0,0,0,0,0,0,0,0,0,0,0,PB,0,0,0,2019,UNK,juvenile,ROB,0,no,no,yes,2.134966837,2,0,1,0.00390625,BO,0,0,5
22485,0,0,0,0,0,0,0,0,0,0,0,0,0,0,0,0,0,0,0,0,0,0,0,0,0,PB,0,0,0,2019,UNK,juvenile,ROB,0,no,no,yes,2.134966837,2,0,1,0.00390625,BO,0,0,5
22490,0,0,0,0,0,0,0,0,0,0,0,0,0,0,0,0,0,0,0,0,0,0,0,0,0,PB,0,0,0,2019,UNK,juvenile,ROB,0,no,no,yes,2.134966837,2,0,1,0.00390625,BO,NA,NA,5
22495,0,0,0,0,0,0,0,0,0,0,0,0,0,0,0,0,0,0,0,0,0,0,0,0,0,PB,0,0,0,2019,UNK,juvenile,RFI,0,no,no,yes,1.458184933,1,1,1,0,BO,0,0,10
2250,0,0,0,0,0,0,0,0,0,0,0,0,PB,PB,PB,PB,B,B,B,B,B,B,B,B,B,0,0,0,0,2006,Female,juvenile,KIO,0,no,no,yes,1.334940322,1,1,1,0.125,GG,1,0,3
22500,0,0,0,0,0,0,0,0,0,0,0,0,0,0,0,0,0,0,0,0,0,0,0,0,0,PB,0,0,0,2019,UNK,juvenile,RFI,0,no,no,yes,1.458184933,1,1,1,0,BO,0,0,10
22515,0,0,0,0,0,0,0,0,0,0,0,0,0,0,0,0,0,0,0,0,0,0,0,0,0,PB,0,0,0,2019,UNK,juvenile,SAN,0,no,no,yes,1.931616027,1,1,1,0.0234375,BO,0,0,8
22520,0,0,0,0,0,0,0,0,0,0,0,0,0,0,0,0,0,0,0,0,0,0,0,0,0,PB,0,0,0,2019,UNK,juvenile,SAN,0,no,no,yes,1.931616027,1,1,1,0.0234375,BO,1,1,8
22525,0,0,0,0,0,0,0,0,0,0,0,0,0,0,0,0,0,0,0,0,0,0,0,0,0,PB,0,0,0,2019,UNK,juvenile,SAN,0,no,no,yes,1.931616027,1,1,1,0.0234375,BO,0,0,8
22530,0,0,0,0,0,0,0,0,0,0,0,0,0,0,0,0,0,0,0,0,0,0,0,0,0,PB,0,0,0,2019,UNK,juvenile,SAP,0,no,no,yes,2.877791293,2,0,1,0.015625,GG,NA,NA,13
22535,0,0,0,0,0,0,0,0,0,0,0,0,0,0,0,0,0,0,0,0,0,0,0,0,0,PB,0,0,0,2019,UNK,juvenile,SAP,0,no,no,yes,2.877791293,2,0,1,0.015625,GG,NA,NA,13
22545,0,0,0,0,0,0,0,0,0,0,0,0,0,0,0,0,0,0,0,0,0,0,0,0,0,PB,0,0,0,2019,UNK,juvenile,SEX,0,no,no,yes,1.630767846,1,1,1,0,BO,0,0,16
2255,0,0,0,0,0,0,0,0,0,0,0,0,PB,0,0,0,0,0,0,0,0,0,0,0,0,0,0,0,0,2006,UNK,juvenile,KIO,0,no,no,yes,1.334940322,1,1,1,0.125,GG,1,1,3
22550,0,0,0,0,0,0,0,0,0,0,0,0,0,0,0,0,0,0,0,0,0,0,0,0,0,PB,0,0,0,2019,UNK,juvenile,SEX,0,no,no,yes,1.630767846,1,1,1,0,BO,NA,NA,16
22555,0,0,0,0,0,0,0,0,0,0,0,0,0,0,0,0,0,0,0,0,0,0,0,0,0,PB,0,0,0,2019,UNK,juvenile,SIL,0,no,no,yes,2.155538711,2,0,1,0.0546875,GG,1,1,4
22560,0,0,0,0,0,0,0,0,0,0,0,0,0,0,0,0,0,0,0,0,0,0,0,0,0,PB,0,0,0,2019,UNK,juvenile,SIL,0,no,no,yes,2.155538711,2,0,1,0.0546875,GG,1,1,4
22570,0,0,0,0,0,0,0,0,0,0,0,0,0,0,0,0,0,0,0,0,0,0,0,0,0,PB,0,0,0,2019,UNK,juvenile,SIM,0,no,no,yes,1.911668202,1,1,1,NA,GG,0,0,NA
22575,0,0,0,0,0,0,0,0,0,0,0,0,0,0,0,0,0,0,0,0,0,0,0,0,0,PB,0,0,0,2019,UNK,juvenile,SIM,0,no,no,yes,1.911668202,1,1,1,NA,GG,0,0,NA
22580,0,0,0,0,0,0,0,0,0,0,0,0,0,0,0,0,0,0,0,0,0,0,0,0,0,PB,0,0,0,2019,UNK,juvenile,SIM,0,no,no,yes,1.911668202,1,1,1,NA,GG,1,1,NA
22585,0,0,0,0,0,0,0,0,0,0,0,0,0,0,0,0,0,0,0,0,0,0,0,0,0,PB,0,0,0,2019,UNK,juvenile,SKY,0,no,no,yes,3.649716522,2,0,0,0,BO,1,1,NA
22595,0,0,0,0,0,0,0,0,0,0,0,0,0,0,0,0,0,0,0,0,0,0,0,0,0,PB,0,0,0,2019,UNK,juvenile,SAE,1,no,no,yes,0.527979032,1,1,1,0,GG,0,0,6
2260,0,0,0,0,0,0,0,0,0,0,0,0,PB,0,0,0,0,0,0,0,0,0,0,0,0,0,0,0,0,2006,UNK,juvenile,ATL,0,no,no,yes,0.290401009,1,1,1,0,GG,1,1,2
22600,0,0,0,0,0,0,0,0,0,0,0,0,0,0,0,0,0,0,0,0,0,0,0,0,0,PB,0,0,0,2019,UNK,juvenile,SAE,1,no,no,yes,0.527979032,1,1,1,0,GG,0,0,6
22610,0,0,0,0,0,0,0,0,0,0,0,0,0,0,0,0,0,0,0,0,0,0,0,0,0,PB,0,0,0,2019,UNK,juvenile,SLE,0,no,no,yes,2.63006785,2,0,1,0,GG,0,0,15
22625,0,0,0,0,0,0,0,0,0,0,0,0,0,0,0,0,0,0,0,0,0,0,0,0,0,PB,0,0,0,2019,UNK,juvenile,SLS,0,no,no,yes,2.471803219,2,0,1,0.125,BO,0,0,6
22640,0,0,0,0,0,0,0,0,0,0,0,0,0,0,0,0,0,0,0,0,0,0,0,0,0,PB,0,0,0,2019,UNK,juvenile,SNA,0,no,no,yes,2.578196933,2,0,1,0,GG,1,1,7
22645,0,0,0,0,0,0,0,0,0,0,0,0,0,0,0,0,0,0,0,0,0,0,0,0,0,PB,0,0,0,2019,UNK,juvenile,SNA,0,no,no,yes,2.578196933,2,0,1,0,GG,0,0,7
2265,0,0,0,0,0,0,0,0,0,0,0,0,0,PB,PB,0,0,0,0,0,0,0,0,0,0,0,0,0,0,2007,UNK,juvenile,BER,0,no,no,yes,0.118585884,1,1,1,0,GG,1,NA,4
22665,0,0,0,0,0,0,0,0,0,0,0,0,0,0,0,0,0,0,0,0,0,0,0,0,0,PB,0,0,0,2019,UNK,juvenile,SQU,0,no,no,yes,3.019230646,2,0,0,0.048828125,BO,NA,NA,10
22670,0,0,0,0,0,0,0,0,0,0,0,0,0,0,0,0,0,0,0,0,0,0,0,0,0,PB,0,0,0,2019,UNK,juvenile,SQU,0,no,no,yes,3.019230646,2,0,0,0.048828125,BO,0,0,10
22680,0,0,0,0,0,0,0,0,0,0,0,0,0,0,0,0,0,0,0,0,0,0,0,0,0,PB,0,0,0,2019,UNK,juvenile,STO,0,no,no,yes,1.643774648,1,1,1,0.047851563,GG,0,0,7
22685,0,0,0,0,0,0,0,0,0,0,0,0,0,0,0,0,0,0,0,0,0,0,0,0,0,PB,0,0,0,2019,UNK,juvenile,STO,0,no,no,yes,1.643774648,1,1,1,0.047851563,GG,NA,NA,7
22690,0,0,0,0,0,0,0,0,0,0,0,0,0,0,0,0,0,0,0,0,0,0,0,0,0,PB,0,0,0,2019,UNK,juvenile,STO,0,no,no,yes,1.643774648,1,1,1,0.047851563,GG,0,0,7
2270,0,0,0,0,0,0,0,0,0,0,0,0,PB,PB,0,0,0,0,0,0,0,0,0,0,0,0,0,0,0,2006,UNK,juvenile,HIP,0,no,no,yes,3.747977041,3,0,0,0,BO,0,0,4
22730,0,0,0,0,0,0,0,0,0,0,0,0,0,0,0,0,0,0,0,0,0,0,0,0,0,PB,0,0,0,2019,UNK,juvenile,SUL,0,no,no,yes,3.267512582,2,0,0,0,BO,0,0,8
22745,0,0,0,0,0,0,0,0,0,0,0,0,0,0,0,0,0,0,0,0,0,0,0,0,0,PB,0,0,0,2019,UNK,juvenile,SUN,0,no,no,yes,0.893336406,1,1,1,0,GG,0,0,11
2275,0,0,0,0,0,0,0,0,0,0,0,0,PB,PB,PB,0,0,0,0,0,0,0,0,0,0,0,0,0,0,2006,UNK,juvenile,TWO,0,no,no,yes,1.687314122,1,1,1,0,GG,0,0,7
22760,0,0,0,0,0,0,0,0,0,0,0,0,0,0,0,0,0,0,0,0,0,0,0,0,0,PB,0,0,0,2019,UNK,juvenile,SUZ,1,no,no,yes,0.630731823,1,1,1,0,GG,1,1,12
22775,0,0,0,0,0,0,0,0,0,0,0,0,0,0,0,0,0,0,0,0,0,0,0,0,0,PB,0,0,0,2019,UNK,juvenile,SWI,0,no,no,yes,2.949732005,2,0,1,0,BO,0,0,4
22780,0,0,0,0,0,0,0,0,0,0,0,0,0,0,0,0,0,0,0,0,0,0,0,0,0,PB,0,0,0,2019,UNK,juvenile,SWI,0,no,no,yes,2.949732005,2,0,1,0,BO,NA,NA,4
22785,0,0,0,0,0,0,0,0,0,0,0,0,0,0,0,0,0,0,0,0,0,0,0,0,0,PB,0,0,0,2019,UNK,juvenile,SWI,0,no,no,yes,2.949732005,2,0,1,0,BO,0,0,4
22790,0,0,0,0,0,0,0,0,0,0,0,0,0,0,0,0,0,0,0,0,0,0,0,0,0,PB,0,0,0,2019,UNK,juvenile,TBR,0,no,no,yes,1.841932676,1,1,1,0,GG,0,0,NA
2280,0,0,0,0,0,0,0,0,0,0,0,PB,PB,PB,B,PO,PO,0,0,0,0,0,0,0,0,0,0,0,0,2005,UNK,juvenile,MID,0,no,no,yes,3.747665382,3,0,0,0,BO,0,0,4
22805,0,0,0,0,0,0,0,0,0,0,0,0,0,0,0,0,0,0,0,0,0,0,0,0,0,PB,0,0,0,2019,UNK,juvenile,TBF,0,no,no,yes,1.343648915,1,1,1,0.0625,GG,0,0,5
22810,0,0,0,0,0,0,0,0,0,0,0,0,0,0,0,0,0,0,0,0,0,0,0,0,0,PB,0,0,0,2019,UNK,juvenile,TBF,0,no,no,yes,1.343648915,1,1,1,0.0625,GG,NA,NA,5
22815,0,0,0,0,0,0,0,0,0,0,0,0,0,0,0,0,0,0,0,0,0,0,0,0,0,PB,0,0,0,2019,UNK,juvenile,TBF,0,no,no,yes,1.343648915,1,1,1,0.0625,GG,NA,NA,5
22820,0,0,0,0,0,0,0,0,0,0,0,0,0,0,0,0,0,0,0,0,0,0,0,0,0,PB,0,0,0,2019,UNK,juvenile,TAU,0,no,no,yes,0.412123285,1,1,1,0.041015625,GG,0,0,6
22825,0,0,0,0,0,0,0,0,0,0,0,0,0,0,0,0,0,0,0,0,0,0,0,0,0,PB,0,0,0,2019,UNK,juvenile,TAU,0,no,no,yes,0.412123285,1,1,1,0.041015625,GG,0,0,6
22830,0,0,0,0,0,0,0,0,0,0,0,0,0,0,0,0,0,0,0,0,0,0,0,0,0,PB,0,0,0,2019,UNK,juvenile,TAU,0,no,no,yes,0.412123285,1,1,1,0.041015625,GG,0,0,6
22835,0,0,0,0,0,0,0,0,0,0,0,0,0,0,0,0,0,0,0,0,0,0,0,0,0,PB,0,0,0,2019,UNK,juvenile,TRB,1,no,no,yes,0.505021903,1,1,1,0.1875,GG,NA,NA,6
22840,0,0,0,0,0,0,0,0,0,0,0,0,0,0,0,0,0,0,0,0,0,0,0,0,0,PB,0,0,0,2019,UNK,juvenile,TRB,1,no,no,yes,0.505021903,1,1,1,0.1875,GG,NA,NA,6
22845,0,0,0,0,0,0,0,0,0,0,0,0,0,0,0,0,0,0,0,0,0,0,0,0,0,PB,0,0,0,2019,UNK,juvenile,TRE,0,no,no,yes,1.056711748,1,1,1,0.0625,GG,0,0,7
2285,0,0,0,0,0,0,0,0,0,0,0,PB,PB,PB,0,0,0,0,0,0,0,0,0,0,0,0,0,0,0,2005,UNK,juvenile,BET,0,no,no,yes,2.572,2,0,1,0,GG,1,1,6
22850,0,0,0,0,0,0,0,0,0,0,0,0,0,0,0,0,0,0,0,0,0,0,0,0,0,PB,0,0,0,2019,UNK,juvenile,TRE,0,no,no,yes,1.056711748,1,1,1,0.0625,GG,1,1,7
22860,0,0,0,0,0,0,0,0,0,0,0,0,0,0,0,0,0,0,0,0,0,0,0,0,0,PB,0,0,0,2019,UNK,juvenile,TOP,0,no,no,yes,3.135716677,2,0,0,0,BO,0,0,6
22865,0,0,0,0,0,0,0,0,0,0,0,0,0,0,0,0,0,0,0,0,0,0,0,0,0,PB,0,0,0,2019,UNK,juvenile,TOP,0,no,no,yes,3.135716677,2,0,0,0,BO,1,1,6
22870,0,0,0,0,0,0,0,0,0,0,0,0,0,0,0,0,0,0,0,0,0,0,0,0,0,PB,0,0,0,2019,UNK,juvenile,TOP,0,no,no,yes,3.135716677,2,0,0,0,BO,1,1,6
22875,0,0,0,0,0,0,0,0,0,0,0,0,0,0,0,0,0,0,0,0,0,0,0,0,0,PB,0,0,0,2019,UNK,juvenile,TMD,0,no,no,yes,0.781533478,1,1,1,0,GG,NA,NA,5
2290,0,0,0,0,0,0,0,0,0,0,0,PB,PB,0,0,0,0,0,0,0,0,0,0,0,0,0,0,0,0,2005,UNK,juvenile,NBS,1,no,no,yes,0.044941844,1,1,1,0,GG,NA,NA,4
22905,0,0,0,0,0,0,0,0,0,0,0,0,0,0,0,0,0,0,0,0,0,0,0,0,0,PB,0,0,0,2019,UNK,juvenile,TRS,1,no,no,yes,0.604050947,1,1,1,NA,GG,0,0,NA
22910,0,0,0,0,0,0,0,0,0,0,0,0,0,0,0,0,0,0,0,0,0,0,0,0,0,PB,0,0,0,2019,UNK,juvenile,TRI,0,no,no,yes,1.934448781,1,1,1,0,BO,NA,NA,7
22915,0,0,0,0,0,0,0,0,0,0,0,0,0,0,0,0,0,0,0,0,0,0,0,0,0,PB,0,0,0,2019,UNK,juvenile,TRI,0,no,no,yes,1.934448781,1,1,1,0,BO,0,0,7
22925,0,0,0,0,0,0,0,0,0,0,0,0,0,0,0,0,0,0,0,0,0,0,0,0,0,PB,0,0,0,2019,UNK,juvenile,TUT,0,no,no,yes,0.159228595,1,1,1,0,GG,0,0,18
22930,0,0,0,0,0,0,0,0,0,0,0,0,0,0,0,0,0,0,0,0,0,0,0,0,0,PB,0,0,0,2019,UNK,juvenile,TUT,0,no,no,yes,0.159228595,1,1,1,0,GG,0,0,18
22935,0,0,0,0,0,0,0,0,0,0,0,0,0,0,0,0,0,0,0,0,0,0,0,0,0,PB,0,PB,0,2019,Male,juvenile,TUT,0,no,no,yes,0.159228595,1,1,1,0,GG,0,0,18
22940,0,0,0,0,0,0,0,0,0,0,0,0,0,0,0,0,0,0,0,0,0,0,0,0,0,PB,0,0,0,2019,UNK,juvenile,VES,0,no,no,yes,3.052730754,2,0,0,0.014648438,BO,0,0,4
22945,0,0,0,0,0,0,0,0,0,0,0,0,0,0,0,0,0,0,0,0,0,0,0,0,0,PB,0,0,0,2019,UNK,juvenile,VES,0,no,no,yes,3.052730754,2,0,0,0.014648438,BO,0,0,4
2295,0,0,0,0,0,0,0,0,0,0,0,0,PB,PB,PB,B,B,B,B,B,B,B,B,B,B,B,B,B,0,2006,Male,juvenile,LOR,0,no,no,yes,0.10187244,1,1,1,0,GG,0,0,2
22950,0,0,0,0,0,0,0,0,0,0,0,0,0,0,0,0,0,0,0,0,0,0,0,0,0,PB,0,0,0,2019,UNK,juvenile,VES,0,no,no,yes,3.052730754,2,0,0,0.014648438,BO,NA,NA,4
22990,0,0,0,0,0,0,0,0,0,0,0,0,0,0,0,0,0,0,0,0,0,0,0,0,0,PB,0,0,0,2019,UNK,juvenile,WFR,0,no,no,yes,2.363352451,2,0,1,0,BO,0,0,7
22995,0,0,0,0,0,0,0,0,0,0,0,0,0,0,0,0,0,0,0,0,0,0,0,0,0,PB,0,0,0,2019,UNK,juvenile,WFR,0,no,no,yes,2.363352451,2,0,1,0,BO,NA,NA,7
230,0,0,0,PB,0,B,B,B,B,B,B,0,0,0,0,0,0,0,0,0,0,0,0,0,0,0,0,0,0,1997,Female,juvenile,GDEWS,NA,no,no,no,NA,#N/A,NA,NA,NA,NA,NA,NA,NA
2300,0,0,0,0,0,0,0,0,0,0,PB,0,0,0,0,0,0,0,0,0,0,0,0,0,0,0,0,0,0,2004,UNK,juvenile,WOO,0,no,no,no,2.220009418,2,0,1,0.125,GG,NA,NA,NA
23000,0,0,0,0,0,0,0,0,0,0,0,0,0,0,0,0,0,0,0,0,0,0,0,0,0,PB,0,PB,0,2019,UNK,juvenile,WFR,0,no,no,yes,2.363352451,2,0,1,0,BO,0,0,7
23005,0,0,0,0,0,0,0,0,0,0,0,0,0,0,0,0,0,0,0,0,0,0,0,0,0,PB,PB,0,0,2019,UNK,juvenile,WHA,0,no,no,yes,0.012678474,1,1,1,0.25,GG,0,0,21
23030,0,0,0,0,0,0,0,0,0,0,0,0,0,0,0,0,0,0,0,0,0,0,0,0,0,PB,0,0,0,2019,UNK,juvenile,WRE,0,no,no,yes,3.05182676,2,0,0,0.0234375,BO,1,1,10
23035,0,0,0,0,0,0,0,0,0,0,0,0,0,0,0,0,0,0,0,0,0,0,0,0,0,PB,0,0,0,2019,UNK,juvenile,WRE,0,no,no,yes,3.05182676,2,0,0,0.0234375,BO,0,0,10
23045,0,0,0,0,0,0,0,0,0,0,0,0,0,0,0,0,0,0,0,0,0,0,0,0,0,0,PB,0,0,2020,UNK,juvenile,AAR,0,no,no,yes,2.144788508,2,0,1,0,BO,1,1,5
2305,0,0,0,0,0,0,0,0,0,0,0,0,PB,PB,PB,B,B,B,0,PO,B,B,B,B,B,B,B,0,0,2006,Male,juvenile,TWO,0,no,no,yes,1.687314122,1,1,1,0,GG,0,0,7
23050,0,0,0,0,0,0,0,0,0,0,0,0,0,0,0,0,0,0,0,0,0,0,0,0,0,0,PB,0,0,2020,UNK,juvenile,AAR,0,no,no,yes,2.144788508,2,0,1,0,BO,1,1,5
23055,0,0,0,0,0,0,0,0,0,0,0,0,0,0,0,0,0,0,0,0,0,0,0,0,0,0,PB,0,0,2020,UNK,juvenile,ALA,0,no,no,yes,0.856844925,1,1,1,0.015625,BO,NA,NA,8
23060,0,0,0,0,0,0,0,0,0,0,0,0,0,0,0,0,0,0,0,0,0,0,0,0,0,0,PB,0,0,2020,UNK,juvenile,ALA,0,no,no,yes,0.856844925,1,1,1,0.015625,BO,NA,NA,8
23065,0,0,0,0,0,0,0,0,0,0,0,0,0,0,0,0,0,0,0,0,0,0,0,0,0,0,PB,0,0,2020,UNK,juvenile,ALA,0,no,no,yes,0.856844925,1,1,1,0.015625,BO,NA,NA,8
23070,0,0,0,0,0,0,0,0,0,0,0,0,0,0,0,0,0,0,0,0,0,0,0,0,0,0,PB,0,0,2020,UNK,juvenile,AQU,0,no,no,yes,0.301142973,1,1,1,0.015625,GG,NA,NA,9
23075,0,0,0,0,0,0,0,0,0,0,0,0,0,0,0,0,0,0,0,0,0,0,0,0,0,0,PB,0,0,2020,UNK,juvenile,AQU,0,no,no,yes,0.301142973,1,1,1,0.015625,GG,NA,NA,9
23080,0,0,0,0,0,0,0,0,0,0,0,0,0,0,0,0,0,0,0,0,0,0,0,0,0,0,PB,0,0,2020,UNK,juvenile,BBA,0,no,no,yes,2.384051007,2,0,1,NA,BO,NA,NA,NA
23085,0,0,0,0,0,0,0,0,0,0,0,0,0,0,0,0,0,0,0,0,0,0,0,0,0,0,PB,0,0,2020,UNK,juvenile,BBA,0,no,no,yes,2.384051007,2,0,1,NA,BO,NA,NA,NA
23090,0,0,0,0,0,0,0,0,0,0,0,0,0,0,0,0,0,0,0,0,0,0,0,0,0,0,PB,0,0,2020,UNK,juvenile,BDK,0,no,no,yes,1.060955027,1,1,1,0.0234375,GG,1,1,8
23095,0,0,0,0,0,0,0,0,0,0,0,0,0,0,0,0,0,0,0,0,0,0,0,0,0,0,PB,0,0,2020,UNK,juvenile,BDK,0,no,no,yes,1.060955027,1,1,1,0.0234375,GG,0,0,8
2310,0,0,0,0,0,0,0,0,0,0,0,0,0,PB,PB,0,0,0,0,0,0,0,0,0,0,0,0,0,0,2007,UNK,juvenile,NBS,1,no,no,yes,0.044941844,1,1,1,0,GG,0,0,6
23100,0,0,0,0,0,0,0,0,0,0,0,0,0,0,0,0,0,0,0,0,0,0,0,0,0,0,PB,0,0,2020,UNK,juvenile,BDK,0,no,no,yes,1.060955027,1,1,1,0.0234375,GG,1,1,8
23105,0,0,0,0,0,0,0,0,0,0,0,0,0,0,0,0,0,0,0,0,0,0,0,0,0,0,PB,0,0,2020,UNK,juvenile,BEN,0,no,no,yes,3.051202261,2,0,0,0,GG,0,0,8
23110,0,0,0,0,0,0,0,0,0,0,0,0,0,0,0,0,0,0,0,0,0,0,0,0,0,0,PB,0,0,2020,UNK,juvenile,BER,0,no,no,yes,1.371228001,1,1,1,0.125,GG,NA,NA,17
23115,0,0,0,0,0,0,0,0,0,0,0,0,0,0,0,0,0,0,0,0,0,0,0,0,0,0,PB,0,0,2020,UNK,juvenile,BLA,0,no,no,yes,3.311901542,2,0,0,0,GG,NA,NA,1
23120,0,0,0,0,0,0,0,0,0,0,0,0,0,0,0,0,0,0,0,0,0,0,0,0,0,0,PB,0,0,2020,UNK,juvenile,BLA,0,no,no,yes,3.311901542,2,0,0,0,GG,0,0,1
23125,0,0,0,0,0,0,0,0,0,0,0,0,0,0,0,0,0,0,0,0,0,0,0,0,0,0,PB,0,0,2020,UNK,juvenile,BLA,0,no,no,yes,3.311901542,2,0,0,0,GG,1,1,1
23130,0,0,0,0,0,0,0,0,0,0,0,0,0,0,0,0,0,0,0,0,0,0,0,0,0,0,PB,0,0,2020,UNK,juvenile,BNW,0,no,no,yes,1.765904901,1,1,1,0,GG,NA,NA,10
23135,0,0,0,0,0,0,0,0,0,0,0,0,0,0,0,0,0,0,0,0,0,0,0,0,0,0,PB,0,0,2020,UNK,juvenile,BOB,0,no,no,yes,1.982154844,1,1,1,NA,BO,0,0,NA
23140,0,0,0,0,0,0,0,0,0,0,0,0,0,0,0,0,0,0,0,0,0,0,0,0,0,0,PB,0,0,2020,UNK,juvenile,BOB,0,no,no,yes,1.982154844,1,1,1,NA,BO,0,0,NA
23145,0,0,0,0,0,0,0,0,0,0,0,0,0,0,0,0,0,0,0,0,0,0,0,0,0,0,PB,0,0,2020,UNK,juvenile,CAK,0,no,no,yes,1.735651455,1,1,1,0,GG,0,0,9
2315,0,0,0,0,0,0,0,0,0,0,0,0,PB,0,0,0,0,0,0,0,0,0,0,0,0,0,0,0,0,2006,UNK,juvenile,QUI,0,no,no,yes,0.713376379,1,1,1,0,GG,0,0,5
23150,0,0,0,0,0,0,0,0,0,0,0,0,0,0,0,0,0,0,0,0,0,0,0,0,0,0,PB,0,0,2020,UNK,juvenile,CAK,0,no,no,yes,1.735651455,1,1,1,0,GG,0,0,9
23155,0,0,0,0,0,0,0,0,0,0,0,0,0,0,0,0,0,0,0,0,0,0,0,0,0,0,PB,0,0,2020,UNK,juvenile,CAK,0,no,no,yes,1.735651455,1,1,1,0,GG,0,0,9
23160,0,0,0,0,0,0,0,0,0,0,0,0,0,0,0,0,0,0,0,0,0,0,0,0,0,0,PB,0,0,2020,UNK,juvenile,CAK,0,no,no,yes,1.735651455,1,1,1,0,GG,NA,NA,9
23165,0,0,0,0,0,0,0,0,0,0,0,0,0,0,0,0,0,0,0,0,0,0,0,0,0,0,PB,0,0,2020,UNK,juvenile,CAR,0,no,no,yes,0.973584718,1,1,1,NA,GG,NA,NA,NA
23170,0,0,0,0,0,0,0,0,0,0,0,0,0,0,0,0,0,0,0,0,0,0,0,0,0,0,PB,0,0,2020,UNK,juvenile,CAR,0,no,no,yes,0.973584718,1,1,1,NA,GG,0,0,NA
23175,0,0,0,0,0,0,0,0,0,0,0,0,0,0,0,0,0,0,0,0,0,0,0,0,0,0,PB,0,0,2020,UNK,juvenile,CAR,0,no,no,yes,0.973584718,1,1,1,NA,GG,0,0,NA
23180,0,0,0,0,0,0,0,0,0,0,0,0,0,0,0,0,0,0,0,0,0,0,0,0,0,0,PB,0,0,2020,UNK,juvenile,CER,0,no,no,yes,3.617334389,2,0,0,0,BO,0,0,8
23185,0,0,0,0,0,0,0,0,0,0,0,0,0,0,0,0,0,0,0,0,0,0,0,0,0,0,PB,0,0,2020,UNK,juvenile,CER,0,no,no,yes,3.617334389,2,0,0,0,BO,0,0,8
23190,0,0,0,0,0,0,0,0,0,0,0,0,0,0,0,0,0,0,0,0,0,0,0,0,0,0,PB,0,0,2020,UNK,juvenile,CER,0,no,no,yes,3.617334389,2,0,0,0,BO,NA,NA,8
23195,0,0,0,0,0,0,0,0,0,0,0,0,0,0,0,0,0,0,0,0,0,0,0,0,0,0,PB,0,0,2020,UNK,juvenile,CHI,1,no,no,yes,1.017734063,1,1,1,NA,BO,NA,NA,NA
2320,0,0,0,0,0,0,0,0,0,0,0,0,0,PB,PB,B,B,PO,B,B,B,B,B,B,B,B,B,B,B,2007,Female,juvenile,LOR,0,no,no,yes,0.10187244,1,1,1,0.015625,GG,1,0,3
23200,0,0,0,0,0,0,0,0,0,0,0,0,0,0,0,0,0,0,0,0,0,0,0,0,0,0,PB,0,0,2020,UNK,juvenile,COR,0,no,no,yes,2.673692125,2,0,1,0.02734375,GG,NA,NA,3
23205,0,0,0,0,0,0,0,0,0,0,0,0,0,0,0,0,0,0,0,0,0,0,0,0,0,0,PB,0,0,2020,UNK,juvenile,COR,0,no,no,yes,2.673692125,2,0,1,0.02734375,GG,0,0,3
23210,0,0,0,0,0,0,0,0,0,0,0,0,0,0,0,0,0,0,0,0,0,0,0,0,0,0,PB,0,0,2020,UNK,juvenile,CRI,0,no,no,yes,1.791658257,1,1,1,0.3125,GG,0,0,8
23215,0,0,0,0,0,0,0,0,0,0,0,0,0,0,0,0,0,0,0,0,0,0,0,0,0,0,PB,0,0,2020,UNK,juvenile,CRI,0,no,no,yes,1.791658257,1,1,1,0.3125,GG,0,0,8
23220,0,0,0,0,0,0,0,0,0,0,0,0,0,0,0,0,0,0,0,0,0,0,0,0,0,0,PB,0,0,2020,UNK,juvenile,DEV,0,no,no,yes,3.450820625,2,0,0,NA,BO,NA,NA,NA
23225,0,0,0,0,0,0,0,0,0,0,0,0,0,0,0,0,0,0,0,0,0,0,0,0,0,0,PB,PB,0,2020,UNK,juvenile,DEV,0,no,no,yes,3.450820625,2,0,0,NA,BO,NA,NA,NA
23230,0,0,0,0,0,0,0,0,0,0,0,0,0,0,0,0,0,0,0,0,0,0,0,0,0,0,PB,0,0,2020,UNK,juvenile,DEV,0,no,no,yes,3.450820625,2,0,0,NA,BO,NA,NA,NA
23235,0,0,0,0,0,0,0,0,0,0,0,0,0,0,0,0,0,0,0,0,0,0,0,0,0,0,PB,0,0,2020,UNK,juvenile,DRA,1,no,no,yes,0.757,1,1,1,0.005859375,GG,0,0,4
23240,0,0,0,0,0,0,0,0,0,0,0,0,0,0,0,0,0,0,0,0,0,0,0,0,0,0,PB,0,0,2020,UNK,juvenile,DRA,1,no,no,yes,0.757,1,1,1,0.005859375,GG,0,0,4
23245,0,0,0,0,0,0,0,0,0,0,0,0,0,0,0,0,0,0,0,0,0,0,0,0,0,0,PB,0,0,2020,UNK,juvenile,DRA,1,no,no,yes,0.757,1,1,1,0.005859375,GG,0,0,4
2325,0,0,0,0,0,0,0,0,0,0,0,PB,0,0,0,0,0,0,0,0,0,0,0,0,0,0,0,0,0,2005,UNK,juvenile,TUT,0,no,no,yes,0.159228595,1,1,1,0.0625,GG,1,0,4
23250,0,0,0,0,0,0,0,0,0,0,0,0,0,0,0,0,0,0,0,0,0,0,0,0,0,0,PB,0,0,2020,UNK,juvenile,DRV,0,no,no,yes,2.436138669,2,0,1,0.0625,GG,1,1,11
23255,0,0,0,0,0,0,0,0,0,0,0,0,0,0,0,0,0,0,0,0,0,0,0,0,0,0,PB,0,0,2020,UNK,juvenile,DRV,0,no,no,yes,2.436138669,2,0,1,0.0625,GG,0,0,11
23260,0,0,0,0,0,0,0,0,0,0,0,0,0,0,0,0,0,0,0,0,0,0,0,0,0,0,PB,0,0,2020,UNK,juvenile,DRV,0,no,no,yes,2.436138669,2,0,1,0.0625,GG,1,1,11
23265,0,0,0,0,0,0,0,0,0,0,0,0,0,0,0,0,0,0,0,0,0,0,0,0,0,0,PB,0,0,2020,UNK,juvenile,DTO,0,no,no,yes,1.419705696,1,1,1,0.046875,BO,NA,NA,8
23270,0,0,0,0,0,0,0,0,0,0,0,0,0,0,0,0,0,0,0,0,0,0,0,0,0,0,PB,0,0,2020,UNK,juvenile,DTO,0,no,no,yes,1.419705696,1,1,1,0.046875,BO,NA,NA,8
23275,0,0,0,0,0,0,0,0,0,0,0,0,0,0,0,0,0,0,0,0,0,0,0,0,0,0,PB,0,0,2020,UNK,juvenile,DTO,0,no,no,yes,1.419705696,1,1,1,0.046875,BO,NA,NA,8
23285,0,0,0,0,0,0,0,0,0,0,0,0,0,0,0,0,0,0,0,0,0,0,0,0,0,0,PB,0,0,2020,UNK,juvenile,FAX,0,no,no,yes,3.268100931,2,0,0,0.28125,GG,0,0,6
23290,0,0,0,0,0,0,0,0,0,0,0,0,0,0,0,0,0,0,0,0,0,0,0,0,0,0,PB,0,0,2020,UNK,juvenile,FAX,0,no,no,yes,3.268100931,2,0,0,0.28125,GG,1,1,6
23295,0,0,0,0,0,0,0,0,0,0,0,0,0,0,0,0,0,0,0,0,0,0,0,0,0,0,PB,0,0,2020,UNK,juvenile,FAX,0,no,no,yes,3.268100931,2,0,0,0.28125,GG,1,1,6
2330,0,0,0,0,0,0,0,0,0,0,0,0,0,PB,0,0,0,0,0,0,0,0,0,0,0,0,0,0,0,2007,UNK,juvenile,CLB,0,no,no,yes,0.191565712,1,1,1,0,GG,0,0,6
23305,0,0,0,0,0,0,0,0,0,0,0,0,0,0,0,0,0,0,0,0,0,0,0,0,0,0,PB,0,0,2020,UNK,juvenile,FIX,1,no,no,yes,0.197440576,1,1,1,0,BO,1,1,8
23310,0,0,0,0,0,0,0,0,0,0,0,0,0,0,0,0,0,0,0,0,0,0,0,0,0,0,PB,0,0,2020,UNK,juvenile,FMG,1,no,no,yes,0.454443648,1,1,1,0.0390625,GG,NA,NA,13
23320,0,0,0,0,0,0,0,0,0,0,0,0,0,0,0,0,0,0,0,0,0,0,0,0,0,0,PB,0,0,2020,UNK,juvenile,GRE,0,no,no,yes,1.7374113,1,1,1,0,BO,NA,NA,4
23325,0,0,0,0,0,0,0,0,0,0,0,0,0,0,0,0,0,0,0,0,0,0,0,0,0,0,PB,0,0,2020,UNK,juvenile,GRE,0,no,no,yes,1.7374113,1,1,1,0,BO,NA,NA,4
23335,0,0,0,0,0,0,0,0,0,0,0,0,0,0,0,0,0,0,0,0,0,0,0,0,0,0,PB,0,0,2020,UNK,juvenile,GRY,0,no,no,yes,0.409201689,1,1,1,0.03125,GG,1,1,16
23340,0,0,0,0,0,0,0,0,0,0,0,0,0,0,0,0,0,0,0,0,0,0,0,0,0,0,PB,0,0,2020,UNK,juvenile,GRY,0,no,no,yes,0.409201689,1,1,1,0.03125,GG,1,1,16
23345,0,0,0,0,0,0,0,0,0,0,0,0,0,0,0,0,0,0,0,0,0,0,0,0,0,0,PB,0,0,2020,UNK,juvenile,GYP,0,no,no,yes,1.33243986,1,1,1,0,GG,NA,NA,19
2335,0,0,0,0,0,0,0,0,0,0,0,0,0,PB,0,0,0,0,0,0,0,0,0,0,0,0,0,0,0,2007,UNK,juvenile,RED,1,no,no,yes,0.440463006,1,1,1,0.015625,GG,NA,NA,3
23350,0,0,0,0,0,0,0,0,0,0,0,0,0,0,0,0,0,0,0,0,0,0,0,0,0,0,PB,0,0,2020,UNK,juvenile,GYP,0,no,no,yes,1.33243986,1,1,1,0,GG,NA,NA,19
23355,0,0,0,0,0,0,0,0,0,0,0,0,0,0,0,0,0,0,0,0,0,0,0,0,0,0,PB,0,0,2020,UNK,juvenile,GYP,0,no,no,yes,1.33243986,1,1,1,0,GG,NA,NA,19
23360,0,0,0,0,0,0,0,0,0,0,0,0,0,0,0,0,0,0,0,0,0,0,0,0,0,0,PB,0,B,2020,UNK,juvenile,HAL,0,no,no,yes,0.361336378,1,1,1,0.0234375,GG,0,0,7
23365,0,0,0,0,0,0,0,0,0,0,0,0,0,0,0,0,0,0,0,0,0,0,0,0,0,0,PB,0,0,2020,UNK,juvenile,HAL,0,no,no,yes,0.361336378,1,1,1,0.0234375,GG,0,0,7
23370,0,0,0,0,0,0,0,0,0,0,0,0,0,0,0,0,0,0,0,0,0,0,0,0,0,0,PB,0,0,2020,UNK,juvenile,HEB,1,no,no,yes,1.305896033,1,1,1,NA,GG,1,1,NA
23375,0,0,0,0,0,0,0,0,0,0,0,0,0,0,0,0,0,0,0,0,0,0,0,0,0,0,PB,0,0,2020,UNK,juvenile,HIL,0,no,no,yes,2.679,2,0,1,0.0625,BO,NA,NA,NA
23380,0,0,0,0,0,0,0,0,0,0,0,0,0,0,0,0,0,0,0,0,0,0,0,0,0,0,PB,0,0,2020,UNK,juvenile,HTC,0,no,no,yes,0.283694145,1,1,1,0.068359375,GG,0,0,10
23385,0,0,0,0,0,0,0,0,0,0,0,0,0,0,0,0,0,0,0,0,0,0,0,0,0,0,PB,0,0,2020,UNK,juvenile,HTC,0,no,no,yes,0.283694145,1,1,1,0.068359375,GG,0,0,10
23390,0,0,0,0,0,0,0,0,0,0,0,0,0,0,0,0,0,0,0,0,0,0,0,0,0,0,PB,0,0,2020,UNK,juvenile,IND,0,no,no,yes,2.771576849,2,0,1,0.15625,GG,0,0,8
23395,0,0,0,0,0,0,0,0,0,0,0,0,0,0,0,0,0,0,0,0,0,0,0,0,0,0,PB,0,0,2020,UNK,juvenile,IND,0,no,no,yes,2.771576849,2,0,1,0.15625,GG,0,0,8
2340,0,0,0,0,0,0,0,0,0,0,0,0,0,PB,PB,B,B,B,B,B,0,B,B,0,0,0,0,0,0,2007,Male,juvenile,KIO,0,no,no,yes,1.334940322,1,1,1,0.125,GG,NA,NA,4
23400,0,0,0,0,0,0,0,0,0,0,0,0,0,0,0,0,0,0,0,0,0,0,0,0,0,0,PB,0,0,2020,UNK,juvenile,IND,0,no,no,yes,2.771576849,2,0,1,0.15625,GG,0,0,8
23405,0,0,0,0,0,0,0,0,0,0,0,0,0,0,0,0,0,0,0,0,0,0,0,0,0,0,PB,0,0,2020,UNK,juvenile,JAS,0,no,no,yes,0.09697577,1,1,1,0.049804688,GG,0,0,7
23410,0,0,0,0,0,0,0,0,0,0,0,0,0,0,0,0,0,0,0,0,0,0,0,0,0,0,PB,0,0,2020,UNK,juvenile,JAS,0,no,no,yes,0.09697577,1,1,1,0.049804688,GG,0,0,7
23415,0,0,0,0,0,0,0,0,0,0,0,0,0,0,0,0,0,0,0,0,0,0,0,0,0,0,PB,0,0,2020,UNK,juvenile,JUN,0,no,no,yes,1.606571009,1,1,1,0,BO,NA,NA,8
23420,0,0,0,0,0,0,0,0,0,0,0,0,0,0,0,0,0,0,0,0,0,0,0,0,0,0,PB,0,0,2020,UNK,juvenile,JUN,0,no,no,yes,1.606571009,1,1,1,0,BO,NA,NA,8
23425,0,0,0,0,0,0,0,0,0,0,0,0,0,0,0,0,0,0,0,0,0,0,0,0,0,0,PB,0,0,2020,UNK,juvenile,KAN,1,no,no,yes,0.521944941,1,1,1,0.0234375,GG,0,0,16
23430,0,0,0,0,0,0,0,0,0,0,0,0,0,0,0,0,0,0,0,0,0,0,0,0,0,0,PB,0,0,2020,UNK,juvenile,KAN,1,no,no,yes,0.521944941,1,1,1,0.0234375,GG,0,0,16
23435,0,0,0,0,0,0,0,0,0,0,0,0,0,0,0,0,0,0,0,0,0,0,0,0,0,0,PB,0,0,2020,UNK,juvenile,KRE,1,no,no,yes,0.757913181,1,1,1,0.1328125,GG,NA,NA,4
23440,0,0,0,0,0,0,0,0,0,0,0,0,0,0,0,0,0,0,0,0,0,0,0,0,0,0,PB,0,0,2020,UNK,juvenile,KRE,1,no,no,yes,0.757913181,1,1,1,0.1328125,GG,NA,NA,4
23445,0,0,0,0,0,0,0,0,0,0,0,0,0,0,0,0,0,0,0,0,0,0,0,0,0,0,PB,0,0,2020,UNK,juvenile,LAG,0,no,no,yes,2.349895785,2,0,1,0.0078125,GG,1,1,13
2345,0,0,0,0,0,0,0,0,0,0,0,0,0,PB,0,0,0,0,0,0,0,0,0,0,0,0,0,0,0,2007,UNK,juvenile,SLE,0,no,no,yes,1.349916214,1,1,1,0,GG,NA,NA,3
23450,0,0,0,0,0,0,0,0,0,0,0,0,0,0,0,0,0,0,0,0,0,0,0,0,0,0,PB,0,0,2020,UNK,juvenile,MAR,0,no,no,yes,0.790406159,1,1,1,0.0703125,GG,0,0,8
23455,0,0,0,0,0,0,0,0,0,0,0,0,0,0,0,0,0,0,0,0,0,0,0,0,0,0,PB,0,0,2020,UNK,juvenile,MCW,1,no,no,yes,0.838340055,1,1,1,0.0625,GG,0,0,9
23460,0,0,0,0,0,0,0,0,0,0,0,0,0,0,0,0,0,0,0,0,0,0,0,0,0,0,PB,0,0,2020,UNK,juvenile,MCW,1,no,no,yes,0.838340055,1,1,1,0.0625,GG,0,0,9
23465,0,0,0,0,0,0,0,0,0,0,0,0,0,0,0,0,0,0,0,0,0,0,0,0,0,0,PB,0,0,2020,UNK,juvenile,MCW,1,no,no,yes,0.838340055,1,1,1,0.0625,GG,0,0,9
23470,0,0,0,0,0,0,0,0,0,0,0,0,0,0,0,0,0,0,0,0,0,0,0,0,0,0,PB,0,0,2020,UNK,juvenile,MEG,0,no,no,yes,2.410838132,2,0,1,NA,BO,0,0,NA
23475,0,0,0,0,0,0,0,0,0,0,0,0,0,0,0,0,0,0,0,0,0,0,0,0,0,0,PB,0,0,2020,UNK,juvenile,MEG,0,no,no,yes,2.410838132,2,0,1,NA,BO,0,0,NA
23480,0,0,0,0,0,0,0,0,0,0,0,0,0,0,0,0,0,0,0,0,0,0,0,0,0,0,PB,0,0,2020,UNK,juvenile,MET,0,no,no,yes,2.36976952,2,0,1,0,GG,0,0,16
23485,0,0,0,0,0,0,0,0,0,0,0,0,0,0,0,0,0,0,0,0,0,0,0,0,0,0,PB,0,0,2020,UNK,juvenile,MET,0,no,no,yes,2.36976952,2,0,1,0,GG,0,0,16
23490,0,0,0,0,0,0,0,0,0,0,0,0,0,0,0,0,0,0,0,0,0,0,0,0,0,0,PB,0,0,2020,UNK,juvenile,MFA,1,no,no,yes,0.796526679,1,1,1,0,GG,0,0,6
23495,0,0,0,0,0,0,0,0,0,0,0,0,0,0,0,0,0,0,0,0,0,0,0,0,0,0,PB,0,0,2020,UNK,juvenile,MGL,0,no,no,yes,1.445809405,1,1,1,0,BO,NA,NA,7
2350,0,0,0,0,0,0,0,0,0,0,0,0,0,PB,0,0,0,0,0,0,0,0,0,0,0,0,0,0,0,2007,UNK,juvenile,HTD,0,no,no,yes,0.264195327,1,1,1,0,GG,1,1,4
23500,0,0,0,0,0,0,0,0,0,0,0,0,0,0,0,0,0,0,0,0,0,0,0,0,0,0,PB,0,0,2020,UNK,juvenile,MGL,0,no,no,yes,1.445809405,1,1,1,0,BO,NA,NA,7
23505,0,0,0,0,0,0,0,0,0,0,0,0,0,0,0,0,0,0,0,0,0,0,0,0,0,0,PB,0,0,2020,UNK,juvenile,MGL,0,no,no,yes,1.445809405,1,1,1,0,BO,NA,NA,7
23510,0,0,0,0,0,0,0,0,0,0,0,0,0,0,0,0,0,0,0,0,0,0,0,0,0,0,PB,0,PB,2020,UNK,juvenile,MID,0,no,no,yes,3.747665382,3,0,0,NA,BO,0,0,NA
23515,0,0,0,0,0,0,0,0,0,0,0,0,0,0,0,0,0,0,0,0,0,0,0,0,0,0,PB,0,0,2020,UNK,juvenile,MID,0,no,no,yes,3.747665382,3,0,0,NA,BO,0,0,NA
23520,0,0,0,0,0,0,0,0,0,0,0,0,0,0,0,0,0,0,0,0,0,0,0,0,0,0,PB,0,0,2020,UNK,juvenile,MIR,0,no,no,yes,3.461566333,2,0,0,0,BO,NA,NA,13
23525,0,0,0,0,0,0,0,0,0,0,0,0,0,0,0,0,0,0,0,0,0,0,0,0,0,0,PB,0,PB,2020,UNK,juvenile,MIR,0,no,no,yes,3.461566333,2,0,0,0,BO,NA,NA,13
23530,0,0,0,0,0,0,0,0,0,0,0,0,0,0,0,0,0,0,0,0,0,0,0,0,0,0,PB,0,0,2020,UNK,juvenile,MNT,1,no,no,yes,0.632854925,1,1,1,0,GG,NA,NA,8
23535,0,0,0,0,0,0,0,0,0,0,0,0,0,0,0,0,0,0,0,0,0,0,0,0,0,0,PB,0,0,2020,UNK,juvenile,MOL,0,no,no,yes,1.841449966,1,1,1,0,BO,1,1,17
23540,0,0,0,0,0,0,0,0,0,0,0,0,0,0,0,0,0,0,0,0,0,0,0,0,0,0,PB,0,0,2020,UNK,juvenile,MOL,0,no,no,yes,1.841449966,1,1,1,0,BO,0,0,17
23545,0,0,0,0,0,0,0,0,0,0,0,0,0,0,0,0,0,0,0,0,0,0,0,0,0,0,PB,0,0,2020,UNK,juvenile,MSH,0,no,no,yes,3.39,2,0,0,0,BO,NA,NA,3
2355,0,0,0,0,0,0,0,0,0,0,0,0,0,PB,0,0,0,0,0,0,0,0,0,0,0,0,0,0,0,2007,UNK,juvenile,TRA,0,no,no,yes,0.243337301,1,1,1,0.0625,GG,1,1,3
23550,0,0,0,0,0,0,0,0,0,0,0,0,0,0,0,0,0,0,0,0,0,0,0,0,0,0,PB,0,0,2020,UNK,juvenile,MYS,0,no,no,yes,0.860455975,1,1,1,0,BO,0,0,NA
23560,0,0,0,0,0,0,0,0,0,0,0,0,0,0,0,0,0,0,0,0,0,0,0,0,0,0,PB,0,0,2020,UNK,juvenile,NAZ,0,no,no,yes,0.537764735,1,1,1,0,GG,0,0,12
23565,0,0,0,0,0,0,0,0,0,0,0,0,0,0,0,0,0,0,0,0,0,0,0,0,0,0,PB,0,0,2020,UNK,juvenile,NAZ,0,no,no,yes,0.537764735,1,1,1,0,GG,0,0,12
23570,0,0,0,0,0,0,0,0,0,0,0,0,0,0,0,0,0,0,0,0,0,0,0,0,0,0,PB,0,0,2020,UNK,juvenile,NIA,0,no,no,yes,2.320350474,2,0,1,0.032226563,GG,NA,NA,7
23575,0,0,0,0,0,0,0,0,0,0,0,0,0,0,0,0,0,0,0,0,0,0,0,0,0,0,PB,0,0,2020,UNK,juvenile,NIA,0,no,no,yes,2.320350474,2,0,1,0.032226563,GG,NA,NA,7
23580,0,0,0,0,0,0,0,0,0,0,0,0,0,0,0,0,0,0,0,0,0,0,0,0,0,0,PB,0,0,2020,UNK,juvenile,NID,0,no,no,yes,0.169170504,1,1,1,0,GG,1,1,7
23590,0,0,0,0,0,0,0,0,0,0,0,0,0,0,0,0,0,0,0,0,0,0,0,0,0,0,PB,0,0,2020,UNK,juvenile,NID,0,no,no,yes,0.169170504,1,1,1,0,GG,0,0,7
23595,0,0,0,0,0,0,0,0,0,0,0,0,0,0,0,0,0,0,0,0,0,0,0,0,0,0,PB,0,0,2020,UNK,juvenile,OPT,0,no,no,yes,3.506399929,2,0,0,0,BO,0,0,6
2360,0,0,0,0,0,0,0,0,0,0,PB,0,0,0,0,0,0,0,0,0,0,0,0,0,0,0,0,0,0,2004,Male,juvenile,STX,0,no,no,no,1.931616027,1,1,1,0,BO,0,0,5
23600,0,0,0,0,0,0,0,0,0,0,0,0,0,0,0,0,0,0,0,0,0,0,0,0,0,0,PB,0,0,2020,UNK,juvenile,OPT,0,no,no,yes,3.506399929,2,0,0,0,BO,0,0,6
23605,0,0,0,0,0,0,0,0,0,0,0,0,0,0,0,0,0,0,0,0,0,0,0,0,0,0,PB,0,0,2020,UNK,juvenile,OVA,0,no,no,yes,3.613778632,2,0,0,0.015625,BO,0,0,10
23610,0,0,0,0,0,0,0,0,0,0,0,0,0,0,0,0,0,0,0,0,0,0,0,0,0,0,PB,0,0,2020,UNK,juvenile,OVA,0,no,no,yes,3.613778632,2,0,0,0.015625,BO,0,0,10
23615,0,0,0,0,0,0,0,0,0,0,0,0,0,0,0,0,0,0,0,0,0,0,0,0,0,0,PB,0,0,2020,UNK,juvenile,PAL,0,no,no,yes,3.605961278,2,0,0,NA,BO,0,0,NA
23620,0,0,0,0,0,0,0,0,0,0,0,0,0,0,0,0,0,0,0,0,0,0,0,0,0,0,PB,0,0,2020,UNK,juvenile,PAL,0,no,no,yes,3.605961278,2,0,0,NA,BO,0,0,NA
23625,0,0,0,0,0,0,0,0,0,0,0,0,0,0,0,0,0,0,0,0,0,0,0,0,0,0,PB,0,0,2020,UNK,juvenile,PAR,0,no,no,yes,2.011722582,2,0,1,0,BO,NA,NA,14
23630,0,0,0,0,0,0,0,0,0,0,0,0,0,0,0,0,0,0,0,0,0,0,0,0,0,0,PB,0,0,2020,UNK,juvenile,PAR,0,no,no,yes,2.011722582,2,0,1,0,BO,NA,NA,14
23635,0,0,0,0,0,0,0,0,0,0,0,0,0,0,0,0,0,0,0,0,0,0,0,0,0,0,PB,PB,0,2020,UNK,juvenile,PAR,0,no,no,yes,2.011722582,2,0,1,0,BO,NA,NA,14
23640,0,0,0,0,0,0,0,0,0,0,0,0,0,0,0,0,0,0,0,0,0,0,0,0,0,0,PB,0,0,2020,UNK,juvenile,PAT,0,no,no,yes,2.254204238,2,0,1,0.001953125,BO,0,0,10
23645,0,0,0,0,0,0,0,0,0,0,0,0,0,0,0,0,0,0,0,0,0,0,0,0,0,0,PB,0,0,2020,UNK,juvenile,PHO,0,no,no,yes,2.178024733,2,0,1,0.072265625,GG,NA,NA,9
2365,0,0,0,0,0,0,0,0,0,0,0,0,0,PB,0,0,0,0,0,0,0,0,0,0,0,0,0,0,0,2007,UNK,juvenile,ONE,1,no,no,yes,0.450070765,1,1,1,0,GG,NA,NA,5
23650,0,0,0,0,0,0,0,0,0,0,0,0,0,0,0,0,0,0,0,0,0,0,0,0,0,0,PB,0,0,2020,UNK,juvenile,PHO,0,no,no,yes,2.178024733,2,0,1,0.072265625,GG,NA,NA,9
23655,0,0,0,0,0,0,0,0,0,0,0,0,0,0,0,0,0,0,0,0,0,0,0,0,0,0,PB,0,0,2020,UNK,juvenile,PIN,1,no,no,yes,0.572387875,1,1,1,0.125,GG,NA,NA,6
23660,0,0,0,0,0,0,0,0,0,0,0,0,0,0,0,0,0,0,0,0,0,0,0,0,0,0,PB,0,0,2020,UNK,juvenile,PIN,1,no,no,yes,0.572387875,1,1,1,0.125,GG,NA,NA,6
23665,0,0,0,0,0,0,0,0,0,0,0,0,0,0,0,0,0,0,0,0,0,0,0,0,0,0,PB,0,0,2020,UNK,juvenile,PRE,0,no,no,yes,2.717680358,2,0,1,0,BO,0,0,6
23675,0,0,0,0,0,0,0,0,0,0,0,0,0,0,0,0,0,0,0,0,0,0,0,0,0,0,PB,0,0,2020,UNK,juvenile,PRI,1,no,no,yes,0.625509911,1,1,1,0.016601563,GG,1,1,9
23680,0,0,0,0,0,0,0,0,0,0,0,0,0,0,0,0,0,0,0,0,0,0,0,0,0,0,PB,0,0,2020,UNK,juvenile,PRI,1,no,no,yes,0.625509911,1,1,1,0.016601563,GG,1,1,9
23685,0,0,0,0,0,0,0,0,0,0,0,0,0,0,0,0,0,0,0,0,0,0,0,0,0,0,PB,0,0,2020,UNK,juvenile,PRI,1,no,no,yes,0.625509911,1,1,1,0.016601563,GG,0,0,9
23690,0,0,0,0,0,0,0,0,0,0,0,0,0,0,0,0,0,0,0,0,0,0,0,0,0,0,PB,0,0,2020,UNK,juvenile,PTE,0,no,no,yes,1.610981715,1,1,1,0,GG,NA,NA,9
23695,0,0,0,0,0,0,0,0,0,0,0,0,0,0,0,0,0,0,0,0,0,0,0,0,0,0,PB,0,0,2020,UNK,juvenile,QUI,0,no,no,yes,1.992282378,1,1,1,0,GG,NA,NA,19
237,PB,0,0,0,PB,B,B,B,B,B,B,B,B,B,B,B,B,PO,B,0,B,B,0,0,0,0,0,0,0,1994,Male,juvenile,PHO,0,no,no,yes,1.079327248,1,1,1,NA,GG,1,1,NA
2370,0,0,0,0,0,0,0,0,0,0,PB,0,0,0,0,0,0,0,0,0,0,0,0,0,0,0,0,0,0,2004,UNK,juvenile,GDEWS,NA,no,no,no,NA,#N/A,NA,NA,0,NA,1,1,NA
23700,0,0,0,0,0,0,0,0,0,0,0,0,0,0,0,0,0,0,0,0,0,0,0,0,0,0,PB,0,0,2020,UNK,juvenile,RBN,0,no,no,yes,1.71341547,1,1,1,0,GG,1,1,NA
23705,0,0,0,0,0,0,0,0,0,0,0,0,0,0,0,0,0,0,0,0,0,0,0,0,0,0,PB,0,0,2020,UNK,juvenile,RBN,0,no,no,yes,1.71341547,1,1,1,0,GG,1,1,NA
23710,0,0,0,0,0,0,0,0,0,0,0,0,0,0,0,0,0,0,0,0,0,0,0,0,0,0,PB,0,0,2020,UNK,juvenile,RED,1,no,no,yes,0.859766583,1,1,1,0.015625,GG,1,1,16
23715,0,0,0,0,0,0,0,0,0,0,0,0,0,0,0,0,0,0,0,0,0,0,0,0,0,0,PB,0,0,2020,UNK,juvenile,RED,1,no,no,yes,0.859766583,1,1,1,0.015625,GG,1,1,16
23725,0,0,0,0,0,0,0,0,0,0,0,0,0,0,0,0,0,0,0,0,0,0,0,0,0,0,PB,0,0,2020,UNK,juvenile,RFI,0,no,no,yes,1.458184933,1,1,1,0,BO,0,0,11
23730,0,0,0,0,0,0,0,0,0,0,0,0,0,0,0,0,0,0,0,0,0,0,0,0,0,0,PB,0,0,2020,UNK,juvenile,ROB,0,no,no,yes,2.134966837,2,0,1,0,BO,NA,NA,6
23735,0,0,0,0,0,0,0,0,0,0,0,0,0,0,0,0,0,0,0,0,0,0,0,0,0,0,PB,0,0,2020,UNK,juvenile,ROB,0,no,no,yes,2.134966837,2,0,1,0,BO,NA,NA,6
23740,0,0,0,0,0,0,0,0,0,0,0,0,0,0,0,0,0,0,0,0,0,0,0,0,0,0,PB,0,0,2020,UNK,juvenile,ROB,0,no,no,yes,2.134966837,2,0,1,0,BO,NA,NA,6
23745,0,0,0,0,0,0,0,0,0,0,0,0,0,0,0,0,0,0,0,0,0,0,0,0,0,0,PB,0,0,2020,UNK,juvenile,ROM,0,no,no,yes,2.726527223,2,0,1,NA,GG,0,0,NA
2375,0,0,0,0,0,0,0,0,0,0,PB,0,0,0,0,0,0,0,0,0,0,0,0,0,0,0,0,0,0,2004,UNK,juvenile,FTS,0,no,no,yes,0.235687862,1,1,1,0,GG,1,1,7
23750,0,0,0,0,0,0,0,0,0,0,0,0,0,0,0,0,0,0,0,0,0,0,0,0,0,0,PB,0,0,2020,UNK,juvenile,ROM,0,no,no,yes,2.726527223,2,0,1,NA,GG,0,0,NA
23755,0,0,0,0,0,0,0,0,0,0,0,0,0,0,0,0,0,0,0,0,0,0,0,0,0,0,PB,0,0,2020,UNK,juvenile,RPO,0,no,no,yes,0.49589173,1,1,1,0.0625,GG,1,1,9
23760,0,0,0,0,0,0,0,0,0,0,0,0,0,0,0,0,0,0,0,0,0,0,0,0,0,0,PB,0,0,2020,UNK,juvenile,SAE,1,no,no,yes,0.527979032,1,1,1,0,GG,1,1,7
23765,0,0,0,0,0,0,0,0,0,0,0,0,0,0,0,0,0,0,0,0,0,0,0,0,0,0,PB,0,0,2020,UNK,juvenile,SAE,1,no,no,yes,0.527979032,1,1,1,0,GG,1,1,7
23770,0,0,0,0,0,0,0,0,0,0,0,0,0,0,0,0,0,0,0,0,0,0,0,0,0,0,PB,0,0,2020,UNK,juvenile,SAN,0,no,no,yes,1.931616027,1,1,1,0,BO,NA,NA,9
23775,0,0,0,0,0,0,0,0,0,0,0,0,0,0,0,0,0,0,0,0,0,0,0,0,0,0,PB,0,0,2020,UNK,juvenile,SAN,0,no,no,yes,1.931616027,1,1,1,0,BO,NA,NA,9
23780,0,0,0,0,0,0,0,0,0,0,0,0,0,0,0,0,0,0,0,0,0,0,0,0,0,0,PB,0,0,2020,UNK,juvenile,SAN,0,no,no,yes,1.931616027,1,1,1,0,BO,NA,NA,9
23785,0,0,0,0,0,0,0,0,0,0,0,0,0,0,0,0,0,0,0,0,0,0,0,0,0,0,PB,0,0,2020,UNK,juvenile,SEX,0,no,no,yes,1.630767846,1,1,1,0,BO,0,0,17
23790,0,0,0,0,0,0,0,0,0,0,0,0,0,0,0,0,0,0,0,0,0,0,0,0,0,0,PB,PB,0,2020,UNK,juvenile,SIM,0,no,no,yes,1.911668202,1,1,1,NA,GG,NA,NA,NA
23795,0,0,0,0,0,0,0,0,0,0,0,0,0,0,0,0,0,0,0,0,0,0,0,0,0,0,PB,0,0,2020,UNK,juvenile,SIM,0,no,no,yes,1.911668202,1,1,1,NA,GG,NA,NA,NA
2380,0,0,0,0,0,0,0,0,0,0,0,PB,0,0,0,0,0,0,0,0,0,0,0,0,0,0,0,0,0,2005,UNK,juvenile,MAR,0,no,no,yes,0.289798453,1,1,1,0,GG,NA,NA,4
23800,0,0,0,0,0,0,0,0,0,0,0,0,0,0,0,0,0,0,0,0,0,0,0,0,0,0,PB,0,0,2020,UNK,juvenile,SIM,0,no,no,yes,1.911668202,1,1,1,NA,GG,NA,NA,NA
23805,0,0,0,0,0,0,0,0,0,0,0,0,0,0,0,0,0,0,0,0,0,0,0,0,0,0,PB,0,0,2020,UNK,juvenile,SKY,0,no,no,yes,3.649716522,2,0,0,NA,BO,NA,NA,NA
23810,0,0,0,0,0,0,0,0,0,0,0,0,0,0,0,0,0,0,0,0,0,0,0,0,0,0,PB,0,0,2020,UNK,juvenile,SLE,0,no,no,yes,2.63006785,2,0,1,0,GG,NA,NA,16
23815,0,0,0,0,0,0,0,0,0,0,0,0,0,0,0,0,0,0,0,0,0,0,0,0,0,0,PB,0,0,2020,UNK,juvenile,SQU,0,no,no,yes,3.019230646,2,0,0,0,BO,0,0,11
23820,0,0,0,0,0,0,0,0,0,0,0,0,0,0,0,0,0,0,0,0,0,0,0,0,0,0,PB,0,0,2020,UNK,juvenile,SQU,0,no,no,yes,3.019230646,2,0,0,0,BO,NA,NA,11
23825,0,0,0,0,0,0,0,0,0,0,0,0,0,0,0,0,0,0,0,0,0,0,0,0,0,0,PB,0,0,2020,UNK,juvenile,STA,0,no,no,yes,1.73100636,1,1,1,0.0078125,GG,0,0,7
23830,0,0,0,0,0,0,0,0,0,0,0,0,0,0,0,0,0,0,0,0,0,0,0,0,0,0,PB,0,0,2020,UNK,juvenile,STA,0,no,no,yes,1.73100636,1,1,1,0.0078125,GG,1,1,7
23835,0,0,0,0,0,0,0,0,0,0,0,0,0,0,0,0,0,0,0,0,0,0,0,0,0,0,PB,PB,PB,2020,UNK,juvenile,STO,0,no,no,yes,1.643774648,1,1,1,0.047851563,GG,NA,NA,8
23840,0,0,0,0,0,0,0,0,0,0,0,0,0,0,0,0,0,0,0,0,0,0,0,0,0,0,PB,0,0,2020,UNK,juvenile,STO,0,no,no,yes,1.643774648,1,1,1,0.047851563,GG,NA,NA,8
23845,0,0,0,0,0,0,0,0,0,0,0,0,0,0,0,0,0,0,0,0,0,0,0,0,0,0,PB,0,0,2020,UNK,juvenile,SUL,0,no,no,yes,3.267512582,2,0,0,0,BO,NA,NA,9
2385,0,0,0,0,0,0,0,0,0,0,0,0,0,PB,0,0,0,0,0,0,0,0,0,0,0,0,0,0,0,2007,UNK,juvenile,PHO,0,no,no,yes,1.079327248,1,1,1,0,GG,0,0,3
23855,0,0,0,0,0,0,0,0,0,0,0,0,0,0,0,0,0,0,0,0,0,0,0,0,0,0,PB,0,0,2020,UNK,juvenile,TAS,0,no,no,yes,4.629251657,3,0,0,0,GG,1,1,7
23860,0,0,0,0,0,0,0,0,0,0,0,0,0,0,0,0,0,0,0,0,0,0,0,0,0,0,PB,0,0,2020,UNK,juvenile,TAU,0,no,no,yes,0.412123285,1,1,1,0.041015625,GG,1,1,7
23875,0,0,0,0,0,0,0,0,0,0,0,0,0,0,0,0,0,0,0,0,0,0,0,0,0,0,PB,0,0,2020,UNK,juvenile,TBR,0,no,no,yes,1.841932676,1,1,1,0,GG,NA,NA,7
23880,0,0,0,0,0,0,0,0,0,0,0,0,0,0,0,0,0,0,0,0,0,0,0,0,0,0,PB,0,0,2020,UNK,juvenile,TBR,0,no,no,yes,1.841932676,1,1,1,0,GG,NA,NA,7
23885,0,0,0,0,0,0,0,0,0,0,0,0,0,0,0,0,0,0,0,0,0,0,0,0,0,0,PB,0,0,2020,UNK,juvenile,TMD,0,no,no,yes,0.781533478,1,1,1,0,GG,NA,NA,6
23890,0,0,0,0,0,0,0,0,0,0,0,0,0,0,0,0,0,0,0,0,0,0,0,0,0,0,PB,0,0,2020,UNK,juvenile,TMD,0,no,no,yes,0.781533478,1,1,1,0,GG,NA,NA,6
2390,0,0,0,0,0,0,0,0,0,0,PB,0,0,0,0,0,0,0,0,0,0,0,0,0,0,0,0,0,0,2004,UNK,juvenile,GDEWS,NA,no,no,no,NA,#N/A,NA,NA,0,NA,NA,NA,NA
23900,0,0,0,0,0,0,0,0,0,0,0,0,0,0,0,0,0,0,0,0,0,0,0,0,0,0,PB,0,0,2020,UNK,juvenile,TOP,0,no,no,yes,3.135716677,2,0,0,0,BO,NA,NA,7
23905,0,0,0,0,0,0,0,0,0,0,0,0,0,0,0,0,0,0,0,0,0,0,0,0,0,0,PB,0,0,2020,UNK,juvenile,TRE,0,no,no,yes,1.056711748,1,1,1,0,GG,0,0,8
23910,0,0,0,0,0,0,0,0,0,0,0,0,0,0,0,0,0,0,0,0,0,0,0,0,0,0,PB,0,0,2020,UNK,juvenile,TRI,0,no,no,yes,1.934448781,1,1,1,0,BO,NA,NA,8
23915,0,0,0,0,0,0,0,0,0,0,0,0,0,0,0,0,0,0,0,0,0,0,0,0,0,0,PB,0,0,2020,UNK,juvenile,TRI,0,no,no,yes,1.934448781,1,1,1,0,BO,NA,NA,8
23920,0,0,0,0,0,0,0,0,0,0,0,0,0,0,0,0,0,0,0,0,0,0,0,0,0,0,PB,0,0,2020,UNK,juvenile,TRI,0,no,no,yes,1.934448781,1,1,1,0,BO,NA,NA,8
23925,0,0,0,0,0,0,0,0,0,0,0,0,0,0,0,0,0,0,0,0,0,0,0,0,0,0,PB,0,0,2020,UNK,juvenile,TRO,1,no,no,yes,0.572387875,1,1,1,0.024414063,GG,1,1,8
23930,0,0,0,0,0,0,0,0,0,0,0,0,0,0,0,0,0,0,0,0,0,0,0,0,0,0,PB,0,0,2020,UNK,juvenile,TRO,1,no,no,yes,0.572387875,1,1,1,0.024414063,GG,1,1,8
23935,0,0,0,0,0,0,0,0,0,0,0,0,0,0,0,0,0,0,0,0,0,0,0,0,0,0,PB,0,0,2020,UNK,juvenile,TRO,1,no,no,yes,0.572387875,1,1,1,0.024414063,GG,1,1,8
23940,0,0,0,0,0,0,0,0,0,0,0,0,0,0,0,0,0,0,0,0,0,0,0,0,0,0,PB,PB,0,2020,UNK,juvenile,TUT,0,no,no,yes,0.159228595,1,1,1,0,GG,0,0,19
23945,0,0,0,0,0,0,0,0,0,0,0,0,0,0,0,0,0,0,0,0,0,0,0,0,0,0,PB,0,0,2020,UNK,juvenile,TUT,0,no,no,yes,0.159228595,1,1,1,0,GG,0,0,19
2395,0,0,0,0,0,0,0,0,0,0,0,0,PB,PB,0,0,0,0,0,0,0,0,0,0,0,0,0,0,0,2006,Female,juvenile,NEV,0,no,no,yes,0.475933776,1,1,1,0.015625,GG,0,0,2
23950,0,0,0,0,0,0,0,0,0,0,0,0,0,0,0,0,0,0,0,0,0,0,0,0,0,0,PB,0,0,2020,UNK,juvenile,VES,0,no,no,yes,3.052730754,2,0,0,NA,BO,NA,NA,NA
23955,0,0,0,0,0,0,0,0,0,0,0,0,0,0,0,0,0,0,0,0,0,0,0,0,0,0,PB,0,0,2020,UNK,juvenile,VES,0,no,no,yes,3.052730754,2,0,0,NA,BO,NA,NA,NA
23960,0,0,0,0,0,0,0,0,0,0,0,0,0,0,0,0,0,0,0,0,0,0,0,0,0,0,PB,0,0,2020,UNK,juvenile,WAT,0,no,no,yes,3.690563635,2,0,0,0,BO,NA,NA,4
23965,0,0,0,0,0,0,0,0,0,0,0,0,0,0,0,0,0,0,0,0,0,0,0,0,0,0,PB,0,0,2020,UNK,juvenile,WAT,0,no,no,yes,3.690563635,2,0,0,0,BO,NA,NA,4
23975,0,0,0,0,0,0,0,0,0,0,0,0,0,0,0,0,0,0,0,0,0,0,0,0,0,0,PB,0,0,2020,UNK,juvenile,WFR,0,no,no,yes,2.363352451,2,0,1,0,BO,0,0,8
23980,0,0,0,0,0,0,0,0,0,0,0,0,0,0,0,0,0,0,0,0,0,0,0,0,0,0,PB,0,0,2020,UNK,juvenile,WFR,0,no,no,yes,2.363352451,2,0,1,0,BO,1,1,8
23990,0,0,0,0,0,0,0,0,0,0,0,0,0,0,0,0,0,0,0,0,0,0,0,0,0,0,PB,0,0,2020,UNK,juvenile,WHA,0,no,no,yes,0.012678474,1,1,1,0.125,GG,NA,NA,11
23995,0,0,0,0,0,0,0,0,0,0,0,0,0,0,0,0,0,0,0,0,0,0,0,0,0,0,PB,0,0,2020,UNK,juvenile,WHA,0,no,no,yes,0.012678474,1,1,1,0.125,GG,NA,NA,11
240,0,0,0,PB,PB,B,B,B,B,B,B,B,B,B,B,B,B,PO,0,0,0,0,0,0,0,0,0,0,0,1997,Female,juvenile,BAB,0,no,no,yes,2.11868837,2,0,1,NA,GG,NA,NA,NA
2400,0,0,0,0,0,0,0,0,0,0,PB,0,0,0,0,0,0,0,0,0,0,0,0,0,0,0,0,0,0,2004,UNK,juvenile,FOO,0,no,no,no,0.426000445,1,1,1,0,GG,NA,NA,3
24000,0,0,0,0,0,0,0,0,0,0,0,0,0,0,0,0,0,0,0,0,0,0,0,0,0,0,PB,0,0,2020,UNK,juvenile,WHA,0,no,no,yes,0.012678474,1,1,1,0.125,GG,0,0,11
24010,0,0,0,0,0,0,0,0,0,0,0,0,0,0,0,0,0,0,0,0,0,0,0,0,0,0,PB,0,0,2020,UNK,juvenile,WRE,0,no,no,yes,3.05182676,2,0,0,NA,BO,NA,NA,NA
24015,0,0,0,0,0,0,0,0,0,0,0,0,0,0,0,0,0,0,0,0,0,0,0,0,0,0,PB,0,0,2020,UNK,juvenile,KAN,1,no,no,yes,0.521944941,1,1,1,0.0234375,GG,0,0,16
24020,0,0,0,0,0,0,0,0,0,0,0,0,0,0,0,0,0,0,0,0,0,0,0,0,0,0,PB,0,0,2020,UNK,juvenile,PTE,0,no,no,yes,1.610981715,1,1,1,0,GG,NA,NA,9
24025,0,0,0,0,0,0,0,0,0,0,0,0,0,0,0,0,0,0,0,0,0,0,0,0,0,0,PB,0,0,2020,UNK,juvenile,PTE,0,no,no,yes,1.610981715,1,1,1,0,GG,NA,NA,9
24030,0,0,0,0,0,0,0,0,0,0,0,0,0,0,0,0,0,0,0,0,0,0,0,0,0,0,PB,0,0,2020,UNK,juvenile,UNK,NA,no,no,yes,NA,#N/A,NA,NA,NA,GG,0,0,NA
24035,0,0,0,0,0,0,0,0,0,0,0,0,0,0,0,0,0,0,0,0,0,0,0,0,0,0,PB,0,0,2020,UNK,juvenile,UNK,NA,no,no,yes,NA,#N/A,NA,NA,NA,GG,1,1,NA
24040,0,0,0,0,0,0,0,0,0,0,0,0,0,0,0,0,0,0,0,0,0,0,0,0,0,0,PB,0,0,2020,UNK,juvenile,UNK,NA,no,no,yes,NA,#N/A,NA,NA,NA,GG,1,1,NA
24045,0,0,0,0,0,0,0,0,0,0,0,0,0,0,0,0,0,0,0,0,0,0,0,0,0,0,0,PB,0,2021,UNK,juvenile,BRE,0,no,no,yes,1.36184276,1,1,1,NA,BO,0,0,6
2405,0,0,0,0,0,0,0,0,0,0,0,PB,PB,0,0,0,0,0,0,0,0,0,0,PB,0,0,0,0,0,2005,UNK,juvenile,MOS,0,no,no,yes,1.327013703,1,1,1,0,BO,1,1,3
24050,0,0,0,0,0,0,0,0,0,0,0,0,0,0,0,0,0,0,0,0,0,0,0,0,0,0,0,PB,0,2021,UNK,juvenile,DRV,0,no,no,yes,2.436138669,2,0,1,NA,GG,0,0,NA
24055,0,0,0,0,0,0,0,0,0,0,0,0,0,0,0,0,0,0,0,0,0,0,0,0,0,0,0,PB,0,2021,UNK,juvenile,DRV,0,no,no,yes,2.436138669,2,0,1,NA,GG,0,0,NA
24060,0,0,0,0,0,0,0,0,0,0,0,0,0,0,0,0,0,0,0,0,0,0,0,0,0,0,0,PB,0,2021,UNK,juvenile,SLE,0,no,no,yes,2.63006785,2,0,1,NA,GG,NA,NA,2
24065,0,0,0,0,0,0,0,0,0,0,0,0,0,0,0,0,0,0,0,0,0,0,0,0,0,0,0,PB,0,2021,UNK,juvenile,SLE,0,no,no,yes,2.63006785,2,0,1,NA,GG,NA,NA,2
24070,0,0,0,0,0,0,0,0,0,0,0,0,0,0,0,0,0,0,0,0,0,0,0,0,0,0,0,PB,0,2021,UNK,juvenile,DTO,0,no,no,yes,1.419705696,1,1,1,NA,BO,0,0,9
24075,0,0,0,0,0,0,0,0,0,0,0,0,0,0,0,0,0,0,0,0,0,0,0,0,0,0,0,PB,0,2021,UNK,juvenile,DTO,0,no,no,yes,1.419705696,1,1,1,NA,BO,0,0,9
24080,0,0,0,0,0,0,0,0,0,0,0,0,0,0,0,0,0,0,0,0,0,0,0,0,0,0,0,PB,0,2021,UNK,juvenile,CHI,1,no,no,yes,1.017734063,1,1,1,NA,BO,0,0,NA
24085,0,0,0,0,0,0,0,0,0,0,0,0,0,0,0,0,0,0,0,0,0,0,0,0,0,0,0,PB,0,2021,UNK,juvenile,FAT,0,no,no,yes,2.018575634,2,0,1,NA,GG,0,0,NA
24090,0,0,0,0,0,0,0,0,0,0,0,0,0,0,0,0,0,0,0,0,0,0,0,0,0,0,0,PB,0,2021,UNK,juvenile,COR,0,no,no,yes,2.673692125,2,0,1,NA,GG,0,0,14
24095,0,0,0,0,0,0,0,0,0,0,0,0,0,0,0,0,0,0,0,0,0,0,0,0,0,0,0,PB,0,2021,UNK,juvenile,COR,0,no,no,yes,2.673692125,2,0,1,NA,GG,0,0,14
241,0,0,PB,0,0,PB,B,B,B,B,B,B,B,B,B,B,B,B,PO,0,0,PO,PO,PO,B,0,0,0,0,1996,Male,juvenile,NMR,0,no,no,yes,NA,NA,NA,NA,NA,GG,NA,NA,NA
2410,0,0,0,0,0,0,0,0,0,0,0,0,0,PB,0,0,0,0,0,0,0,0,0,0,0,0,0,0,0,2007,UNK,juvenile,BEE,0,no,no,yes,0.169170504,1,1,1,0,GG,0,0,5
24100,0,0,0,0,0,0,0,0,0,0,0,0,0,0,0,0,0,0,0,0,0,0,0,0,0,0,0,PB,0,2021,UNK,juvenile,COR,0,no,no,yes,2.673692125,2,0,1,NA,GG,0,0,14
24105,0,0,0,0,0,0,0,0,0,0,0,0,0,0,0,0,0,0,0,0,0,0,0,0,0,0,0,PB,0,2021,UNK,juvenile,JUN,0,no,no,yes,1.606571009,1,1,1,NA,BO,0,0,9
24110,0,0,0,0,0,0,0,0,0,0,0,0,0,0,0,0,0,0,0,0,0,0,0,0,0,0,0,PB,0,2021,UNK,juvenile,JUN,0,no,no,yes,1.606571009,1,1,1,NA,BO,0,0,9
24115,0,0,0,0,0,0,0,0,0,0,0,0,0,0,0,0,0,0,0,0,0,0,0,0,0,0,0,PB,0,2021,UNK,juvenile,MEG,0,no,no,yes,2.410838132,2,0,1,NA,BO,0,0,15
24120,0,0,0,0,0,0,0,0,0,0,0,0,0,0,0,0,0,0,0,0,0,0,0,0,0,0,0,PB,0,2021,UNK,juvenile,MEG,0,no,no,yes,2.410838132,2,0,1,NA,BO,0,0,15
24125,0,0,0,0,0,0,0,0,0,0,0,0,0,0,0,0,0,0,0,0,0,0,0,0,0,0,0,PB,0,2021,UNK,juvenile,MEG,0,no,no,yes,2.410838132,2,0,1,NA,BO,0,0,15
24130,0,0,0,0,0,0,0,0,0,0,0,0,0,0,0,0,0,0,0,0,0,0,0,0,0,0,0,PB,0,2021,UNK,juvenile,MGL,0,no,no,yes,1.445809405,1,1,1,NA,BO,0,0,8
24135,0,0,0,0,0,0,0,0,0,0,0,0,0,0,0,0,0,0,0,0,0,0,0,0,0,0,0,PB,0,2021,UNK,juvenile,OVA,0,no,no,yes,3.613778632,2,0,0,NA,BO,0,0,11
24140,0,0,0,0,0,0,0,0,0,0,0,0,0,0,0,0,0,0,0,0,0,0,0,0,0,0,0,PB,0,2021,UNK,juvenile,RFI,0,no,no,yes,1.458184933,1,1,1,NA,BO,1,1,12
2415,0,0,0,0,0,0,0,0,0,0,0,PB,PB,PB,0,0,0,0,0,0,0,0,0,0,0,0,0,0,0,2005,UNK,juvenile,MOS,0,no,no,yes,1.327013703,1,1,1,0,BO,1,1,3
24165,0,0,0,0,0,0,0,0,0,0,0,0,0,0,0,0,0,0,0,0,0,0,0,0,0,0,0,PB,0,2021,UNK,juvenile,SLS,0,no,no,yes,2.471803219,2,0,1,NA,BO,0,0,8
24170,0,0,0,0,0,0,0,0,0,0,0,0,0,0,0,0,0,0,0,0,0,0,0,0,0,0,0,PB,0,2021,UNK,juvenile,TRI,0,no,no,yes,1.934448781,1,1,1,NA,BO,0,0,NA
24175,0,0,0,0,0,0,0,0,0,0,0,0,0,0,0,0,0,0,0,0,0,0,0,0,0,0,0,PB,0,2021,UNK,juvenile,TRI,0,no,no,yes,1.934448781,1,1,1,NA,BO,0,0,NA
24180,0,0,0,0,0,0,0,0,0,0,0,0,0,0,0,0,0,0,0,0,0,0,0,0,0,0,0,PB,0,2021,UNK,juvenile,TRI,0,no,no,yes,1.934448781,1,1,1,NA,BO,0,0,NA
24185,0,0,0,0,0,0,0,0,0,0,0,0,0,0,0,0,0,0,0,0,0,0,0,0,0,0,0,PB,0,2021,UNK,juvenile,TAU,0,no,no,yes,0.412123285,1,1,1,NA,GG,0,0,8
24190,0,0,0,0,0,0,0,0,0,0,0,0,0,0,0,0,0,0,0,0,0,0,0,0,0,0,0,PB,0,2021,UNK,juvenile,DEV,0,no,no,yes,3.450820625,2,0,0,NA,BO,NA,NA,NA
2420,0,0,0,0,0,0,0,0,0,0,0,PB,0,0,0,0,0,0,0,0,0,0,0,0,0,0,0,0,0,2005,UNK,juvenile,FOO,0,no,no,yes,0.426000445,1,1,1,0,GG,1,1,4
24200,0,0,0,0,0,0,0,0,0,0,0,0,0,0,0,0,0,0,0,0,0,0,0,0,0,0,0,PB,0,2021,UNK,juvenile,DEV,0,no,no,yes,3.450820625,2,0,0,NA,BO,NA,NA,NA
24205,0,0,0,0,0,0,0,0,0,0,0,0,0,0,0,0,0,0,0,0,0,0,0,0,0,0,0,PB,0,2021,UNK,juvenile,SWI,0,no,no,yes,2.949732005,2,0,1,NA,BO,NA,NA,NA
24215,0,0,0,0,0,0,0,0,0,0,0,0,0,0,0,0,0,0,0,0,0,0,0,0,0,0,0,PB,0,2021,UNK,juvenile,PAX,0,no,no,yes,1.632321176,1,1,1,NA,GG,0,0,NA
24240,0,0,0,0,0,0,0,0,0,0,0,0,0,0,0,0,0,0,0,0,0,0,0,0,0,0,0,PB,0,2021,UNK,juvenile,BIN,0,no,no,yes,2.27812993,2,0,1,NA,GG,0,0,9
24245,0,0,0,0,0,0,0,0,0,0,0,0,0,0,0,0,0,0,0,0,0,0,0,0,0,0,0,PB,0,2021,UNK,juvenile,BIN,0,no,no,yes,2.27812993,2,0,1,NA,GG,0,0,9
2425,0,0,0,0,0,0,0,0,0,0,0,0,0,PB,0,0,0,0,0,0,0,0,0,0,0,0,0,0,0,2007,UNK,juvenile,SQU,0,no,no,yes,3.019230646,2,0,0,0,BO,0,0,4
24250,0,0,0,0,0,0,0,0,0,0,0,0,0,0,0,0,0,0,0,0,0,0,0,0,0,0,0,PB,0,2021,UNK,juvenile,BOB,0,no,no,yes,1.982154844,1,1,1,NA,BO,0,0,4
24255,0,0,0,0,0,0,0,0,0,0,0,0,0,0,0,0,0,0,0,0,0,0,0,0,0,0,0,PB,0,2021,UNK,juvenile,BOB,0,no,no,yes,1.982154844,1,1,1,NA,BO,0,0,4
24260,0,0,0,0,0,0,0,0,0,0,0,0,0,0,0,0,0,0,0,0,0,0,0,0,0,0,0,PB,0,2021,UNK,juvenile,GME,1,no,no,yes,1.23323277,1,1,1,NA,GG,0,0,15
24265,0,0,0,0,0,0,0,0,0,0,0,0,0,0,0,0,0,0,0,0,0,0,0,0,0,0,0,PB,0,2021,UNK,juvenile,IND,0,no,no,yes,2.771576849,2,0,1,NA,GG,0,0,9
24270,0,0,0,0,0,0,0,0,0,0,0,0,0,0,0,0,0,0,0,0,0,0,0,0,0,0,0,PB,0,2021,UNK,juvenile,IND,0,no,no,yes,2.771576849,2,0,1,NA,GG,0,0,9
24275,0,0,0,0,0,0,0,0,0,0,0,0,0,0,0,0,0,0,0,0,0,0,0,0,0,0,0,PB,0,2021,UNK,juvenile,JUN,0,no,no,yes,1.606571009,1,1,1,NA,BO,0,0,9
24280,0,0,0,0,0,0,0,0,0,0,0,0,0,0,0,0,0,0,0,0,0,0,0,0,0,0,0,PB,0,2021,UNK,juvenile,MAR,0,no,no,yes,0.790406159,1,1,1,NA,GG,0,0,NA
24295,0,0,0,0,0,0,0,0,0,0,0,0,0,0,0,0,0,0,0,0,0,0,0,0,0,0,0,PB,0,2021,UNK,juvenile,NID,0,no,no,yes,0.169170504,1,1,1,NA,GG,0,0,8
2430,0,0,0,0,0,0,0,0,0,0,0,0,PB,0,0,0,0,0,0,0,0,0,0,0,0,0,0,0,0,2006,UNK,juvenile,ATL,0,no,no,yes,0.290401009,1,1,1,0,GG,0,0,2
24300,0,0,0,0,0,0,0,0,0,0,0,0,0,0,0,0,0,0,0,0,0,0,0,0,0,0,0,PB,0,2021,UNK,juvenile,TBF,0,no,no,yes,1.343648915,1,1,1,NA,GG,NA,NA,7
24305,0,0,0,0,0,0,0,0,0,0,0,0,0,0,0,0,0,0,0,0,0,0,0,0,0,0,0,PB,0,2021,UNK,juvenile,TRO,1,no,no,yes,0.572387875,1,1,1,NA,GG,0,0,9
24310,0,0,0,0,0,0,0,0,0,0,0,0,0,0,0,0,0,0,0,0,0,0,0,0,0,0,0,PB,0,2021,UNK,juvenile,TRO,1,no,no,yes,0.572387875,1,1,1,NA,GG,0,0,9
24325,0,0,0,0,0,0,0,0,0,0,0,0,0,0,0,0,0,0,0,0,0,0,0,0,0,0,0,PB,0,2021,UNK,juvenile,WAT,0,no,no,yes,3.690563635,2,0,0,NA,BO,0,0,NA
24335,0,0,0,0,0,0,0,0,0,0,0,0,0,0,0,0,0,0,0,0,0,0,0,0,0,0,0,PB,0,2021,UNK,juvenile,PHO,0,no,no,yes,2.178024733,2,0,1,NA,GG,0,0,NA
24340,0,0,0,0,0,0,0,0,0,0,0,0,0,0,0,0,0,0,0,0,0,0,0,0,0,0,0,PB,0,2021,UNK,juvenile,HTC,0,no,no,yes,0.283694145,1,1,1,NA,GG,0,0,11
24345,0,0,0,0,0,0,0,0,0,0,0,0,0,0,0,0,0,0,0,0,0,0,0,0,0,0,0,PB,0,2021,UNK,juvenile,MAR,0,no,no,yes,0.790406159,1,1,1,NA,GG,0,0,NA
2435,0,0,0,0,0,0,0,0,0,0,0,0,0,PB,PB,PB,PB,B,B,B,B,B,B,B,B,B,B,0,0,2007,Male,juvenile,OLY,1,no,no,yes,0.084038717,1,1,1,0,GG,NA,NA,3
24350,0,0,0,0,0,0,0,0,0,0,0,0,0,0,0,0,0,0,0,0,0,0,0,0,0,0,0,PB,0,2021,UNK,juvenile,TRO,1,no,no,yes,0.572387875,1,1,1,NA,GG,NA,NA,9
24355,0,0,0,0,0,0,0,0,0,0,0,0,0,0,0,0,0,0,0,0,0,0,0,0,0,0,0,PB,0,2021,UNK,juvenile,BRE,0,no,no,yes,1.36184276,1,1,1,NA,BO,0,0,6
24360,0,0,0,0,0,0,0,0,0,0,0,0,0,0,0,0,0,0,0,0,0,0,0,0,0,0,0,PB,0,2021,UNK,juvenile,BRE,0,no,no,yes,1.36184276,1,1,1,NA,BO,0,0,6
24365,0,0,0,0,0,0,0,0,0,0,0,0,0,0,0,0,0,0,0,0,0,0,0,0,0,0,0,PB,0,2021,UNK,juvenile,NID,0,no,no,yes,0.169170504,1,1,1,NA,GG,0,0,8
24370,0,0,0,0,0,0,0,0,0,0,0,0,0,0,0,0,0,0,0,0,0,0,0,0,0,0,0,PB,0,2021,UNK,juvenile,GME,1,no,no,yes,1.23323277,1,1,1,NA,GG,0,0,15
24375,0,0,0,0,0,0,0,0,0,0,0,0,0,0,0,0,0,0,0,0,0,0,0,0,0,0,0,PB,0,2021,UNK,juvenile,NIA,0,no,no,yes,2.320350474,2,0,1,NA,GG,0,0,8
24380,0,0,0,0,0,0,0,0,0,0,0,0,0,0,0,0,0,0,0,0,0,0,0,0,0,0,0,PB,0,2021,UNK,juvenile,NIA,0,no,no,yes,2.320350474,2,0,1,NA,GG,0,0,8
24385,0,0,0,0,0,0,0,0,0,0,0,0,0,0,0,0,0,0,0,0,0,0,0,0,0,0,0,PB,0,2021,UNK,juvenile,CER,0,no,no,yes,3.617334389,2,0,0,NA,BO,NA,NA,9
24390,0,0,0,0,0,0,0,0,0,0,0,0,0,0,0,0,0,0,0,0,0,0,0,0,0,0,0,PB,0,2021,UNK,juvenile,CRA,0,no,no,yes,2.466652839,2,0,1,NA,BO,NA,NA,NA
24395,0,0,0,0,0,0,0,0,0,0,0,0,0,0,0,0,0,0,0,0,0,0,0,0,0,0,0,PB,0,2021,UNK,juvenile,MIR,0,no,no,yes,3.461566333,2,0,0,NA,BO,0,0,NA
2440,0,0,0,0,0,0,0,0,0,0,0,0,PB,PB,0,0,0,0,0,0,0,0,0,0,0,0,0,0,0,2006,UNK,juvenile,TRP,0,no,no,yes,1.834883956,1,1,1,0,GG,0,0,5
24400,0,0,0,0,0,0,0,0,0,0,0,0,0,0,0,0,0,0,0,0,0,0,0,0,0,0,0,PB,0,2021,UNK,juvenile,MIR,0,no,no,yes,3.461566333,2,0,0,NA,BO,0,0,NA
24405,0,0,0,0,0,0,0,0,0,0,0,0,0,0,0,0,0,0,0,0,0,0,0,0,0,0,0,PB,0,2021,UNK,juvenile,PAR,0,no,no,yes,2.011722582,2,0,1,NA,BO,0,0,NA
24410,0,0,0,0,0,0,0,0,0,0,0,0,0,0,0,0,0,0,0,0,0,0,0,0,0,0,0,PB,0,2021,UNK,juvenile,PAR,0,no,no,yes,2.011722582,2,0,1,NA,BO,0,0,NA
24425,0,0,0,0,0,0,0,0,0,0,0,0,0,0,0,0,0,0,0,0,0,0,0,0,0,0,0,PB,0,2021,UNK,juvenile,WAT,0,no,no,yes,3.690563635,2,0,0,NA,BO,0,0,NA
24435,0,0,0,0,0,0,0,0,0,0,0,0,0,0,0,0,0,0,0,0,0,0,0,0,0,0,0,PB,0,2021,UNK,juvenile,DRV,0,no,no,yes,2.436138669,2,0,1,NA,GG,0,0,NA
24440,0,0,0,0,0,0,0,0,0,0,0,0,0,0,0,0,0,0,0,0,0,0,0,0,0,0,0,PB,0,2021,UNK,juvenile,OLY,1,no,no,yes,0.525180152,1,1,1,NA,GG,0,0,12
24445,0,0,0,0,0,0,0,0,0,0,0,0,0,0,0,0,0,0,0,0,0,0,0,0,0,0,0,PB,0,2021,UNK,juvenile,OLY,1,no,no,yes,0.525180152,1,1,1,NA,GG,0,0,12
2445,0,0,0,0,0,0,0,0,0,0,0,0,0,PB,0,0,0,0,0,0,0,0,0,0,0,0,0,0,0,2007,UNK,juvenile,AAR,0,no,no,yes,2.144788508,2,0,1,0,BO,NA,NA,8
24455,0,0,0,0,0,0,0,0,0,0,0,0,0,0,0,0,0,0,0,0,0,0,0,0,0,0,0,PB,0,2021,UNK,juvenile,UNI,0,no,no,yes,4.549926835,3,0,0,NA,GG,0,0,10
24460,0,0,0,0,0,0,0,0,0,0,0,0,0,0,0,0,0,0,0,0,0,0,0,0,0,0,0,PB,0,2021,UNK,juvenile,MOS,0,no,no,yes,1.327013703,1,1,1,NA,BO,1,1,19
24465,0,0,0,0,0,0,0,0,0,0,0,0,0,0,0,0,0,0,0,0,0,0,0,0,0,0,0,PB,0,2021,UNK,juvenile,NIA,0,no,no,yes,2.320350474,2,0,1,NA,GG,0,0,8
24470,0,0,0,0,0,0,0,0,0,0,0,0,0,0,0,0,0,0,0,0,0,0,0,0,0,0,0,PB,0,2021,UNK,juvenile,PTE,0,no,no,yes,1.610981715,1,1,1,NA,GG,0,0,NA
24475,0,0,0,0,0,0,0,0,0,0,0,0,0,0,0,0,0,0,0,0,0,0,0,0,0,0,0,PB,0,2021,UNK,juvenile,PTE,0,no,no,yes,1.610981715,1,1,1,NA,GG,0,0,NA
24480,0,0,0,0,0,0,0,0,0,0,0,0,0,0,0,0,0,0,0,0,0,0,0,0,0,0,0,PB,0,2021,UNK,juvenile,QUI,0,no,no,yes,1.992282378,1,1,1,NA,GG,0,0,20
24485,0,0,0,0,0,0,0,0,0,0,0,0,0,0,0,0,0,0,0,0,0,0,0,0,0,0,0,PB,0,2021,UNK,juvenile,QUI,0,no,no,yes,1.992282378,1,1,1,NA,GG,0,0,20
24490,0,0,0,0,0,0,0,0,0,0,0,0,0,0,0,0,0,0,0,0,0,0,0,0,0,0,0,PB,0,2021,UNK,juvenile,SIM,0,no,no,yes,1.911668202,1,1,1,NA,GG,0,0,NA
24495,0,0,0,0,0,0,0,0,0,0,0,0,0,0,0,0,0,0,0,0,0,0,0,0,0,0,0,PB,0,2021,UNK,juvenile,BNW,0,no,no,yes,1.765904901,1,1,1,NA,GG,0,0,NA
2450,0,0,0,0,0,0,0,0,0,0,0,0,PB,0,0,0,0,0,0,0,0,0,0,0,0,0,0,0,0,2006,UNK,juvenile,RON,0,no,no,yes,1.456043944,1,1,1,0,BO,NA,NA,4
24500,0,0,0,0,0,0,0,0,0,0,0,0,0,0,0,0,0,0,0,0,0,0,0,0,0,0,0,PB,0,2021,UNK,juvenile,STO,0,no,no,yes,1.643774648,1,1,1,NA,GG,0,0,9
24505,0,0,0,0,0,0,0,0,0,0,0,0,0,0,0,0,0,0,0,0,0,0,0,0,0,0,0,PB,0,2021,UNK,juvenile,STO,0,no,no,yes,1.643774648,1,1,1,NA,GG,0,0,9
24510,0,0,0,0,0,0,0,0,0,0,0,0,0,0,0,0,0,0,0,0,0,0,0,0,0,0,0,PB,0,2021,UNK,juvenile,STO,0,no,no,yes,1.643774648,1,1,1,NA,GG,0,0,9
24515,0,0,0,0,0,0,0,0,0,0,0,0,0,0,0,0,0,0,0,0,0,0,0,0,0,0,0,PB,0,2021,UNK,juvenile,TRE,0,no,no,yes,1.056711748,1,1,1,NA,GG,0,0,9
24520,0,0,0,0,0,0,0,0,0,0,0,0,0,0,0,0,0,0,0,0,0,0,0,0,0,0,0,PB,0,2021,UNK,juvenile,TRE,0,no,no,yes,1.056711748,1,1,1,NA,GG,NA,NA,9
24525,0,0,0,0,0,0,0,0,0,0,0,0,0,0,0,0,0,0,0,0,0,0,0,0,0,0,0,PB,0,2021,UNK,juvenile,FAX,0,no,no,yes,3.268100931,2,0,0,NA,GG,0,0,NA
24530,0,0,0,0,0,0,0,0,0,0,0,0,0,0,0,0,0,0,0,0,0,0,0,0,0,0,0,PB,0,2021,UNK,juvenile,UNI,0,no,no,yes,4.549926835,3,0,0,NA,GG,NA,NA,10
24545,0,0,0,0,0,0,0,0,0,0,0,0,0,0,0,0,0,0,0,0,0,0,0,0,0,0,0,PB,0,2021,UNK,juvenile,SKY,0,no,no,yes,3.649716522,2,0,0,NA,BO,0,0,NA
2455,0,0,0,0,0,0,0,0,0,0,0,PB,0,0,0,0,0,0,0,0,0,0,0,0,0,0,0,0,0,2005,UNK,juvenile,MAR,0,no,no,yes,0.289798453,1,1,1,0,GG,1,0,4
24550,0,0,0,0,0,0,0,0,0,0,0,0,0,0,0,0,0,0,0,0,0,0,0,0,0,0,0,PB,0,2021,UNK,juvenile,BOU,0,no,no,yes,1.371734988,1,1,1,NA,BO,NA,NA,8
24555,0,0,0,0,0,0,0,0,0,0,0,0,0,0,0,0,0,0,0,0,0,0,0,0,0,0,0,PB,0,2021,UNK,juvenile,BOU,0,no,no,yes,1.371734988,1,1,1,NA,BO,NA,NA,8
24560,0,0,0,0,0,0,0,0,0,0,0,0,0,0,0,0,0,0,0,0,0,0,0,0,0,0,0,PB,0,2021,UNK,juvenile,GRE,0,no,no,yes,1.7374113,1,1,1,NA,BO,0,0,NA
24565,0,0,0,0,0,0,0,0,0,0,0,0,0,0,0,0,0,0,0,0,0,0,0,0,0,0,0,PB,0,2021,UNK,juvenile,GRE,0,no,no,yes,1.7374113,1,1,1,NA,BO,0,0,NA
24570,0,0,0,0,0,0,0,0,0,0,0,0,0,0,0,0,0,0,0,0,0,0,0,0,0,0,0,PB,0,2021,UNK,juvenile,PAL,0,no,no,yes,3.605961278,2,0,0,NA,BO,0,0,NA
24575,0,0,0,0,0,0,0,0,0,0,0,0,0,0,0,0,0,0,0,0,0,0,0,0,0,0,0,PB,0,2021,UNK,juvenile,WRE,0,no,no,yes,3.05182676,2,0,0,NA,BO,0,0,NA
24580,0,0,0,0,0,0,0,0,0,0,0,0,0,0,0,0,0,0,0,0,0,0,0,0,0,0,0,PB,0,2021,UNK,juvenile,WRE,0,no,no,yes,3.05182676,2,0,0,NA,BO,1,1,NA
24585,0,0,0,0,0,0,0,0,0,0,0,0,0,0,0,0,0,0,0,0,0,0,0,0,0,0,0,PB,0,2021,UNK,juvenile,WRE,0,no,no,yes,3.05182676,2,0,0,NA,BO,1,1,NA
24590,0,0,0,0,0,0,0,0,0,0,0,0,0,0,0,0,0,0,0,0,0,0,0,0,0,0,0,PB,0,2021,UNK,juvenile,NID,0,no,no,yes,0.169170504,1,1,1,NA,GG,0,0,8
24595,0,0,0,0,0,0,0,0,0,0,0,0,0,0,0,0,0,0,0,0,0,0,0,0,0,0,0,PB,0,2021,UNK,juvenile,CHI,1,no,no,yes,1.017734063,1,1,1,NA,BO,1,1,NA
246,0,0,PB,0,0,0,B,0,0,0,0,0,0,0,0,0,0,0,0,0,0,0,0,0,0,0,0,0,0,1996,Male,juvenile,UNK,NA,no,no,no,NA,#N/A,NA,NA,NA,GG,NA,NA,NA
2460,0,0,0,0,0,0,0,0,0,0,0,0,0,PB,PB,0,0,0,0,0,0,0,0,0,0,0,0,0,0,2007,UNK,juvenile,QUI,0,no,no,yes,0.713376379,1,1,1,0,GG,NA,NA,6
24600,0,0,0,0,0,0,0,0,0,0,0,0,0,0,0,0,0,0,0,0,0,0,0,0,0,0,0,PB,0,2021,UNK,juvenile,PAT,0,no,no,yes,2.254204238,2,0,1,NA,BO,0,0,NA
24605,0,0,0,0,0,0,0,0,0,0,0,0,0,0,0,0,0,0,0,0,0,0,0,0,0,0,0,PB,0,2021,UNK,juvenile,PAT,0,no,no,yes,2.254204238,2,0,1,NA,BO,0,0,NA
24610,0,0,0,0,0,0,0,0,0,0,0,0,0,0,0,0,0,0,0,0,0,0,0,0,0,0,0,PB,0,2021,UNK,juvenile,RFI,0,no,no,yes,1.458184933,1,1,1,NA,BO,NA,NA,12
24615,0,0,0,0,0,0,0,0,0,0,0,0,0,0,0,0,0,0,0,0,0,0,0,0,0,0,0,PB,0,2021,UNK,juvenile,SUN,0,no,no,yes,0.893336406,1,1,1,NA,GG,NA,NA,13
24620,0,0,0,0,0,0,0,0,0,0,0,0,0,0,0,0,0,0,0,0,0,0,0,0,0,0,0,PB,0,2021,UNK,juvenile,SUN,0,no,no,yes,0.893336406,1,1,1,NA,GG,NA,NA,13
24625,0,0,0,0,0,0,0,0,0,0,0,0,0,0,0,0,0,0,0,0,0,0,0,0,0,0,0,PB,0,2021,UNK,juvenile,HAL,0,no,no,yes,0.361336378,1,1,1,NA,GG,0,0,NA
24630,0,0,0,0,0,0,0,0,0,0,0,0,0,0,0,0,0,0,0,0,0,0,0,0,0,0,0,PB,0,2021,UNK,juvenile,HAL,0,no,no,yes,0.361336378,1,1,1,NA,GG,0,0,NA
24635,0,0,0,0,0,0,0,0,0,0,0,0,0,0,0,0,0,0,0,0,0,0,0,0,0,0,0,PB,0,2021,UNK,juvenile,BBA,0,no,no,yes,2.384051007,2,0,1,NA,BO,NA,NA,NA
24640,0,0,0,0,0,0,0,0,0,0,0,0,0,0,0,0,0,0,0,0,0,0,0,0,0,0,0,PB,0,2021,UNK,juvenile,BDK,0,no,no,yes,1.060955027,1,1,1,NA,GG,0,0,9
24645,0,0,0,0,0,0,0,0,0,0,0,0,0,0,0,0,0,0,0,0,0,0,0,0,0,0,0,PB,0,2021,UNK,juvenile,BDK,0,no,no,yes,1.060955027,1,1,1,NA,GG,0,0,9
2465,0,0,0,0,0,0,0,0,0,0,0,0,0,PB,0,B,PO,0,B,B,B,B,B,0,B,0,0,B,B,2007,Female,juvenile,TRP,0,no,no,yes,1.834883956,1,1,1,0,GG,0,0,6
24650,0,0,0,0,0,0,0,0,0,0,0,0,0,0,0,0,0,0,0,0,0,0,0,0,0,0,0,PB,0,2021,UNK,juvenile,BDK,0,no,no,yes,1.060955027,1,1,1,NA,GG,0,0,9
24655,0,0,0,0,0,0,0,0,0,0,0,0,0,0,0,0,0,0,0,0,0,0,0,0,0,0,0,PB,0,2021,UNK,juvenile,GRY,0,no,no,yes,0.409201689,1,1,1,NA,GG,0,0,17
24660,0,0,0,0,0,0,0,0,0,0,0,0,0,0,0,0,0,0,0,0,0,0,0,0,0,0,0,PB,0,2021,UNK,juvenile,GRY,0,no,no,yes,0.409201689,1,1,1,NA,GG,0,0,17
24665,0,0,0,0,0,0,0,0,0,0,0,0,0,0,0,0,0,0,0,0,0,0,0,0,0,0,0,PB,0,2021,UNK,juvenile,PRI,1,no,no,yes,0.625509911,1,1,1,NA,GG,0,0,10
24670,0,0,0,0,0,0,0,0,0,0,0,0,0,0,0,0,0,0,0,0,0,0,0,0,0,0,0,PB,0,2021,UNK,juvenile,PRI,1,no,no,yes,0.625509911,1,1,1,NA,GG,0,0,10
24675,0,0,0,0,0,0,0,0,0,0,0,0,0,0,0,0,0,0,0,0,0,0,0,0,0,0,0,PB,0,2021,UNK,juvenile,NAZ,0,no,no,yes,0.537764735,1,1,1,NA,GG,NA,NA,13
24680,0,0,0,0,0,0,0,0,0,0,0,0,0,0,0,0,0,0,0,0,0,0,0,0,0,0,0,PB,0,2021,UNK,juvenile,NAZ,0,no,no,yes,0.537764735,1,1,1,NA,GG,NA,NA,13
24685,0,0,0,0,0,0,0,0,0,0,0,0,0,0,0,0,0,0,0,0,0,0,0,0,0,0,0,PB,0,2021,UNK,juvenile,CPK,0,no,no,yes,0.274039381,1,1,1,NA,GG,NA,NA,NA
24690,0,0,0,0,0,0,0,0,0,0,0,0,0,0,0,0,0,0,0,0,0,0,0,0,0,0,0,PB,0,2021,UNK,juvenile,BOB,0,no,no,yes,1.982154844,1,1,1,NA,BO,0,0,4
24695,0,0,0,0,0,0,0,0,0,0,0,0,0,0,0,0,0,0,0,0,0,0,0,0,0,0,0,PB,0,2021,UNK,juvenile,BER,0,no,no,yes,1.371228001,1,1,1,NA,GG,NA,NA,NA
2470,0,0,0,0,0,0,0,0,0,0,0,PB,PB,0,0,0,0,0,0,0,0,0,0,0,0,0,0,0,0,2005,UNK,juvenile,BEV,0,no,no,yes,1.272783044,1,1,1,0,GG,0,0,6
24700,0,0,0,0,0,0,0,0,0,0,0,0,0,0,0,0,0,0,0,0,0,0,0,0,0,0,0,PB,0,2021,UNK,juvenile,BER,0,no,no,yes,1.371228001,1,1,1,NA,GG,NA,NA,NA
24705,0,0,0,0,0,0,0,0,0,0,0,0,0,0,0,0,0,0,0,0,0,0,0,0,0,0,0,PB,0,2021,UNK,juvenile,BER,0,no,no,yes,1.371228001,1,1,1,NA,GG,NA,NA,NA
24710,0,0,0,0,0,0,0,0,0,0,0,0,0,0,0,0,0,0,0,0,0,0,0,0,0,0,0,PB,0,2021,UNK,juvenile,BLR,0,no,no,yes,0.326113279,1,1,1,NA,GG,NA,NA,5
24715,0,0,0,0,0,0,0,0,0,0,0,0,0,0,0,0,0,0,0,0,0,0,0,0,0,0,0,PB,0,2021,UNK,juvenile,BLR,0,no,no,yes,0.326113279,1,1,1,NA,GG,NA,NA,5
24720,0,0,0,0,0,0,0,0,0,0,0,0,0,0,0,0,0,0,0,0,0,0,0,0,0,0,0,PB,0,2021,UNK,juvenile,TMD,0,no,no,yes,0.781533478,1,1,1,NA,GG,NA,NA,7
24725,0,0,0,0,0,0,0,0,0,0,0,0,0,0,0,0,0,0,0,0,0,0,0,0,0,0,0,PB,0,2021,UNK,juvenile,ROB,0,no,no,yes,2.134966837,2,0,1,NA,BO,0,0,NA
24730,0,0,0,0,0,0,0,0,0,0,0,0,0,0,0,0,0,0,0,0,0,0,0,0,0,0,0,PB,0,2021,UNK,juvenile,ROB,0,no,no,yes,2.134966837,2,0,1,NA,BO,NA,NA,NA
24735,0,0,0,0,0,0,0,0,0,0,0,0,0,0,0,0,0,0,0,0,0,0,0,0,0,0,0,PB,0,2021,UNK,juvenile,MNT,1,no,no,yes,0.632854925,1,1,1,NA,GG,0,0,9
24740,0,0,0,0,0,0,0,0,0,0,0,0,0,0,0,0,0,0,0,0,0,0,0,0,0,0,0,PB,0,2021,UNK,juvenile,MNT,1,no,no,yes,0.632854925,1,1,1,NA,GG,0,0,9
24745,0,0,0,0,0,0,0,0,0,0,0,0,0,0,0,0,0,0,0,0,0,0,0,0,0,0,0,PB,0,2021,UNK,juvenile,AQU,0,no,no,yes,0.301142973,1,1,1,NA,GG,0,0,NA
2475,0,0,0,0,0,0,0,0,0,0,PB,0,0,0,0,0,0,0,0,0,0,0,0,0,0,0,0,0,0,2004,UNK,juvenile,LON,0,no,no,no,0.041881187,1,1,1,0,GG,0,0,4
24750,0,0,0,0,0,0,0,0,0,0,0,0,0,0,0,0,0,0,0,0,0,0,0,0,0,0,0,PB,0,2021,UNK,juvenile,AQU,0,no,no,yes,0.301142973,1,1,1,NA,GG,0,0,NA
24755,0,0,0,0,0,0,0,0,0,0,0,0,0,0,0,0,0,0,0,0,0,0,0,0,0,0,0,PB,0,2021,UNK,juvenile,MID,0,no,no,yes,3.747665382,3,0,0,NA,BO,NA,NA,NA
24760,0,0,0,0,0,0,0,0,0,0,0,0,0,0,0,0,0,0,0,0,0,0,0,0,0,0,0,PB,0,2021,UNK,juvenile,TOP,0,no,no,yes,3.135716677,2,0,0,NA,BO,0,0,NA
24765,0,0,0,0,0,0,0,0,0,0,0,0,0,0,0,0,0,0,0,0,0,0,0,0,0,0,0,PB,0,2021,UNK,juvenile,TOP,0,no,no,yes,3.135716677,2,0,0,NA,BO,0,0,NA
24770,0,0,0,0,0,0,0,0,0,0,0,0,0,0,0,0,0,0,0,0,0,0,0,0,0,0,0,PB,0,2021,UNK,juvenile,CAK,0,no,no,yes,1.735651455,1,1,1,NA,GG,0,0,10
24775,0,0,0,0,0,0,0,0,0,0,0,0,0,0,0,0,0,0,0,0,0,0,0,0,0,0,0,PB,0,2021,UNK,juvenile,FMG,1,no,no,yes,0.454443648,1,1,1,NA,GG,0,0,14
24780,0,0,0,0,0,0,0,0,0,0,0,0,0,0,0,0,0,0,0,0,0,0,0,0,0,0,0,PB,0,2021,UNK,juvenile,BLA,0,no,no,yes,3.311901542,2,0,0,NA,GG,0,0,7
24785,0,0,0,0,0,0,0,0,0,0,0,0,0,0,0,0,0,0,0,0,0,0,0,0,0,0,0,PB,0,2021,UNK,juvenile,BLA,0,no,no,yes,3.311901542,2,0,0,NA,GG,0,0,7
24790,0,0,0,0,0,0,0,0,0,0,0,0,0,0,0,0,0,0,0,0,0,0,0,0,0,0,0,PB,0,2021,UNK,juvenile,GYP,0,no,no,yes,1.33243986,1,1,1,NA,GG,1,1,20
24795,0,0,0,0,0,0,0,0,0,0,0,0,0,0,0,0,0,0,0,0,0,0,0,0,0,0,0,PB,0,2021,UNK,juvenile,GYP,0,no,no,yes,1.33243986,1,1,1,NA,GG,0,0,20
2480,0,0,0,0,0,0,0,0,0,0,0,0,0,PB,0,0,0,0,0,0,0,0,0,0,0,0,0,0,0,2007,UNK,juvenile,MID,0,no,no,yes,3.747665382,3,0,0,0,BO,NA,NA,6
24800,0,0,0,0,0,0,0,0,0,0,0,0,0,0,0,0,0,0,0,0,0,0,0,0,0,0,0,PB,0,2021,UNK,juvenile,KAN,1,no,no,yes,0.521944941,1,1,1,NA,GG,NA,NA,17
24805,0,0,0,0,0,0,0,0,0,0,0,0,0,0,0,0,0,0,0,0,0,0,0,0,0,0,0,PB,0,2021,UNK,juvenile,KAN,1,no,no,yes,0.521944941,1,1,1,NA,GG,NA,NA,17
2490,0,0,0,0,0,0,0,0,0,0,0,PB,0,PB,PB,0,0,0,0,0,0,0,0,0,0,0,0,0,0,2005,Male,juvenile,BNW,0,no,no,yes,0.879565998,1,1,1,0,GG,1,1,6
250,0,0,0,PB,0,0,B,PO,0,PO,B,B,0,0,0,0,0,0,0,0,0,0,0,0,0,0,0,0,0,1997,Female,juvenile,GDEWS,NA,no,no,no,NA,#N/A,NA,NA,NA,NA,NA,NA,NA
2500,0,0,0,0,0,0,0,0,0,0,0,PB,0,0,0,0,0,0,0,0,0,0,0,0,0,0,0,0,0,2005,UNK,juvenile,TUT,0,no,no,yes,0.159228595,1,1,1,0.0625,GG,NA,NA,4
2515,0,0,0,0,0,0,0,0,0,0,PB,0,PB,PB,0,0,0,0,0,0,0,0,0,0,0,0,0,0,0,2004,UNK,juvenile,NOW,0,no,no,yes,2.298311335,2,0,1,NA,BO,NA,NA,NA
2520,0,0,0,0,0,0,0,0,0,0,0,0,PB,PB,PB,PB,PB,B,0,0,0,0,0,0,0,0,0,0,0,2006,Male,juvenile,AAR,0,no,no,yes,2.144788508,2,0,1,0,BO,0,0,3
2525,0,0,0,0,0,0,0,0,0,0,0,0,0,PB,0,B,B,B,B,B,0,PO,0,B,0,0,B,0,0,2007,Female,juvenile,GRE,0,no,no,yes,1.7374113,1,1,1,0,BO,0,0,4
2530,0,0,0,0,0,0,0,0,0,0,0,0,0,PB,0,0,0,0,0,0,0,0,0,0,0,0,0,0,0,2007,UNK,juvenile,MOS,0,no,no,yes,1.327013703,1,1,1,0,BO,1,1,5
2535,0,0,0,0,0,0,0,0,0,0,0,0,PB,PB,0,0,0,0,0,0,0,0,0,0,0,0,0,0,0,2006,UNK,juvenile,KRA,0,no,no,yes,3.0714792,2,0,0,0,BO,0,0,3
2545,0,0,0,0,0,0,0,0,0,0,0,0,PB,0,0,0,0,0,0,0,0,0,0,0,0,0,0,0,0,2006,UNK,juvenile,SLE,0,no,no,yes,1.349916214,1,1,1,0,GG,0,0,2
2550,0,0,0,0,0,0,0,0,0,0,0,0,0,PB,PB,B,B,B,B,B,B,B,B,B,B,B,B,B,0,2007,Male,juvenile,LOR,0,no,no,yes,0.10187244,1,1,1,0.015625,GG,0,0,3
2555,0,0,0,0,0,0,0,0,0,0,PB,PB,PB,PB,B,PO,0,0,0,0,0,0,0,0,0,0,0,0,0,2004,Female,juvenile,BIN,0,no,no,no,1.021107783,1,1,1,0,GG,NA,NA,NA
2560,0,0,0,0,0,0,0,0,0,0,0,0,0,PB,PB,PB,PB,0,0,0,0,PB,0,0,0,0,0,0,0,2007,Male,juvenile,PHI,0,no,no,yes,0.538972658,1,1,1,0,GG,0,0,2
2565,0,0,0,0,0,0,0,0,0,0,0,0,0,PB,0,0,0,0,0,0,0,0,0,0,0,0,0,0,0,2007,UNK,juvenile,SQU,0,no,no,yes,3.019230646,2,0,0,0,BO,0,0,4
2570,0,0,0,0,0,0,0,0,0,0,0,0,PB,0,0,0,0,0,0,0,0,0,0,0,0,0,0,0,0,2006,UNK,juvenile,LOC,0,no,no,yes,0.623713981,1,1,1,0,GG,1,0,4
2575,0,0,0,0,0,0,0,0,0,0,0,0,0,PB,0,0,0,0,0,0,0,0,0,0,0,0,0,0,0,2007,UNK,juvenile,KRA,0,no,no,yes,3.0714792,2,0,0,0,BO,0,0,4
2580,0,0,0,0,0,0,0,0,0,0,0,0,PB,0,0,0,0,0,0,0,0,0,0,0,0,0,0,0,0,2006,UNK,juvenile,TUT,0,no,no,yes,0.159228595,1,1,1,0.0625,GG,1,NA,5
2590,0,0,0,0,0,0,0,0,0,0,0,PB,PB,0,0,0,0,0,B,B,0,B,B,0,0,B,0,0,0,2005,Male,juvenile,SRB,0,no,no,yes,2.945461504,2,0,1,0.25,GG,0,0,6
2595,0,0,0,0,0,0,0,0,0,0,0,0,0,PB,PB,PB,PB,B,B,B,0,B,B,0,PO,PO,PO,PO,0,2007,Male,juvenile,OLY,1,no,no,yes,0.084038717,1,1,1,0,GG,0,0,3
260,0,0,0,PB,0,0,0,B,B,B,B,B,B,B,B,B,B,0,0,0,0,0,0,0,0,0,0,0,0,1997,Male,juvenile,BAB,0,no,no,no,2.11868837,2,0,1,NA,GG,NA,NA,NA
2600,0,0,0,0,0,0,0,0,0,0,PB,0,0,0,0,0,0,0,0,0,0,0,0,0,0,0,0,0,0,2004,UNK,juvenile,GDEWS,NA,no,no,no,NA,#N/A,NA,NA,0,NA,1,1,NA
2605,0,0,0,0,0,0,0,0,0,0,0,PB,PB,PB,PB,PB,B,PO,B,0,0,B,B,B,0,0,0,0,0,2005,Male,juvenile,WOO,0,no,no,yes,2.220009418,2,0,1,0.125,GG,0,0,NA
2610,0,0,0,0,0,0,0,0,0,0,0,PB,PB,PB,0,0,B,B,B,B,0,B,B,B,0,0,0,0,0,2005,Female,juvenile,TWO,0,no,no,yes,1.687314122,1,1,1,0,GG,NA,NA,6
2615,0,0,0,0,0,0,0,0,0,0,0,0,0,PB,0,0,0,0,0,0,0,0,0,0,0,0,0,0,0,2007,UNK,juvenile,MAR,0,no,no,yes,0.289798453,1,1,1,0,GG,1,1,6
2625,0,0,0,0,0,0,0,0,0,0,0,0,PB,0,0,0,0,0,0,0,0,0,0,0,0,0,0,0,0,2006,UNK,juvenile,NIA,0,no,no,yes,1.074457819,1,1,1,0,GG,0,0,NA
2635,0,0,0,0,0,0,0,0,0,0,0,0,PB,0,0,0,0,0,0,0,0,0,0,0,0,0,0,0,0,2006,UNK,juvenile,BEE,0,no,no,yes,0.169170504,1,1,1,0,GG,1,1,4
2640,0,0,0,0,0,0,0,0,0,0,0,0,0,PB,PB,B,B,B,B,B,B,B,B,B,B,B,B,B,0,2007,Female,juvenile,TRO,1,no,no,yes,0.042474,1,1,1,0,GG,1,0,7
2645,0,0,0,0,0,0,0,0,0,0,0,0,PB,0,0,0,0,0,0,0,0,0,0,0,0,0,0,0,0,2006,UNK,juvenile,LOS,0,no,no,yes,3.047162498,2,0,0,0,BO,0,0,3
265,0,0,0,0,PB,PB,0,B,B,B,B,B,B,0,B,PO,PO,B,B,0,B,B,B,0,0,0,0,0,0,1998,Male,juvenile,UEA,0,no,no,yes,2.859669641,2,0,1,NA,GG,NA,NA,NA
2650,0,0,0,0,0,0,0,0,0,0,0,0,0,PB,PB,PB,PB,0,0,B,B,B,B,0,0,0,0,0,0,2007,Male,juvenile,AAR,0,no,no,yes,2.144788508,2,0,1,0,BO,0,0,8
2655,0,0,0,0,0,0,0,0,0,0,0,0,0,PB,PB,B,PO,0,0,0,0,0,0,0,0,0,0,0,0,2007,Male,juvenile,BER,0,no,no,yes,0.118585884,1,1,1,0,GG,0,0,4
2660,0,0,0,0,0,0,0,0,0,0,0,0,PB,PB,PB,B,B,B,B,B,B,B,B,B,0,B,B,B,B,2006,Male,juvenile,BEE,0,no,no,yes,0.169170504,1,1,1,0,GG,1,1,4
2665,0,0,0,0,0,0,0,0,0,0,0,0,PB,0,0,0,B,0,0,B,0,B,B,0,B,0,0,0,0,2006,Male,juvenile,RON,0,no,no,yes,1.456043944,1,1,1,0,BO,NA,NA,4
2670,0,0,0,0,0,0,0,0,0,0,0,0,0,PB,PB,0,0,0,0,0,0,0,0,0,0,0,0,0,0,2007,UNK,juvenile,TUT,0,no,no,yes,0.159228595,1,1,1,0.0625,GG,1,0,6
2675,0,0,0,0,0,0,0,0,0,0,PB,0,0,0,0,0,0,0,0,0,0,0,0,0,0,0,0,0,0,2004,UNK,juvenile,SRB,0,no,no,no,2.945461504,2,0,1,0.25,GG,NA,NA,5
2680,0,0,0,0,0,0,0,0,0,0,0,0,0,PB,0,0,0,0,0,0,0,0,0,0,0,0,0,0,0,2007,UNK,juvenile,CLB,0,no,no,yes,0.191565712,1,1,1,0,GG,NA,NA,6
2685,0,0,0,0,0,0,0,0,0,0,0,0,PB,PB,0,0,0,B,B,B,0,B,B,0,0,0,0,0,0,2006,Male,juvenile,MOL,0,no,no,yes,1.841449966,1,1,1,0.0625,BO,0,0,3
2690,0,0,0,0,0,0,0,0,0,0,0,0,PB,PB,PB,PB,B,B,B,B,B,B,B,B,B,PO,0,0,0,2006,Male,juvenile,CLB,0,no,no,yes,0.191565712,1,1,1,0,GG,1,0,5
2695,0,0,0,0,0,0,0,0,0,0,0,0,PB,0,0,0,PB,B,PO,B,B,B,B,B,0,0,B,B,0,2006,Male,juvenile,WAT,0,no,no,yes,3.690563635,2,0,0,0,BO,0,0,6
270,0,0,0,PB,0,0,PB,B,B,B,B,B,0,0,0,0,0,0,0,0,0,0,0,0,0,0,0,0,0,1997,Female,juvenile,MI5,0,no,no,no,3.725525395,3,0,0,NA,BO,NA,NA,NA
2700,0,0,0,0,0,0,0,0,0,0,0,0,0,PB,0,0,0,0,0,0,0,0,0,0,0,0,0,0,0,2007,UNK,juvenile,LOC,0,no,no,yes,0.623713981,1,1,1,0,GG,1,0,5
2705,0,0,0,0,0,0,0,0,0,0,0,PB,PB,PB,PB,0,PB,0,0,0,0,0,0,0,0,0,0,0,0,2005,Male,juvenile,UEA,0,no,no,yes,2.859669641,2,0,1,0,GG,1,1,8
2715,0,0,0,0,0,0,0,0,0,0,0,PB,PB,0,0,0,0,0,0,0,0,0,0,0,0,0,0,0,0,2005,UNK,juvenile,WAT,0,no,no,yes,3.690563635,2,0,0,0,BO,1,1,5
2720,0,0,0,0,0,0,0,0,0,0,0,0,PB,0,0,0,0,0,0,0,0,0,0,0,0,0,0,0,0,2006,UNK,juvenile,WAT,0,no,no,yes,3.690563635,2,0,0,0,BO,0,0,6
2725,0,0,0,0,0,0,0,0,0,0,0,0,PB,PB,PB,B,B,B,B,B,B,B,B,B,B,B,0,0,0,2006,Female,juvenile,MQO,0,no,no,yes,0.161296177,1,1,1,0.25,GG,0,0,4
2730,0,0,0,0,0,0,0,0,0,0,PB,0,PB,0,0,0,0,0,0,0,0,0,0,0,0,0,0,0,0,2004,UNK,juvenile,STX,0,no,no,yes,1.931616027,1,1,1,0,BO,0,0,5
2735,0,0,0,0,0,0,0,0,0,0,0,0,0,PB,0,0,0,0,0,0,0,0,0,0,0,0,0,0,0,2007,UNK,juvenile,WAT,0,no,no,yes,3.690563635,2,0,0,0,BO,NA,NA,7
2745,0,0,0,0,0,0,0,0,0,0,0,0,PB,0,0,0,0,0,0,0,0,0,0,0,0,0,0,0,0,2006,UNK,juvenile,TUT,0,no,no,yes,0.159228595,1,1,1,0.0625,GG,1,0,5
275,0,0,0,0,0,PB,0,B,B,B,B,B,B,0,0,0,PO,0,0,0,0,0,0,0,0,0,0,0,0,1999,Female,juvenile,BET,0,no,no,yes,NA,2,0,NA,NA,GG,NA,NA,NA
2750,0,0,0,0,0,0,0,0,0,0,0,0,0,PB,0,0,0,0,0,0,0,0,0,0,0,0,0,0,0,2007,UNK,juvenile,WAT,0,no,no,yes,3.690563635,2,0,0,0,BO,0,0,7
2755,0,0,0,0,0,0,0,0,0,0,0,0,0,PB,0,0,0,0,0,0,0,0,0,0,0,0,0,0,0,2007,UNK,juvenile,GRE,0,no,no,yes,1.7374113,1,1,1,0,BO,0,0,4
2760,0,0,0,0,0,0,0,0,0,0,PB,0,0,0,0,0,0,0,0,0,0,0,0,0,0,0,0,0,0,2004,Female,juvenile,UEA,0,no,no,no,2.859669641,2,0,1,0,GG,NA,NA,7
2765,0,0,0,0,0,0,0,0,0,0,0,0,0,PB,PB,0,0,0,0,0,0,0,0,0,0,0,0,0,0,2007,UNK,juvenile,NOW,0,no,no,yes,2.298311335,2,0,1,0,BO,0,0,8
2770,0,0,0,0,0,0,0,0,0,0,0,PB,PB,PB,PB,B,B,B,B,B,0,0,0,0,0,0,0,0,0,2005,Female,juvenile,SRB,0,no,no,yes,2.945461504,2,0,1,0.25,GG,1,1,6
2775,0,0,0,0,0,0,0,0,0,0,0,0,PB,PB,0,0,0,0,0,0,0,0,0,0,0,0,0,0,0,2006,UNK,juvenile,MOL,0,no,no,yes,1.841449966,1,1,1,0.0625,BO,0,0,3
2780,0,0,0,0,0,0,0,0,0,0,0,PB,PB,PB,0,0,0,0,0,0,0,0,0,0,0,0,0,0,0,2005,UNK,juvenile,HIP,0,no,no,yes,3.747977041,3,0,0,0,BO,0,0,3
2785,0,0,0,0,0,0,0,0,0,0,0,0,PB,0,0,0,0,0,0,0,0,0,0,0,0,0,0,0,0,2006,UNK,juvenile,HUN,0,no,no,yes,1.09757632,1,1,1,0,GG,0,0,NA
280,0,0,0,0,0,PB,PB,B,B,B,B,0,0,0,0,0,0,0,0,0,0,0,0,0,0,0,0,0,0,1999,Female,juvenile,NBS,1,no,no,yes,0.044941844,1,1,1,NA,GG,NA,NA,NA
2815,0,0,0,0,0,0,0,0,0,0,0,0,0,PB,0,PB,PB,0,B,B,0,B,B,B,B,B,B,0,0,2007,Male,juvenile,CUT,0,no,no,yes,2.565296255,2,0,1,0,GG,NA,NA,4
2820,0,0,0,0,0,0,0,0,0,0,0,0,PB,0,0,0,0,0,0,0,0,0,0,0,0,0,0,0,0,2006,UNK,juvenile,NIA,0,no,no,yes,1.074457819,1,1,1,0,GG,0,0,NA
2825,0,0,0,0,0,0,0,0,0,0,PB,0,0,0,0,0,0,0,0,0,0,0,0,0,0,0,0,0,0,2004,UNK,juvenile,WHA,0,no,no,no,0.012678474,1,1,1,0,GG,NA,NA,6
2830,0,0,0,0,0,0,0,0,0,0,PB,0,PB,PB,0,0,0,0,0,0,0,0,0,0,0,0,0,0,0,2004,UNK,juvenile,HIP,0,no,no,yes,3.747977041,3,0,0,0,BO,NA,NA,2
2835,0,0,0,0,0,0,0,0,0,0,0,0,PB,0,0,0,0,0,0,0,0,0,0,0,0,0,0,0,0,2006,UNK,juvenile,SQU,0,no,no,yes,3.019230646,2,0,0,0,BO,NA,NA,3
2840,0,0,0,0,0,0,0,0,0,0,0,0,PB,0,0,B,B,0,B,B,0,B,B,0,0,0,0,0,0,2006,Female,juvenile,LEG,0,no,no,yes,1.017734063,1,1,1,0,BO,NA,NA,3
2845,0,0,0,0,0,0,0,0,0,0,0,0,0,PB,0,0,0,0,0,0,0,0,0,0,0,0,0,0,0,2007,UNK,juvenile,GON,0,no,no,yes,2.615733511,2,0,1,0,BO,0,0,4
285,0,0,0,0,PB,0,PB,B,B,B,B,B,B,B,B,B,B,B,B,B,B,B,B,B,B,B,0,0,0,1998,Female,juvenile,GDEWS,NA,no,no,no,NA,#N/A,NA,NA,0,NA,NA,NA,NA
2850,0,0,0,0,0,0,0,0,0,0,0,0,PB,0,PB,0,PB,0,B,B,B,B,B,B,B,B,0,0,0,2006,Male,juvenile,SRB,0,no,no,yes,2.945461504,2,0,1,0.25,GG,0,0,7
2855,0,0,0,0,0,0,0,0,0,0,0,0,0,PB,0,0,0,PB,0,B,B,B,B,PO,0,B,B,0,B,2007,Female,juvenile,HSP,0,no,no,yes,3.519636844,2,0,0,0,GG,0,0,8
2865,0,0,0,0,0,0,0,0,0,0,PB,0,0,0,0,0,0,0,0,0,0,0,0,0,0,0,0,0,0,2004,Male,juvenile,TUT,0,no,no,no,0.159228595,1,1,1,0.0625,GG,NA,NA,3
2870,0,0,0,0,0,0,0,0,0,0,0,PB,PB,PB,0,0,0,0,0,0,0,0,0,0,0,0,0,0,0,2005,UNK,juvenile,TWO,0,no,no,yes,1.687314122,1,1,1,0,GG,0,0,6
2875,0,0,0,0,0,0,0,0,0,0,0,0,PB,PB,PB,B,B,B,B,B,B,B,B,B,B,B,0,0,0,2006,Female,juvenile,CLB,0,no,no,yes,0.191565712,1,1,1,0,GG,1,0,5
2880,0,0,0,0,0,0,0,0,0,0,0,PB,0,0,0,0,0,0,0,0,0,0,0,0,0,0,0,0,0,2005,UNK,juvenile,RED,1,no,no,yes,0.440463006,1,1,1,0,GG,1,1,5
2885,0,0,0,0,0,0,0,0,0,0,0,0,0,PB,0,0,0,0,0,0,0,0,0,0,0,0,0,0,0,2007,UNK,juvenile,WHA,0,no,no,yes,0.012678474,1,1,1,0,GG,0,0,9
2890,0,0,0,0,0,0,0,0,0,0,PB,0,0,0,0,0,0,0,0,0,0,0,0,0,0,0,0,0,0,2004,UNK,juvenile,GDEWS,NA,no,no,no,NA,#N/A,NA,NA,0,NA,NA,NA,NA
2895,0,0,0,0,0,0,0,0,0,0,0,0,PB,0,0,0,0,0,0,0,0,0,0,0,0,0,0,0,0,2006,UNK,juvenile,MAR,0,no,no,yes,0.289798453,1,1,1,0,GG,1,0,5
2900,0,0,0,0,0,0,0,0,0,0,0,0,0,PB,0,0,0,0,0,0,0,0,0,0,0,0,0,0,0,2007,UNK,juvenile,RON,0,no,no,yes,1.456043944,1,1,1,0,BO,0,0,2
2905,0,0,0,0,0,0,0,0,0,0,0,0,PB,0,0,0,0,0,0,0,0,0,0,0,0,0,0,0,0,2006,UNK,juvenile,MAR,0,no,no,yes,0.289798453,1,1,1,0,GG,0,0,5
2910,0,0,0,0,0,0,0,0,0,0,0,0,0,PB,0,B,B,B,B,B,B,B,B,B,B,0,B,PO,B,2007,Female,juvenile,MTO,0,no,no,yes,1.038091464,1,1,1,0,BO,0,0,4
2915,0,0,0,0,0,0,0,0,0,0,PB,PB,PB,0,0,B,B,0,0,0,0,0,0,0,0,0,0,0,0,2004,Male,juvenile,SRB,0,no,no,yes,2.945461504,2,0,1,0.25,GG,1,1,5
2920,0,0,0,0,0,0,0,0,0,0,0,0,PB,PB,0,0,0,0,B,B,0,B,B,B,0,0,0,B,B,2006,Female,juvenile,RON,0,no,no,yes,1.456043944,1,1,1,0,BO,NA,NA,4
2925,0,0,0,0,0,0,0,0,0,0,0,PB,0,0,0,0,0,0,0,0,0,0,0,0,0,0,0,0,0,2005,UNK,juvenile,TUT,0,no,no,yes,0.159228595,1,1,1,0.0625,GG,0,0,4
2930,0,0,0,0,0,0,0,0,0,0,0,0,0,PB,0,0,0,0,0,0,0,0,0,0,0,0,0,0,0,2007,UNK,juvenile,TUT,0,no,no,yes,0.159228595,1,1,1,0.0625,GG,0,0,6
2935,0,0,0,0,0,0,0,0,0,0,PB,PB,0,0,0,0,0,0,0,0,0,0,0,0,0,0,0,0,0,2004,UNK,juvenile,ATL,0,no,no,yes,0.290401009,1,1,1,0,GG,NA,NA,7
2940,0,0,0,0,0,0,0,0,0,0,0,0,0,PB,0,0,0,0,0,0,0,0,0,0,0,0,0,0,0,2007,UNK,juvenile,RED,1,no,no,yes,0.440463006,1,1,1,0.015625,GG,NA,NA,3
2945,0,0,0,0,0,0,0,0,0,0,0,0,0,PB,PB,0,0,0,B,B,B,B,B,B,B,B,0,0,0,2007,Female,juvenile,WEE,0,no,no,yes,1.18256435,1,1,1,0,GG,1,0,7
295,0,0,0,0,0,PB,0,PB,B,B,B,B,B,B,B,B,0,0,0,0,0,0,0,0,0,0,0,0,0,1999,Female,juvenile,NOW,0,no,no,yes,2.298311335,2,0,1,NA,BO,NA,NA,NA
2950,0,0,0,0,0,0,0,0,0,0,0,0,PB,0,0,0,0,0,0,0,0,0,0,0,0,0,0,0,0,2006,UNK,juvenile,HSP,0,no,no,yes,3.519636844,2,0,0,NA,GG,0,0,NA
2955,0,0,0,0,0,0,0,0,0,0,0,0,0,PB,PB,B,PO,0,0,B,0,0,0,0,0,0,0,0,0,2007,Male,juvenile,NEV,0,no,no,yes,0.475933776,1,1,1,0.015625,GG,1,0,3
2960,0,0,0,0,0,0,0,0,0,0,0,0,PB,PB,PB,0,0,0,0,0,0,0,0,0,0,0,0,0,0,2006,Female,juvenile,MQO,0,no,no,yes,0.161296177,1,1,1,0.25,GG,1,0,4
2965,0,0,0,0,0,0,0,0,0,0,PB,0,0,0,0,0,0,0,0,0,0,0,0,0,0,0,0,0,0,2004,Male,juvenile,CGS,0,no,no,no,1.425036436,1,1,1,0,GG,NA,NA,5
2970,0,0,0,0,0,0,0,0,0,0,PB,0,PB,PB,PB,0,B,PO,B,PO,0,0,0,0,0,0,0,0,0,2004,Male,juvenile,HSP,0,no,no,yes,3.519636844,2,0,0,NA,GG,1,1,NA
2975,0,0,0,0,0,0,0,0,0,0,0,0,0,PB,PB,0,0,0,0,0,0,0,0,0,0,0,0,0,0,2007,UNK,juvenile,QUI,0,no,no,yes,0.713376379,1,1,1,0,GG,0,0,6
2980,0,0,0,0,0,0,0,0,0,0,0,0,0,PB,PB,0,0,0,0,0,0,0,0,0,0,0,0,0,0,2007,UNK,juvenile,PHI,0,no,no,yes,0.538972658,1,1,1,0,GG,0,0,2
2985,0,0,0,0,0,0,0,0,0,0,PB,0,0,0,0,0,0,0,0,0,0,0,0,0,0,0,0,0,0,2004,UNK,juvenile,MAR,0,no,no,no,0.289798453,1,1,1,0,GG,NA,NA,3
2990,0,0,0,0,0,0,0,0,0,0,0,0,0,PB,PB,0,0,0,0,0,0,0,0,0,0,0,0,0,0,2007,UNK,juvenile,KIO,0,no,no,yes,1.334940322,1,1,1,0.125,GG,NA,NA,4
300,0,PB,0,0,0,0,0,0,B,B,B,B,B,B,B,B,B,B,B,0,0,0,0,0,0,0,0,0,0,1995,Male,juvenile,HIP,0,no,no,yes,3.747977041,3,0,0,NA,BO,NA,NA,NA
3000,0,0,0,0,0,0,0,0,0,0,PB,0,0,0,0,0,0,0,0,0,0,0,0,0,0,0,0,0,0,2004,UNK,juvenile,MCW,1,no,no,no,0.438101981,1,1,1,0,GG,NA,NA,4
3005,0,0,0,0,0,0,0,0,0,0,0,0,0,PB,PB,PB,0,0,0,0,0,0,0,0,0,0,0,0,0,2007,Male,juvenile,BER,0,no,no,yes,0.118585884,1,1,1,0,GG,NA,NA,4
3015,0,0,0,0,0,0,0,0,0,0,0,PB,PB,0,0,0,0,0,0,0,0,0,0,0,0,0,0,0,0,2005,UNK,juvenile,HSP,0,no,no,yes,3.519636844,2,0,0,NA,GG,0,0,NA
3025,0,0,0,0,0,0,0,0,0,0,0,0,PB,PB,PB,0,0,0,0,0,0,0,0,0,0,0,0,0,0,2006,UNK,juvenile,SRB,0,no,no,yes,2.945461504,2,0,1,0.25,GG,0,0,7
3030,0,0,0,0,0,0,0,0,0,0,0,0,0,PB,PB,0,0,0,0,0,0,0,0,0,0,0,0,0,0,2007,UNK,juvenile,HIP,0,no,no,yes,3.747977041,3,0,0,0,BO,0,0,5
3035,0,0,0,0,0,0,0,0,0,0,0,PB,PB,PB,0,0,0,0,B,B,B,B,B,B,0,0,0,0,0,2005,Female,juvenile,END,0,no,no,yes,1.663062252,1,1,1,0,GG,NA,NA,3
3040,0,0,0,0,0,0,0,0,0,0,0,0,PB,0,PB,B,B,B,B,B,B,B,B,0,B,0,PO,0,0,2006,Male,juvenile,CLB,0,no,no,yes,0.191565712,1,1,1,0,GG,1,NA,5
3045,0,0,0,0,0,0,0,0,0,0,0,0,PB,0,0,0,0,0,0,0,0,0,0,0,0,0,0,0,0,2006,UNK,juvenile,BER,0,no,no,yes,0.118585884,1,1,1,0,GG,1,0,3
305,0,0,0,PB,0,PB,PB,PB,0,PB,PB,B,B,B,B,B,B,B,B,B,0,B,B,B,0,0,0,0,0,1997,Male,juvenile,HIP,0,no,no,yes,3.747977041,3,0,0,NA,BO,1,1,NA
3050,0,0,0,0,0,0,0,0,0,0,0,0,0,PB,0,0,0,0,0,0,0,0,0,0,0,0,0,0,0,2007,UNK,juvenile,BEE,0,no,no,yes,0.169170504,1,1,1,0,GG,NA,NA,5
3060,0,0,0,0,0,0,0,0,0,0,0,PB,PB,PB,PB,0,0,0,0,0,0,0,0,0,0,0,0,0,0,2005,UNK,juvenile,HSP,0,no,no,yes,3.519636844,2,0,0,NA,GG,0,0,NA
3065,0,0,0,0,0,0,0,0,0,0,PB,0,0,0,0,0,0,0,0,0,0,0,0,0,0,0,0,0,0,2004,Male,juvenile,CGS,0,no,no,no,1.425036436,1,1,1,0,GG,NA,NA,5
3070,0,0,0,0,0,0,0,0,0,0,0,PB,PB,0,0,0,0,0,0,0,0,0,0,0,0,0,0,0,0,2005,UNK,juvenile,BEV,0,no,no,yes,1.272783044,1,1,1,0,GG,0,0,6
3080,0,0,0,0,0,0,0,0,0,0,0,0,PB,0,0,0,0,0,0,0,0,0,0,0,0,0,0,0,0,2006,UNK,juvenile,LOC,0,no,no,yes,0.623713981,1,1,1,0,GG,1,0,4
3085,0,0,0,0,0,0,0,0,0,0,0,0,0,PB,PB,0,0,0,0,0,0,0,0,0,0,0,0,0,0,2007,UNK,juvenile,CLB,0,no,no,yes,0.191565712,1,1,1,0,GG,1,1,6
3090,0,0,0,0,0,0,0,0,0,0,0,0,0,PB,PB,0,0,0,0,0,0,0,0,0,0,0,0,0,0,2007,UNK,juvenile,MTO,0,no,no,yes,1.038091464,1,1,1,0,BO,NA,NA,4
3095,0,0,0,0,0,0,0,0,0,0,0,0,PB,PB,B,B,B,B,B,B,B,B,B,B,B,B,B,B,0,2006,Female,juvenile,QUI,0,no,no,yes,0.713376379,1,1,1,0,GG,1,1,5
310,0,0,0,0,0,0,PB,PB,B,B,B,B,B,B,B,B,B,B,B,B,B,B,B,B,B,0,0,0,0,2000,Female,juvenile,CAM,0,no,no,no,1.700716717,1,1,1,NA,GG,NA,NA,NA
3100,0,0,0,0,0,0,0,0,0,0,0,PB,0,0,0,0,0,0,0,0,0,0,0,0,0,0,0,0,0,2005,UNK,juvenile,BNW,0,no,no,yes,0.879565998,1,1,1,0,GG,0,0,6
3105,0,0,0,0,0,0,0,0,0,0,PB,0,0,0,0,0,0,0,0,0,0,0,0,0,0,0,0,0,0,2004,UNK,juvenile,BEE,0,no,no,no,0.169170504,1,1,1,0.0625,GG,0,0,2
3110,0,0,0,0,0,0,0,0,0,0,0,PB,PB,0,0,PB,0,0,0,0,0,0,0,0,0,0,0,0,0,2005,Male,juvenile,MID,0,no,no,yes,3.747665382,3,0,0,0,BO,0,0,4
3115,0,0,0,0,0,0,0,0,0,0,PB,0,PB,B,B,B,B,B,B,B,B,B,B,0,0,0,0,0,0,2004,Female,juvenile,SUZ,1,no,no,no,0.045266475,1,1,1,0,GG,NA,NA,6
3120,0,0,0,0,0,0,0,0,0,0,0,0,0,PB,0,0,0,0,0,0,0,0,0,0,0,0,0,0,0,2007,UNK,juvenile,NEV,0,no,no,yes,0.475933776,1,1,1,0.015625,GG,0,0,3
3125,0,0,0,0,0,0,0,0,0,0,0,0,0,PB,PB,PB,0,0,0,0,0,0,0,0,0,0,0,0,0,2007,UNK,juvenile,SUZ,1,no,no,yes,0.045266475,1,1,1,0,GG,1,NA,3
3130,0,0,0,0,0,0,0,0,0,0,0,0,PB,PB,PB,B,B,B,B,PO,0,0,0,0,0,0,0,0,0,2006,Female,juvenile,ONE,1,no,no,yes,0.450070765,1,1,1,0,GG,1,0,4
3135,0,0,0,0,0,0,0,0,0,0,0,0,PB,0,0,0,0,0,0,0,0,0,0,0,0,0,0,0,0,2006,UNK,juvenile,NEV,0,no,no,yes,0.475933776,1,1,1,0.015625,GG,1,1,2
3140,0,0,0,0,0,0,0,0,0,0,PB,0,0,0,0,0,0,0,0,0,0,0,0,0,0,0,0,0,0,2004,UNK,juvenile,SUZ,1,no,no,no,0.045266475,1,1,1,0,GG,NA,NA,6
3145,0,0,0,0,0,0,0,0,0,0,0,0,0,PB,0,0,B,B,B,B,B,B,B,0,0,B,B,PO,0,2007,Male,juvenile,HSP,0,no,no,yes,3.519636844,2,0,0,0,GG,NA,NA,8
315,0,0,0,0,0,PB,PB,PB,B,B,B,B,B,B,B,B,B,B,B,B,B,B,B,B,B,B,B,B,0,1999,Male,juvenile,NBS,1,no,no,yes,0.044941844,1,1,1,NA,GG,NA,NA,NA
3150,0,0,0,0,0,0,0,0,0,0,PB,PB,PB,0,0,B,B,B,B,B,0,0,0,0,0,0,0,0,0,2004,Female,juvenile,BEV,0,no,no,yes,1.272783044,1,1,1,0,GG,NA,NA,5
3155,0,0,0,0,0,0,0,0,0,0,0,0,0,PB,PB,PB,B,B,B,B,B,B,B,B,B,B,0,0,0,2007,Male,juvenile,LOR,0,no,no,yes,0.10187244,1,1,1,0.015625,GG,0,0,3
3160,0,0,0,0,0,0,0,0,0,0,0,0,0,PB,PB,B,B,B,B,PO,0,0,B,B,B,B,B,PO,0,2007,Male,juvenile,HUN,0,no,no,yes,1.09757632,1,1,1,0,GG,1,NA,NA
3165,0,0,0,0,0,0,0,0,0,0,0,0,0,PB,0,0,0,0,0,0,0,0,0,0,0,0,0,0,0,2007,UNK,juvenile,MAR,0,no,no,yes,0.289798453,1,1,1,0,GG,1,1,6
3170,0,0,0,0,0,0,0,0,0,0,0,0,PB,0,0,0,0,0,0,0,0,0,0,0,0,0,0,0,0,2006,UNK,juvenile,UEA,0,no,no,yes,2.859669641,2,0,1,0,GG,0,0,9
3175,0,0,0,0,0,0,0,0,0,0,PB,0,0,0,0,0,0,0,0,0,0,0,0,0,0,0,0,0,0,2004,UNK,juvenile,LON,0,no,no,no,0.041881187,1,1,1,0,GG,NA,NA,4
3180,0,0,0,0,0,0,0,0,0,0,PB,PB,0,0,0,0,0,0,0,0,0,0,0,0,0,0,0,0,0,2004,UNK,juvenile,ATL,0,no,no,yes,0.290401009,1,1,1,0,GG,NA,NA,7
3190,0,0,0,0,0,0,0,0,0,0,0,PB,PB,PB,B,0,0,0,0,0,0,0,0,0,0,0,0,0,0,2005,Male,juvenile,WHA,0,no,no,yes,0.012678474,1,1,1,0.0625,GG,0,0,7
320,0,0,0,0,0,0,PB,PB,B,PO,B,B,B,B,B,B,B,B,B,B,B,B,B,B,B,B,B,0,0,2000,Female,juvenile,GDEWS,NA,no,no,no,NA,#N/A,NA,NA,0,NA,NA,NA,NA
3210,0,0,0,0,0,0,0,0,0,0,0,0,0,PB,PB,0,0,0,0,0,0,0,0,0,0,0,0,0,0,2007,UNK,juvenile,MQO,0,no,no,yes,0.161296177,1,1,1,0.25,GG,0,0,5
3215,0,0,0,0,0,0,0,0,0,0,PB,PB,PB,0,PB,0,0,0,0,0,0,0,0,0,0,0,0,0,0,2004,UNK,juvenile,BEV,0,no,no,yes,1.272783044,1,1,1,0,GG,1,1,5
3220,0,0,0,0,0,0,0,0,0,0,0,PB,PB,0,0,0,0,0,0,0,0,0,0,0,0,0,0,0,0,2005,UNK,juvenile,UEA,0,no,no,yes,2.859669641,2,0,1,0,GG,1,1,8
3230,0,0,0,0,0,0,0,0,0,0,0,0,0,PB,0,0,0,0,0,0,0,0,0,0,0,0,0,0,0,2007,UNK,juvenile,BEE,0,no,no,yes,0.169170504,1,1,1,0,GG,0,0,5
3235,0,0,0,0,0,0,0,0,0,0,0,0,0,PB,0,0,0,0,0,0,0,0,0,0,0,0,0,0,0,2007,UNK,juvenile,QUA,0,no,no,yes,1.068978606,1,1,1,0,GG,1,1,5
3240,0,0,0,0,0,0,0,0,0,0,0,0,PB,0,0,0,0,0,0,0,0,0,0,0,0,0,0,0,0,2006,UNK,juvenile,NEV,0,no,no,yes,0.475933776,1,1,1,0.015625,GG,1,0,2
3245,0,0,0,0,0,0,0,0,0,0,0,0,0,PB,PB,0,0,0,0,0,0,0,0,0,0,0,0,0,0,2007,UNK,juvenile,KRA,0,no,no,yes,3.0714792,2,0,0,0,BO,1,1,4
325,0,0,0,0,0,PB,PB,PB,B,B,B,B,B,B,B,B,B,B,B,B,B,0,0,0,0,0,0,0,0,1999,Female,juvenile,NBS,1,no,no,yes,0.044941844,1,1,1,NA,GG,NA,NA,NA
3250,0,0,0,0,0,0,0,0,0,0,0,0,PB,0,0,0,0,0,0,0,0,0,0,0,0,0,0,0,0,2006,UNK,juvenile,EST,0,no,no,yes,0.406108964,1,1,1,0,GG,0,0,10
3255,0,0,0,0,0,0,0,0,0,0,0,0,0,PB,PB,PB,B,B,B,B,0,0,0,0,0,0,0,0,0,2007,Male,juvenile,WOO,0,no,no,yes,2.220009418,2,0,1,0.25,GG,NA,NA,5
3260,0,0,0,0,0,0,0,0,0,0,0,0,0,PB,0,0,0,0,0,0,0,0,0,0,0,0,0,0,0,2007,UNK,juvenile,MOS,0,no,no,yes,1.327013703,1,1,1,0,BO,NA,NA,5
3265,0,0,0,0,0,0,0,0,0,0,0,0,0,PB,0,0,0,0,0,0,0,0,0,0,0,0,0,0,0,2007,UNK,juvenile,NIA,0,no,no,yes,1.074457819,1,1,1,0,GG,1,1,NA
3270,0,0,0,0,0,0,0,0,0,0,0,0,0,PB,0,PB,PB,0,0,PB,B,B,B,B,0,0,0,0,0,2007,Male,juvenile,NIA,0,no,no,yes,1.074457819,1,1,1,0,GG,0,0,NA
3280,0,0,0,0,0,0,0,0,0,0,0,0,PB,0,PB,0,0,0,0,0,0,0,0,0,0,0,0,0,0,2006,UNK,juvenile,LOC,0,no,no,yes,0.623713981,1,1,1,0,GG,1,0,4
3285,0,0,0,0,0,0,0,0,0,0,0,0,0,PB,0,PB,0,0,0,0,0,0,0,0,0,0,0,0,0,2007,UNK,juvenile,NIA,0,no,no,yes,1.074457819,1,1,1,0,GG,0,0,NA
3290,0,0,0,0,0,0,0,0,0,0,0,PB,PB,B,B,B,B,B,B,B,B,B,B,B,B,B,B,B,B,2005,Male,juvenile,QUI,0,no,no,yes,0.713376379,1,1,1,0,GG,1,NA,4
330,0,0,0,0,0,0,PB,0,B,PO,B,B,B,B,B,B,B,B,B,0,0,0,0,0,0,0,0,0,0,2000,Male,juvenile,BET,0,no,no,yes,2.572,2,0,1,NA,GG,NA,NA,NA
335,0,0,0,0,0,PB,0,0,B,B,B,B,B,B,B,B,B,B,B,B,B,0,PO,0,0,0,PO,0,0,1999,Male,juvenile,BAB,0,no,no,yes,2.11868837,2,0,1,NA,GG,NA,NA,NA
340,0,0,0,0,0,PB,0,PB,B,B,B,B,B,B,B,B,PO,B,0,0,0,0,0,0,0,0,0,0,0,1999,Male,juvenile,ELD,0,no,no,yes,2.906549948,2,0,1,0,GG,NA,NA,NA
350,0,0,0,PB,0,0,0,0,0,0,0,0,PB,0,0,0,0,0,0,0,0,0,0,0,0,0,0,0,0,1997,Male,juvenile,CAM,0,no,no,yes,1.700716717,1,1,1,NA,GG,NA,NA,NA
355,0,0,0,0,0,PB,PB,PB,0,B,B,B,B,B,B,B,PO,0,0,0,0,0,0,0,0,0,0,0,0,1999,Female,juvenile,BAB,0,no,no,yes,2.11868837,2,0,1,NA,GG,NA,NA,NA
360,0,0,0,0,PB,PB,PB,PB,PB,B,B,0,PO,0,0,0,0,0,0,0,0,0,0,0,0,0,0,0,0,1998,Female,juvenile,HIP,0,no,no,no,3.747977041,3,0,0,NA,BO,NA,NA,NA
365,0,0,0,0,PB,PB,0,0,0,0,PB,PB,PB,PB,0,PB,0,0,B,PO,0,0,0,0,0,0,0,0,0,1998,Male,juvenile,HIP,0,no,no,yes,3.747977041,3,0,0,NA,BO,NA,NA,NA
370,0,0,0,0,0,0,PB,PB,0,B,B,B,B,B,B,0,0,0,0,0,0,0,0,0,0,0,0,0,0,2000,Male,juvenile,EST,0,no,no,yes,0.406108964,1,1,1,0,GG,NA,NA,4
375,0,0,0,0,0,0,PB,PB,PB,B,B,B,B,B,B,B,B,B,B,B,B,B,B,B,B,B,B,PO,0,2000,Male,juvenile,TWO,0,no,no,yes,1.687314122,1,1,1,NA,GG,NA,NA,NA
380,0,0,0,0,0,0,0,PB,0,B,0,0,PO,0,0,0,0,0,0,0,0,0,0,0,0,0,0,0,0,2001,Male,juvenile,WHA,0,no,no,yes,0.012678474,1,1,1,0,GG,NA,NA,3
385,0,0,0,0,0,0,PB,0,PB,B,B,B,0,0,0,0,0,0,0,0,0,0,0,0,0,0,0,0,0,2000,Female,juvenile,NOW,0,no,no,no,2.298311335,2,0,1,NA,BO,NA,NA,NA
390,0,0,0,0,0,0,PB,PB,0,B,B,B,B,B,0,B,B,B,B,B,B,B,0,0,B,0,0,0,0,2000,Female,juvenile,NOW,0,no,no,yes,2.298311335,2,0,1,NA,BO,NA,NA,NA
395,0,0,0,0,0,0,0,PB,0,B,B,B,B,B,B,B,B,B,B,B,B,0,0,0,0,0,0,0,0,2001,Female,juvenile,GDEWS,NA,no,no,no,NA,#N/A,NA,NA,0,NA,NA,NA,NA
400,0,0,0,0,0,PB,PB,0,B,B,B,B,B,B,B,B,B,B,B,PO,B,B,B,0,0,0,0,0,0,1999,Female,juvenile,BAB,0,no,no,yes,2.11868837,2,0,1,NA,GG,NA,NA,NA
405,0,0,0,0,PB,PB,0,0,B,B,B,B,B,B,B,B,B,B,B,PO,B,B,B,0,PO,0,PO,0,0,1998,Male,juvenile,BAB,0,no,no,yes,2.11868837,2,0,1,NA,GG,NA,NA,NA
410,0,0,0,0,0,0,0,PB,0,B,B,B,0,0,0,0,0,0,0,0,0,0,0,0,0,0,0,0,0,2001,Female,juvenile,EST,0,no,no,yes,0.406108964,1,1,1,0,GG,NA,NA,5
420,0,0,0,0,0,0,PB,0,0,0,B,0,0,0,0,0,0,0,0,0,0,0,0,0,0,0,0,0,0,2000,Male,juvenile,JMT,0,no,no,no,0.025403015,1,1,1,NA,GG,NA,NA,NA
425,0,0,0,0,0,0,0,PB,0,0,B,PO,0,0,0,0,0,0,0,0,0,0,0,0,0,0,0,0,0,2001,Male,juvenile,UEA,0,no,no,no,2.859669641,2,0,1,0,GG,NA,NA,4
435,0,0,0,0,0,0,0,0,PB,0,B,B,B,B,B,B,B,B,B,B,B,B,B,PO,B,B,B,0,B,2002,Female,juvenile,FTS,0,no,no,yes,0.235687862,1,1,1,0,GG,NA,NA,5
440,0,0,0,0,0,0,0,PB,0,PB,B,B,B,B,B,B,B,PO,B,B,B,B,B,B,B,B,B,B,B,2001,Female,juvenile,GDEWS,NA,no,no,no,NA,#N/A,NA,NA,0,NA,NA,NA,NA
445,0,0,0,0,0,0,0,PB,0,0,B,B,B,B,B,B,B,PO,B,B,B,0,0,0,0,0,0,0,0,2001,Male,juvenile,SUZ,1,no,no,no,0.045266475,1,1,1,0,GG,NA,NA,3
450,0,0,0,0,0,0,0,PB,0,0,B,B,B,B,B,0,0,0,0,0,0,0,0,0,0,0,0,0,0,2001,Female,juvenile,GDEWS,NA,no,no,no,NA,#N/A,NA,NA,0,NA,NA,NA,NA
455,0,0,0,0,0,PB,0,PB,0,PB,B,B,B,0,B,PO,B,B,B,B,B,B,B,0,0,0,0,0,0,1999,Male,juvenile,HIP,0,no,no,yes,3.747977041,3,0,0,NA,BO,NA,NA,NA
460,0,0,0,0,0,0,0,PB,0,PB,B,0,PO,0,0,0,0,0,0,0,0,0,0,0,0,0,0,0,0,2001,Male,juvenile,UEA,0,no,no,yes,2.859669641,2,0,1,0,GG,NA,NA,4
465,0,0,0,0,0,0,0,PB,0,PB,B,B,B,B,B,B,B,B,B,0,0,0,0,0,0,0,0,0,0,2001,Male,juvenile,BER,0,no,no,no,0.118585884,1,1,1,0.25,GG,NA,NA,NA
470,0,0,0,0,0,PB,0,PB,0,PB,B,B,PO,B,B,PO,B,B,PO,B,B,PO,0,PO,0,0,0,0,0,1999,Female,juvenile,PWA,0,no,no,yes,1.464141267,1,1,1,NA,GG,NA,NA,NA
475,0,0,0,0,0,0,0,0,PB,PB,B,B,B,B,B,B,PO,0,0,0,0,0,0,0,0,0,0,0,0,2002,Female,juvenile,GDEWS,NA,no,no,no,NA,#N/A,NA,NA,0,NA,NA,NA,NA
480,0,0,0,0,0,PB,0,PB,0,0,B,B,B,B,B,B,PO,0,B,0,0,B,B,0,B,0,0,0,0,1999,Male,juvenile,NOW,0,no,no,yes,2.298311335,2,0,1,NA,BO,NA,NA,NA
485,0,0,0,0,0,0,0,0,PB,0,B,B,B,B,B,B,B,B,0,0,0,0,0,0,0,0,0,0,0,2002,Male,juvenile,LON,0,no,no,yes,0.041881187,1,1,1,0,GG,NA,NA,2
490,0,0,0,0,0,0,0,PB,0,0,B,B,0,0,0,0,0,0,0,0,0,0,0,0,0,0,0,0,0,2001,Female,juvenile,GDEWS,NA,no,no,no,NA,#N/A,NA,NA,0,NA,NA,NA,NA
495,0,0,0,0,0,0,0,PB,0,0,B,B,0,0,0,0,0,0,0,0,0,0,0,0,0,0,0,0,0,2001,Male,juvenile,GDEWS,NA,no,no,no,NA,#N/A,NA,NA,0,NA,NA,NA,NA
500,0,0,0,0,0,0,0,PB,0,PB,B,B,B,B,B,B,PO,0,0,0,0,0,0,0,0,0,0,0,0,2001,Female,juvenile,BER,0,no,no,no,0.118585884,1,1,1,0.25,GG,NA,NA,NA
505,0,0,0,0,0,0,0,0,PB,0,B,B,B,B,B,B,B,B,B,B,B,B,B,B,B,B,B,0,0,2002,Female,juvenile,BNW,0,no,no,yes,0.879565998,1,1,1,0,GG,NA,NA,3
510,0,0,0,0,0,0,0,0,PB,PB,B,0,0,0,0,0,0,0,0,0,0,0,0,0,0,0,0,0,0,2002,Female,juvenile,LON,0,no,no,yes,0.041881187,1,1,1,0,GG,NA,NA,2
5120,0,0,PB,0,0,0,0,0,0,0,0,0,0,0,0,0,0,0,0,0,0,0,0,0,0,0,0,0,0,1996,UNK,juvenile,UNK,NA,no,no,no,NA,#N/A,NA,NA,NA,GG,NA,NA,NA
5135,0,0,0,0,0,0,0,0,0,0,0,0,0,0,PB,0,0,0,0,0,0,0,0,0,0,0,0,0,0,2008,UNK,juvenile,ONE,1,no,no,yes,0.450070765,1,1,1,0,GG,0,0,6
5140,0,0,0,0,0,0,0,0,0,0,0,0,0,0,PB,0,0,0,0,0,0,0,0,0,0,0,0,0,0,2008,UNK,juvenile,WHA,0,no,no,yes,0.012678474,1,1,1,0,GG,1,1,10
5145,0,0,0,0,0,0,0,0,0,0,0,0,0,0,PB,PB,PB,B,B,0,0,0,B,0,0,0,PO,0,0,2008,Male,juvenile,WHA,0,no,no,yes,0.012678474,1,1,1,0,GG,1,0,10
5150,0,0,0,0,0,0,0,0,0,0,0,0,0,0,PB,PB,PB,PB,B,B,B,B,B,0,0,0,0,0,0,2008,Male,juvenile,RON,0,no,no,yes,1.456043944,1,1,1,0,BO,0,0,3
5155,0,0,0,0,0,0,0,0,0,0,0,0,0,0,PB,0,0,0,PB,B,B,B,0,B,B,B,B,B,0,2008,Male,juvenile,RON,0,no,no,yes,1.456043944,1,1,1,0,BO,0,0,3
5160,0,0,0,0,0,0,0,0,0,0,0,0,0,0,PB,0,0,0,0,0,0,0,0,0,0,0,0,0,0,2008,UNK,juvenile,ATL,0,no,no,yes,0.290401009,1,1,1,0,GG,0,0,4
5165,0,0,0,0,0,0,0,0,0,0,0,0,0,0,PB,0,0,0,0,0,0,0,0,0,0,0,0,0,0,2008,UNK,juvenile,WHA,0,no,no,yes,0.012678474,1,1,1,0,GG,0,0,10
5170,0,0,0,0,0,0,0,0,0,0,0,0,0,0,PB,0,0,0,0,0,0,0,0,0,0,0,0,0,0,2008,UNK,juvenile,ATL,0,no,no,yes,0.290401009,1,1,1,0,GG,NA,NA,4
5180,0,0,0,0,0,0,0,0,0,0,0,0,0,0,PB,PB,PB,0,0,0,0,0,0,0,0,0,0,0,0,2008,Male,juvenile,RON,0,no,no,yes,1.456043944,1,1,1,0,BO,NA,NA,3
5185,0,0,0,0,0,0,0,0,0,0,0,0,0,0,PB,0,0,0,0,0,0,0,0,0,0,0,0,0,0,2008,UNK,juvenile,CUT,0,no,no,yes,2.565296255,2,0,1,0,GG,0,0,5
5195,0,0,0,0,0,0,0,0,0,0,0,0,0,0,PB,PB,PB,PB,B,B,B,B,B,B,B,0,0,0,0,2008,Female,juvenile,TUT,0,no,no,yes,0.159228595,1,1,1,0.0625,GG,1,1,7
520,0,0,0,0,0,0,0,PB,0,PB,B,0,0,0,0,0,0,0,0,0,0,0,0,0,0,0,0,0,0,2001,Female,juvenile,BEV,0,no,no,yes,1.272783044,1,1,1,0,GG,NA,NA,2
5200,0,0,0,0,0,0,0,0,0,0,0,0,0,0,PB,0,0,0,0,0,0,0,0,0,0,0,0,0,0,2008,UNK,juvenile,SUZ,1,no,no,yes,0.045266475,1,1,1,0,GG,0,0,4
5205,0,0,0,0,0,0,0,0,0,0,0,0,0,0,PB,PB,B,B,B,B,B,B,B,B,B,B,B,B,B,2008,Female,juvenile,TUT,0,no,no,yes,0.159228595,1,1,1,0.0625,GG,1,0,7
5210,0,0,0,0,0,0,0,0,0,0,0,0,0,0,PB,0,0,0,0,0,0,0,0,0,0,0,0,0,0,2008,UNK,juvenile,MKA,1,no,no,yes,0.143739904,1,1,1,0,GG,0,0,4
5215,0,0,0,0,0,0,0,0,0,0,0,0,0,0,PB,0,0,0,0,0,0,0,0,0,0,0,0,0,0,2008,UNK,juvenile,ATL,0,no,no,yes,0.290401009,1,1,1,0,GG,0,0,4
5230,0,0,0,0,0,0,0,0,0,0,0,0,0,0,PB,PB,0,0,0,0,0,0,0,0,0,0,0,0,0,2008,UNK,juvenile,TUT,0,no,no,yes,0.159228595,1,1,1,0.0625,GG,1,1,7
5235,0,0,0,0,0,0,0,0,0,0,0,0,0,0,PB,PB,B,0,0,0,0,0,0,0,0,0,0,0,0,2008,Male,juvenile,HTD,0,no,no,yes,0.264195327,1,1,1,0,GG,1,NA,5
5240,0,0,0,0,0,0,0,0,0,0,0,0,0,0,PB,0,0,0,0,0,0,B,B,0,0,0,0,0,0,2008,UNK,juvenile,MNT,1,no,no,yes,0.349071666,1,1,1,0,GG,1,0,4
5245,0,0,0,0,0,0,0,0,0,0,0,0,0,0,PB,PB,0,0,0,0,0,0,0,0,0,0,0,0,0,2008,UNK,juvenile,HTD,0,no,no,yes,0.264195327,1,1,1,0,GG,1,0,5
525,0,0,0,0,PB,PB,PB,0,0,PB,B,B,B,B,B,B,B,B,B,B,B,0,0,0,0,0,0,0,0,1998,Male,juvenile,EST,0,no,no,yes,0.406108964,1,1,1,NA,GG,NA,NA,NA
5250,0,0,0,0,0,0,0,0,0,0,0,0,0,0,PB,PB,PB,0,0,0,0,0,0,0,0,0,0,0,0,2008,Male,juvenile,SUZ,1,no,no,yes,0.045266475,1,1,1,0,GG,0,0,4
5255,0,0,0,0,0,0,0,0,0,0,0,0,0,0,PB,0,0,0,0,0,0,0,0,0,0,0,0,0,0,2008,UNK,juvenile,BEE,0,no,no,yes,0.169170504,1,1,1,0,GG,1,0,6
5260,0,0,0,0,0,0,0,0,0,0,0,0,0,0,PB,PB,0,0,0,0,0,0,0,0,0,0,0,0,0,2008,UNK,juvenile,BEE,0,no,no,yes,0.169170504,1,1,1,0,GG,1,0,6
5265,0,0,0,0,0,0,0,0,0,0,0,0,0,0,PB,0,0,0,0,0,0,0,0,0,0,0,0,0,0,2008,UNK,juvenile,SRB,0,no,no,yes,2.945461504,2,0,1,0.25,GG,0,0,9
5270,0,0,0,0,0,0,0,0,0,0,0,0,0,0,PB,0,0,0,0,0,0,0,0,0,0,0,0,0,0,2008,UNK,juvenile,AAR,0,no,no,yes,2.144788508,2,0,1,0,BO,0,0,9
5275,0,0,0,0,0,0,0,0,0,0,0,0,0,0,PB,PB,PB,0,0,0,0,0,0,0,0,0,0,0,0,2008,Male,juvenile,HSP,0,no,no,yes,3.519636844,2,0,0,0,GG,0,0,9
5280,0,0,0,0,0,0,0,0,0,0,0,0,0,0,PB,PB,PB,B,B,B,0,0,0,0,0,0,0,0,0,2008,Female,juvenile,BEE,0,no,no,yes,0.169170504,1,1,1,0,GG,1,0,6
5285,0,0,0,0,0,0,0,0,0,0,0,0,0,0,PB,0,0,0,0,0,0,0,0,0,0,0,0,0,0,2008,UNK,juvenile,AAR,0,no,no,yes,2.144788508,2,0,1,0,BO,0,0,9
5295,0,0,0,0,0,0,0,0,0,0,0,0,0,0,PB,0,0,0,0,0,0,0,0,0,0,0,0,0,0,2008,UNK,juvenile,SRB,0,no,no,yes,2.945461504,2,0,1,0.25,GG,0,0,9
530,0,0,0,0,0,0,0,PB,0,0,B,B,B,B,B,B,B,B,B,PO,B,0,0,0,0,0,0,0,0,2001,Male,juvenile,BAB,0,no,no,yes,2.11868837,2,0,1,NA,GG,NA,NA,NA
5325,0,0,0,0,0,0,0,0,0,0,0,0,0,0,PB,0,0,0,0,0,0,0,0,0,0,0,0,0,0,2008,UNK,juvenile,TRO,1,no,no,yes,0.042474,1,1,1,0,GG,NA,NA,8
5330,0,0,0,0,0,0,0,0,0,0,0,0,0,0,PB,0,0,0,0,0,0,0,0,0,0,0,0,0,0,2008,UNK,juvenile,LOC,0,no,no,yes,0.623713981,1,1,1,0,GG,1,0,6
5340,0,0,0,0,0,0,0,0,0,0,0,0,0,0,PB,PB,PB,PB,PB,0,PB,0,PB,0,0,0,0,0,0,2008,Male,juvenile,WEE,0,no,no,yes,1.18256435,1,1,1,0,GG,0,0,8
5345,0,0,0,0,0,0,0,0,0,0,0,0,0,0,PB,PB,PB,0,0,0,0,0,0,0,0,0,0,0,0,2008,Female,juvenile,MAZ,0,no,no,yes,0.383228265,1,1,1,0.0078125,GG,0,0,4
535,0,0,0,0,0,0,0,PB,0,PB,B,0,0,0,0,0,0,0,0,0,0,0,0,0,0,0,0,0,0,2001,Female,juvenile,GDEWS,NA,no,no,no,NA,#N/A,NA,NA,0,NA,NA,NA,NA
5350,0,0,0,0,0,0,0,0,0,0,0,0,0,0,PB,0,0,0,0,0,0,0,0,0,0,0,0,0,0,2008,UNK,juvenile,WEE,0,no,no,yes,1.18256435,1,1,1,0,GG,1,1,8
5355,0,0,0,0,0,0,0,0,0,0,0,0,0,0,PB,PB,PB,PB,PB,0,0,0,0,0,0,0,0,0,0,2008,Male,juvenile,NBS,1,no,no,yes,0.044941844,1,1,1,0,GG,1,0,7
5365,0,0,0,0,0,0,0,0,0,0,0,0,0,0,PB,0,0,0,0,0,0,0,0,0,0,0,0,0,0,2008,UNK,juvenile,TRO,1,no,no,yes,0.042474,1,1,1,0,GG,1,0,8
5370,0,0,0,0,0,0,0,0,0,0,0,0,0,0,PB,PB,B,B,B,B,B,B,B,B,B,B,B,B,B,2008,Female,juvenile,LOC,0,no,no,yes,0.623713981,1,1,1,0,GG,0,0,6
5375,0,0,0,0,0,0,0,0,0,0,0,0,0,0,PB,0,0,0,0,0,0,0,0,0,0,0,0,0,0,2008,UNK,juvenile,HUN,0,no,no,yes,1.09757632,1,1,1,0,GG,0,0,NA
5385,0,0,0,0,0,0,0,0,0,0,0,0,0,0,PB,0,0,0,0,0,0,0,0,0,0,0,0,0,0,2008,UNK,juvenile,PHO,0,no,no,yes,1.079327248,1,1,1,0,GG,0,0,4
5390,0,0,0,0,0,0,0,0,0,0,0,0,0,0,PB,0,0,0,0,0,0,0,0,0,0,0,0,0,0,2008,UNK,juvenile,TRO,1,no,no,yes,0.042474,1,1,1,0,GG,0,0,8
5395,0,0,0,0,0,0,0,0,0,0,0,0,0,0,PB,0,0,0,0,0,0,0,0,0,0,0,0,0,0,2008,UNK,juvenile,NBS,1,no,no,yes,0.044941844,1,1,1,0,GG,NA,NA,7
540,0,0,0,0,PB,0,0,PB,0,PB,B,0,PO,B,B,B,B,B,B,B,B,B,B,0,B,0,0,0,0,1998,Male,juvenile,AOT,0,no,no,yes,1.870291177,1,1,1,NA,GG,NA,NA,NA
5400,0,0,0,0,0,0,0,0,0,0,0,0,0,0,PB,0,0,0,0,0,0,0,0,0,0,0,0,0,0,2008,UNK,juvenile,SQU,0,no,no,yes,3.019230646,2,0,0,0,BO,0,0,5
5405,0,0,0,0,0,0,0,0,0,0,0,0,0,0,PB,0,0,0,0,0,0,0,0,0,0,0,0,0,0,2008,UNK,juvenile,GME,1,no,no,yes,0.050813928,1,1,1,0,GG,1,1,2
5410,0,0,0,0,0,0,0,0,0,0,0,0,0,0,PB,PB,PB,0,0,0,0,0,0,0,0,0,0,0,0,2008,Male,juvenile,STX,0,no,no,yes,1.931616027,1,1,1,0,BO,0,0,4
5415,0,0,0,0,0,0,0,0,0,0,0,0,0,0,PB,0,PB,PB,B,B,B,B,B,0,0,0,B,B,B,2008,Male,juvenile,WEE,0,no,no,yes,1.18256435,1,1,1,0,GG,0,0,8
5420,0,0,0,0,0,0,0,0,0,0,0,0,0,0,PB,0,0,0,0,0,0,0,0,0,0,0,0,0,0,2008,UNK,juvenile,RED,1,no,no,yes,0.440463006,1,1,1,0.015625,GG,NA,NA,4
5425,0,0,0,0,0,0,0,0,0,0,0,0,0,0,PB,0,0,0,0,0,0,0,0,0,0,0,0,0,0,2008,UNK,juvenile,TRO,1,no,no,yes,0.042474,1,1,1,0,GG,0,0,8
5430,0,0,0,0,0,0,0,0,0,0,0,0,0,0,PB,PB,PB,0,0,0,0,0,0,0,0,0,0,0,0,2008,Female,juvenile,MAZ,0,no,no,yes,0.383228265,1,1,1,0.0078125,GG,0,0,4
5435,0,0,0,0,0,0,0,0,0,0,0,0,0,0,PB,0,0,0,0,0,0,0,0,0,0,0,0,0,0,2008,UNK,juvenile,STX,0,no,no,yes,1.931616027,1,1,1,0,BO,0,0,4
5440,0,0,0,0,0,0,0,0,0,0,0,0,0,0,PB,PB,0,0,0,0,0,0,0,0,0,0,0,0,0,2008,UNK,juvenile,PHO,0,no,no,yes,1.079327248,1,1,1,0,GG,1,0,4
5445,0,0,0,0,0,0,0,0,0,0,0,0,0,0,PB,PB,PB,0,0,0,0,0,0,0,0,0,0,0,0,2008,UNK,juvenile,KEL,0,no,no,yes,3.461566333,2,0,0,0,BO,0,0,4
545,0,0,0,0,0,0,0,PB,0,PB,B,B,0,0,0,0,0,0,0,0,0,0,0,0,0,0,0,0,0,2001,Female,juvenile,GDEWS,NA,no,no,no,NA,#N/A,NA,NA,0,NA,NA,NA,NA
5450,0,0,0,0,0,0,0,0,0,0,0,0,0,0,PB,0,0,0,0,0,0,0,0,0,0,0,0,0,0,2008,UNK,juvenile,NAZ,0,no,no,yes,0.39188742,1,1,1,0,GG,1,1,7
5455,0,0,0,0,0,0,0,0,0,0,0,0,0,0,PB,0,0,0,0,0,0,0,0,0,0,0,0,0,0,2008,UNK,juvenile,SQU,0,no,no,yes,3.019230646,2,0,0,0,BO,0,0,5
5460,0,0,0,0,0,0,0,0,0,0,0,0,0,0,PB,PB,0,0,0,0,0,0,0,0,0,0,0,0,0,2008,UNK,juvenile,NAZ,0,no,no,yes,0.39188742,1,1,1,0,GG,1,1,7
5470,0,0,0,0,0,0,0,0,0,0,0,0,0,0,PB,0,0,0,0,0,0,0,0,0,0,0,0,0,0,2008,UNK,juvenile,BIN,0,no,no,yes,1.021107783,1,1,1,0,GG,1,0,NA
5480,0,0,0,0,0,0,0,0,0,0,0,0,0,0,PB,0,0,0,0,0,0,0,0,0,0,0,0,0,0,2008,UNK,juvenile,BNW,0,no,no,yes,0.879565998,1,1,1,0,GG,0,0,9
5485,0,0,0,0,0,0,0,0,0,0,0,0,0,0,PB,PB,PB,B,B,B,0,0,0,0,0,0,0,0,0,2008,Female,juvenile,HUN,0,no,no,yes,1.09757632,1,1,1,0,GG,0,0,NA
5490,0,0,0,0,0,0,0,0,0,0,0,0,0,0,PB,0,PB,PB,PB,0,B,B,B,B,B,B,0,0,0,2008,Female,juvenile,BIN,0,no,no,yes,1.021107783,1,1,1,0,GG,0,0,NA
550,0,0,0,0,0,0,0,0,PB,0,0,B,B,B,B,B,B,B,B,PO,0,0,0,0,0,0,0,0,0,2002,Female,juvenile,OLY,1,no,no,yes,0.084038717,1,1,1,0,GG,NA,NA,2
5500,0,0,0,0,0,0,0,0,0,0,0,0,0,0,PB,0,0,0,0,0,0,0,0,0,0,0,0,0,0,2008,UNK,juvenile,BNW,0,no,no,yes,0.879565998,1,1,1,0,GG,0,0,9
5505,0,0,0,0,0,0,0,0,0,0,0,0,0,0,PB,PB,0,0,0,0,0,0,0,0,0,0,0,0,0,2008,UNK,juvenile,MAZ,0,no,no,yes,0.383228265,1,1,1,0.0078125,GG,0,0,4
5520,0,0,0,0,0,0,0,0,0,0,0,0,0,0,PB,PB,0,PB,PB,0,0,0,PB,0,0,0,0,0,0,2008,Male,juvenile,KEL,0,no,no,yes,3.461566333,2,0,0,0,BO,0,0,4
5525,0,0,0,0,0,0,0,0,0,0,0,0,0,0,PB,0,0,0,0,0,0,0,0,0,0,0,0,0,0,2008,UNK,juvenile,NBS,1,no,no,yes,0.044941844,1,1,1,0,GG,0,0,7
5540,0,0,0,0,0,0,0,0,0,0,0,0,0,0,PB,0,0,0,0,0,0,0,0,0,0,0,0,0,0,2008,UNK,juvenile,MAZ,0,no,no,yes,0.383228265,1,1,1,0.0078125,GG,0,0,4
555,0,0,0,0,0,0,0,0,0,PB,0,B,B,B,B,B,B,B,B,0,B,B,B,B,0,B,PO,0,0,2003,Male,juvenile,WHA,0,no,no,yes,0.012678474,1,1,1,0,GG,0,0,5
5550,0,0,0,0,0,0,0,0,0,0,0,0,0,0,PB,PB,0,0,0,0,0,0,0,0,0,0,0,0,0,2008,UNK,juvenile,MQO,0,no,no,yes,0.161296177,1,1,1,0.25,GG,0,0,6
5555,0,0,0,0,0,0,0,0,0,0,0,0,0,0,PB,PB,PB,B,PO,B,B,B,B,B,B,B,B,0,0,2008,Female,juvenile,MQO,0,no,no,yes,0.161296177,1,1,1,0.25,GG,1,0,6
5560,0,0,0,0,0,0,0,0,0,0,0,0,0,0,PB,PB,PB,0,0,0,0,0,0,0,0,0,0,0,0,2008,UNK,juvenile,PHI,0,no,no,yes,0.538972658,1,1,1,0,GG,1,0,3
5565,0,0,0,0,0,0,0,0,0,0,0,0,0,0,PB,PB,PB,0,0,0,0,PB,0,0,0,0,0,0,0,2008,Male,juvenile,KEL,0,no,no,yes,3.461566333,2,0,0,0,BO,0,0,4
5570,0,0,0,0,0,0,0,0,0,0,0,0,0,0,PB,PB,0,0,0,0,0,0,0,0,0,0,0,0,0,2008,UNK,juvenile,BIN,0,no,no,yes,1.021107783,1,1,1,0,GG,1,0,NA
5575,0,0,0,0,0,0,0,0,0,0,0,0,0,0,PB,0,0,0,0,0,0,0,0,0,0,0,0,0,0,2008,UNK,juvenile,BNW,0,no,no,yes,0.879565998,1,1,1,0,GG,0,0,9
5580,0,0,0,0,0,0,0,0,0,0,0,0,0,0,PB,0,0,0,0,0,0,0,0,0,0,0,0,0,0,2008,UNK,juvenile,PHI,0,no,no,yes,0.538972658,1,1,1,0,GG,0,0,3
5585,0,0,0,0,0,0,0,0,0,0,0,0,0,0,PB,PB,PB,B,B,B,B,B,B,B,B,B,0,0,0,2008,Male,juvenile,HZN,0,no,no,yes,0.13292568,1,1,1,0,GG,0,0,5
5590,0,0,0,0,0,0,0,0,0,0,0,0,0,0,PB,PB,B,B,B,0,0,0,0,0,0,0,0,0,0,2008,Female,juvenile,KIO,0,no,no,yes,1.334940322,1,1,1,0.125,GG,0,0,5
5595,0,0,0,0,0,0,0,0,0,0,0,0,0,0,PB,0,0,0,0,0,0,0,0,0,0,0,0,0,0,2008,UNK,juvenile,LON,0,no,no,yes,0.041881187,1,1,1,0,GG,1,0,8
560,0,0,0,0,0,0,0,0,0,PB,0,B,B,B,B,B,B,B,B,B,B,B,B,0,B,0,B,PO,0,2003,Male,juvenile,TRO,1,no,no,yes,0.042474,1,1,1,0,GG,NA,NA,3
5600,0,0,0,0,0,0,0,0,0,0,0,0,0,0,PB,PB,PB,PB,B,B,0,B,B,B,B,B,0,B,0,2008,Male,juvenile,HZN,0,no,no,yes,0.13292568,1,1,1,0,GG,0,0,5
5605,0,0,0,0,0,0,0,0,0,0,0,0,0,0,PB,0,PB,0,0,0,0,0,0,0,0,0,0,0,0,2008,UNK,juvenile,KIO,0,no,no,yes,1.334940322,1,1,1,0.125,GG,0,0,5
5610,0,0,0,0,0,0,0,0,0,0,0,0,0,0,PB,PB,PB,B,B,B,B,B,B,B,B,B,0,0,0,2008,Male,juvenile,MQO,0,no,no,yes,0.161296177,1,1,1,0.25,GG,0,0,6
5615,0,0,0,0,0,0,0,0,0,0,0,0,0,0,PB,PB,B,B,B,B,B,B,B,B,B,B,0,0,0,2008,Male,juvenile,SAP,0,no,no,yes,1.610957558,1,1,1,0,GG,0,0,4
5625,0,0,0,0,0,0,0,0,0,0,0,0,0,0,PB,0,0,0,0,0,0,0,0,0,0,0,0,0,0,2008,UNK,juvenile,HIP,0,no,no,yes,3.747977041,3,0,0,0,BO,0,0,6
5630,0,0,0,0,0,0,0,0,0,0,0,0,0,0,PB,PB,0,0,0,0,0,0,0,0,0,0,0,0,0,2008,UNK,juvenile,QUI,0,no,no,yes,0.713376379,1,1,1,0,GG,1,0,7
5635,0,0,0,0,0,0,0,0,0,0,0,0,0,0,PB,0,0,0,0,0,0,0,0,0,0,0,0,0,0,2008,UNK,juvenile,PHI,0,no,no,yes,0.538972658,1,1,1,0,GG,0,0,3
5645,0,0,0,0,0,0,0,0,0,0,0,0,0,0,PB,PB,0,0,0,0,0,0,0,0,0,0,0,0,0,2008,UNK,juvenile,IGL,0,no,no,yes,0.359733241,1,1,1,0,GG,1,1,3
565,0,0,0,0,0,0,0,0,PB,0,PB,B,B,B,B,B,B,B,B,B,B,B,B,B,B,B,B,B,0,2002,Female,juvenile,PWA,0,no,no,no,1.464141267,1,1,1,NA,GG,NA,NA,NA
5650,0,0,0,0,0,0,0,0,0,0,0,0,0,0,PB,0,0,0,0,0,0,0,0,0,0,0,0,0,0,2008,UNK,juvenile,CLB,0,no,no,yes,0.191565712,1,1,1,0,GG,0,0,7
5655,0,0,0,0,0,0,0,0,0,0,0,0,0,0,PB,0,0,0,0,0,0,0,0,0,0,0,0,0,0,2008,UNK,juvenile,MET,0,no,no,yes,1.093273253,1,1,1,0,GG,0,0,4
5660,0,0,0,0,0,0,0,0,0,0,0,0,0,0,PB,0,0,0,0,0,0,0,0,0,0,0,0,0,0,2008,UNK,juvenile,SAP,0,no,no,yes,1.610957558,1,1,1,0,GG,1,0,4
5665,0,0,0,0,0,0,0,0,0,0,0,0,0,0,PB,0,PB,0,0,0,0,0,0,0,0,0,0,0,0,2008,Male,juvenile,HIP,0,no,no,yes,3.747977041,3,0,0,0,BO,0,0,6
5670,0,0,0,0,0,0,0,0,0,0,0,0,0,0,PB,0,0,0,0,0,0,0,0,0,0,0,0,0,0,2008,UNK,juvenile,CLB,0,no,no,yes,0.191565712,1,1,1,0,GG,1,0,7
5675,0,0,0,0,0,0,0,0,0,0,0,0,0,0,PB,0,0,0,0,0,0,0,0,0,0,0,0,0,0,2008,UNK,juvenile,LOR,0,no,no,yes,0.10187244,1,1,1,0.015625,GG,0,0,4
5680,0,0,0,0,0,0,0,0,0,0,0,0,0,0,PB,0,0,0,0,0,0,0,0,B,0,0,B,0,0,2008,UNK,juvenile,NOW,0,no,no,yes,2.298311335,2,0,1,0,BO,0,0,9
5685,0,0,0,0,0,0,0,0,0,0,0,0,0,0,PB,PB,PB,PB,B,B,B,B,B,B,0,B,0,0,0,2008,Male,juvenile,CLB,0,no,no,yes,0.191565712,1,1,1,0,GG,0,0,7
5690,0,0,0,0,0,0,0,0,0,0,0,0,0,0,PB,0,0,0,0,0,0,0,0,0,0,0,0,0,0,2008,UNK,juvenile,UEA,0,no,no,yes,2.859669641,2,0,1,0,GG,0,0,11
5695,0,0,0,0,0,0,0,0,0,0,0,0,0,0,PB,0,0,0,0,0,0,0,0,0,0,0,0,0,0,2008,UNK,juvenile,LOR,0,no,no,yes,0.10187244,1,1,1,0.015625,GG,0,0,4
570,0,0,0,0,0,0,0,0,PB,PB,PB,B,B,B,B,B,B,B,B,B,PO,PO,B,B,0,0,B,0,0,2002,Female,juvenile,GDEWS,NA,no,no,no,NA,#N/A,NA,NA,0,NA,NA,NA,NA
5700,0,0,0,0,0,0,0,0,0,0,0,0,0,0,PB,0,0,0,0,0,0,0,0,0,0,0,0,0,0,2008,UNK,juvenile,UEA,0,no,no,yes,2.859669641,2,0,1,0,GG,0,0,11
5705,0,0,0,0,0,0,0,0,0,0,0,0,0,0,PB,0,0,0,0,0,0,0,0,0,0,0,0,0,0,2008,UNK,juvenile,MET,0,no,no,yes,1.093273253,1,1,1,0,GG,1,1,4
5710,0,0,0,0,0,0,0,0,0,0,0,0,0,0,PB,0,0,0,0,0,0,0,0,0,0,0,0,0,0,2008,UNK,juvenile,NOW,0,no,no,yes,2.298311335,2,0,1,0,BO,NA,NA,9
5715,0,0,0,0,0,0,0,0,0,0,0,0,0,0,PB,PB,B,B,B,0,0,0,PO,0,0,0,0,0,0,2008,Female,juvenile,MAR,0,no,no,yes,0.289798453,1,1,1,0,GG,0,0,7
5720,0,0,0,0,0,0,0,0,0,0,0,0,0,0,PB,PB,0,0,0,0,0,0,0,0,0,0,0,0,0,2008,UNK,juvenile,MAR,0,no,no,yes,0.289798453,1,1,1,0,GG,1,0,7
5725,0,0,0,0,0,0,0,0,0,0,0,0,0,0,PB,PB,PB,PB,B,B,B,PO,B,B,B,B,B,B,B,2008,Female,juvenile,MAR,0,no,no,yes,0.289798453,1,1,1,0,GG,0,0,7
5730,0,0,0,0,0,0,0,0,0,0,0,0,0,0,PB,0,0,0,0,0,0,0,0,0,0,0,0,0,0,2008,UNK,juvenile,TWO,0,no,no,yes,1.687314122,1,1,1,0,GG,0,0,9
5735,0,0,0,0,0,0,0,0,0,0,0,0,0,0,PB,0,0,0,0,0,0,0,0,0,0,0,0,0,0,2008,UNK,juvenile,UEA,0,no,no,yes,2.859669641,2,0,1,0,GG,0,0,11
5740,0,0,0,0,0,0,0,0,0,0,0,0,0,0,PB,PB,PB,B,PO,B,B,B,B,B,B,B,B,PO,B,2008,Male,juvenile,TAU,0,no,no,yes,0.412123285,1,1,1,0,GG,0,0,4
5745,0,0,0,0,0,0,0,0,0,0,0,0,0,0,PB,0,0,PB,0,0,0,0,0,0,0,0,0,0,0,2008,Female,juvenile,BFO,0,no,no,yes,1.355933677,1,1,1,0,GG,0,0,5
575,0,0,0,0,0,0,0,0,PB,0,PB,B,B,B,B,B,B,B,B,B,B,B,B,B,B,B,B,PO,0,2002,Female,juvenile,GME,1,no,no,yes,0.050813928,1,1,1,NA,GG,NA,NA,NA
5750,0,0,0,0,0,0,0,0,0,0,0,0,0,0,PB,PB,PB,PB,PB,PB,PB,0,PB,0,0,0,0,0,0,2008,Female,juvenile,TAU,0,no,no,yes,0.412123285,1,1,1,0,GG,0,0,4
5755,0,0,0,0,0,0,0,0,0,0,0,0,0,0,PB,PB,0,0,0,0,0,0,0,0,0,0,0,0,0,2008,UNK,juvenile,JAS,0,no,no,yes,0.09697577,1,1,1,0,GG,1,0,5
5760,0,0,0,0,0,0,0,0,0,0,0,0,0,0,PB,0,0,0,0,0,0,0,0,0,0,0,0,0,0,2008,UNK,juvenile,LIB,0,no,no,yes,1.875607299,1,1,1,NA,GG,0,0,NA
5765,0,0,0,0,0,0,0,0,0,0,0,0,0,0,PB,PB,PB,PB,B,B,B,0,0,0,0,0,0,0,0,2008,Male,juvenile,LEG,0,no,no,yes,1.017734063,1,1,1,0,BO,0,0,5
5770,0,0,0,0,0,0,0,0,0,0,0,0,0,0,PB,PB,PB,B,B,B,B,B,B,0,0,0,0,0,0,2008,Male,juvenile,LEG,0,no,no,yes,1.017734063,1,1,1,0,BO,0,0,5
5775,0,0,0,0,0,0,0,0,0,0,0,0,0,0,PB,0,0,0,0,0,0,0,0,0,0,0,0,0,0,2008,UNK,juvenile,QUA,0,no,no,yes,1.068978606,1,1,1,0,GG,0,0,6
5780,0,0,0,0,0,0,0,0,0,0,0,0,0,0,PB,0,0,PB,0,0,0,0,0,0,0,0,0,0,0,2008,Male,juvenile,MOS,0,no,no,yes,1.327013703,1,1,1,0,BO,0,0,6
5785,0,0,0,0,0,0,0,0,0,0,0,0,0,0,PB,PB,PB,PB,0,0,0,0,0,0,0,0,0,0,0,2008,Male,juvenile,MOS,0,no,no,yes,1.327013703,1,1,1,0,BO,1,0,6
5790,0,0,0,0,0,0,0,0,0,0,0,0,0,0,PB,PB,PB,0,0,0,0,0,0,PB,0,0,0,0,0,2008,Female,juvenile,QUA,0,no,no,yes,1.068978606,1,1,1,0,GG,0,0,6
5795,0,0,0,0,0,0,0,0,0,0,0,0,0,0,PB,PB,B,B,B,B,0,B,B,B,B,0,0,0,0,2008,Female,juvenile,INC,0,no,no,yes,1.708291627,1,1,1,0,BO,0,0,5
5800,0,0,0,0,0,0,0,0,0,0,0,0,0,0,PB,0,0,0,0,B,B,B,B,B,B,B,0,PO,0,2008,Female,juvenile,INC,0,no,no,yes,1.708291627,1,1,1,0,BO,0,0,5
5805,0,0,0,0,0,0,0,0,0,0,0,0,0,0,PB,0,PB,PB,B,B,B,0,B,B,0,0,0,0,0,2008,Male,juvenile,MOS,0,no,no,yes,1.327013703,1,1,1,0,BO,NA,NA,6
5815,0,0,0,0,0,0,0,0,0,0,0,0,0,0,PB,PB,B,B,B,B,0,B,B,B,0,0,0,0,0,2008,Male,juvenile,UNK,NA,no,no,yes,NA,#N/A,NA,NA,NA,GG,NA,NA,NA
5820,0,0,0,0,0,0,0,0,0,0,0,0,0,0,0,PB,PB,0,0,0,0,0,0,0,0,0,0,0,0,2009,UNK,juvenile,ONE,1,no,no,yes,0.450070765,1,1,1,0,GG,0,0,7
5825,0,0,0,0,0,0,0,0,0,0,0,0,0,0,0,PB,PB,PB,0,0,0,0,0,0,0,0,PB,0,0,2009,Male,juvenile,ONE,1,no,no,yes,0.450070765,1,1,1,0,GG,1,0,7
5830,0,0,0,0,0,0,0,0,0,0,0,0,0,0,0,PB,0,0,0,0,0,0,0,0,0,0,0,0,0,2009,UNK,juvenile,AAR,0,no,no,yes,2.144788508,2,0,1,0,BO,NA,NA,10
5835,0,0,0,0,0,0,0,0,0,0,0,0,0,0,0,PB,0,0,0,0,B,B,B,B,0,0,0,B,0,2009,Male,juvenile,AAR,0,no,no,yes,2.144788508,2,0,1,0,BO,0,0,10
5840,0,0,0,0,0,0,0,0,0,0,0,0,0,0,0,PB,PB,B,PO,B,B,B,B,B,B,0,0,0,0,2009,Female,juvenile,ATL,0,no,no,yes,0.290401009,1,1,1,0,GG,1,0,5
585,0,0,0,0,0,0,PB,0,0,0,0,B,0,0,0,0,0,0,0,0,0,0,0,0,0,0,0,0,0,2000,Female,juvenile,NOW,0,no,no,no,2.298311335,2,0,1,NA,BO,NA,NA,NA
5850,0,0,0,0,0,0,0,0,0,0,0,0,0,0,0,PB,PB,0,0,0,0,0,0,0,0,0,0,0,0,2009,UNK,juvenile,ATL,0,no,no,yes,0.290401009,1,1,1,0,GG,0,0,5
5860,0,0,0,0,0,0,0,0,0,0,0,0,0,0,0,PB,0,0,0,0,0,0,0,0,0,0,0,0,0,2009,UNK,juvenile,BEE,0,no,no,yes,0.169170504,1,1,1,0,GG,0,0,7
5865,0,0,0,0,0,0,0,0,0,0,0,0,0,0,0,PB,PB,0,0,0,0,0,0,0,0,0,0,0,0,2009,UNK,juvenile,BEE,0,no,no,yes,0.169170504,1,1,1,0,GG,1,0,7
5870,0,0,0,0,0,0,0,0,0,0,0,PB,0,0,0,PB,PB,0,0,0,0,0,0,0,0,0,0,0,0,2005,Male,juvenile,BEE,0,no,no,yes,0.169170504,1,1,1,0,GG,NA,NA,3
5875,0,0,0,0,0,0,0,0,0,0,0,0,0,0,0,PB,0,0,0,0,0,0,0,0,0,PB,0,0,0,2009,Female,juvenile,BEV,0,no,no,yes,1.272783044,1,1,1,0.01953125,GG,0,0,2
5885,0,0,0,0,0,0,0,0,0,0,0,0,0,0,0,PB,PB,0,0,0,0,0,0,0,0,0,0,0,0,2009,UNK,juvenile,BIN,0,no,no,yes,1.021107783,1,1,1,0,GG,0,0,NA
5890,0,0,0,0,0,0,0,0,0,0,0,0,0,0,0,PB,0,0,0,0,0,0,0,0,0,0,0,0,0,2009,UNK,juvenile,BIN,0,no,no,yes,1.021107783,1,1,1,0,GG,1,1,NA
5895,0,0,0,0,0,0,0,0,0,0,0,0,0,0,0,PB,0,0,0,0,0,0,0,0,0,0,0,0,0,2009,UNK,juvenile,BOB,0,no,no,yes,1.982154844,1,1,1,0,BO,0,0,2
590,0,0,0,0,0,0,0,0,0,PB,PB,B,B,B,B,B,B,B,B,B,B,B,B,B,B,PO,PO,0,0,2003,Female,juvenile,GDEWS,NA,no,no,no,NA,#N/A,NA,NA,0,NA,NA,NA,NA
5900,0,0,0,0,0,0,0,0,0,0,0,0,0,0,0,PB,PB,B,B,B,B,B,B,B,0,B,0,0,0,2009,Female,juvenile,BOB,0,no,no,yes,1.982154844,1,1,1,0,BO,0,0,2
5905,0,0,0,0,0,0,0,0,0,0,0,0,0,0,0,PB,0,0,0,0,0,0,0,0,0,0,0,0,0,2009,UNK,juvenile,BNW,0,no,no,yes,0.879565998,1,1,1,0,GG,1,1,10
5910,0,0,0,0,0,0,0,0,0,0,0,0,0,0,0,PB,0,0,0,0,0,0,0,0,0,0,0,0,0,2009,UNK,juvenile,BNW,0,no,no,yes,0.879565998,1,1,1,0,GG,1,1,10
5915,0,0,0,0,0,0,0,0,0,0,0,0,0,0,0,PB,0,0,0,0,0,0,0,0,0,0,0,0,0,2009,UNK,juvenile,BFO,0,no,no,yes,1.355933677,1,1,1,0,GG,1,1,6
5920,0,0,0,0,0,0,0,0,0,0,0,0,0,0,0,PB,PB,0,0,0,0,0,0,0,0,0,0,0,0,2009,UNK,juvenile,BFO,0,no,no,yes,1.355933677,1,1,1,0,GG,1,1,6
5925,0,0,0,0,0,0,0,0,0,0,0,0,0,0,0,PB,PB,0,0,0,0,0,0,0,0,0,0,0,0,2009,UNK,juvenile,CLB,0,no,no,yes,0.191565712,1,1,1,0,GG,0,0,8
5930,0,0,0,0,0,0,0,0,0,0,0,0,0,0,0,PB,PB,0,0,0,0,PB,0,0,0,PB,B,B,0,2009,Female,juvenile,CLB,0,no,no,yes,0.191565712,1,1,1,0,GG,1,0,8
5935,0,0,0,0,0,0,0,0,0,0,0,0,0,0,0,PB,PB,0,0,0,0,0,0,0,0,0,0,0,0,2009,UNK,juvenile,CLB,0,no,no,yes,0.191565712,1,1,1,0,GG,0,0,8
5940,0,0,0,0,0,0,0,0,0,0,0,0,0,0,0,PB,0,0,0,0,0,0,0,0,0,0,0,0,0,2009,UNK,juvenile,COC,0,no,no,yes,0.477454083,1,1,1,0,GG,1,1,3
5945,0,0,0,0,0,0,0,0,0,0,0,0,0,0,0,PB,0,0,0,0,0,0,0,0,0,0,0,0,0,2009,Female,juvenile,COC,0,no,no,yes,0.477454083,1,1,1,0,GG,0,0,3
595,0,0,0,0,0,0,0,0,PB,PB,PB,B,PO,0,0,0,0,0,0,0,0,0,0,0,0,0,0,0,0,2002,Male,juvenile,GDEWS,NA,no,no,no,NA,#N/A,NA,NA,0,NA,NA,NA,NA
5950,0,0,0,0,0,0,0,0,0,0,0,0,0,0,0,PB,PB,0,0,0,0,0,0,0,0,0,0,0,0,2009,UNK,juvenile,CUT,0,no,no,yes,2.565296255,2,0,1,0,GG,0,0,6
5960,0,0,0,0,0,0,0,0,0,0,0,0,0,0,0,PB,0,0,0,0,0,0,0,0,0,0,0,0,0,2009,UNK,juvenile,FMG,1,no,no,yes,0.234059632,1,1,1,0.1484375,GG,0,0,2
5965,0,0,0,0,0,0,0,0,0,0,0,0,0,0,0,PB,0,0,0,0,0,0,0,0,0,0,0,0,0,2009,UNK,juvenile,GAL,0,no,no,yes,0.254924523,1,1,1,0,GG,1,1,6
5970,0,0,0,0,0,0,0,0,0,0,0,0,0,0,0,PB,PB,0,PB,0,PB,B,B,B,B,0,0,0,0,2009,Male,juvenile,GAL,0,no,no,yes,0.254924523,1,1,1,0,GG,1,1,6
5975,0,0,0,0,0,0,0,0,0,0,0,0,0,0,0,PB,PB,0,0,0,0,0,0,0,0,0,0,0,0,2009,UNK,juvenile,GAL,0,no,no,yes,0.254924523,1,1,1,0,GG,1,1,6
5990,0,0,0,0,0,0,0,0,0,0,0,0,0,0,0,PB,PB,PB,B,B,B,B,B,B,B,0,0,0,0,2009,Male,juvenile,GME,1,no,no,yes,0.050813928,1,1,1,0,GG,1,0,3
5995,0,0,0,0,0,0,0,0,0,0,0,0,0,0,0,PB,PB,0,0,0,0,0,0,0,0,0,0,0,0,2009,UNK,juvenile,GME,1,no,no,yes,0.050813928,1,1,1,0,GG,0,0,3
600,0,0,0,0,0,0,0,PB,0,PB,0,B,0,0,0,0,0,0,0,0,0,0,0,0,0,0,0,0,0,2001,Female,juvenile,GDEWS,NA,no,no,no,NA,#N/A,NA,NA,0,NA,NA,NA,NA
6000,0,0,0,0,0,0,0,0,0,0,0,0,0,0,0,PB,0,0,0,0,0,0,0,0,0,0,0,0,0,2009,Female,juvenile,GON,0,no,no,yes,2.615733511,2,0,1,0,BO,0,0,2
6005,0,0,0,0,0,0,0,0,0,0,0,0,0,0,0,PB,0,0,0,0,0,0,0,0,0,0,0,0,0,2009,UNK,juvenile,GON,0,no,no,yes,2.615733511,2,0,1,0,BO,0,0,2
6010,0,0,0,0,0,0,0,0,0,0,0,0,0,0,0,PB,PB,0,0,0,0,0,0,0,0,0,0,0,0,2009,UNK,juvenile,HIP,0,no,no,yes,3.747977041,3,0,0,0,BO,NA,NA,7
6015,0,0,0,0,0,0,0,0,0,0,0,0,0,0,0,PB,PB,0,0,0,0,0,0,0,0,0,0,0,0,2009,UNK,juvenile,HIP,0,no,no,yes,3.747977041,3,0,0,0,BO,0,0,7
6020,0,0,0,0,0,0,0,0,0,0,0,0,0,0,0,PB,PB,PB,0,PB,B,B,B,B,0,0,0,0,0,2009,Female,juvenile,HZN,0,no,no,yes,0.13292568,1,1,1,0,GG,0,0,6
6025,0,0,0,0,0,0,0,0,0,0,0,0,0,0,0,PB,PB,0,B,B,B,B,B,B,B,B,B,B,B,2009,Male,juvenile,HZN,0,no,no,yes,0.13292568,1,1,1,0,GG,0,0,6
6030,0,0,0,0,0,0,0,0,0,0,0,0,0,0,0,PB,PB,0,0,0,0,0,0,0,0,0,0,0,0,2009,UNK,juvenile,HZN,0,no,no,yes,0.13292568,1,1,1,0,GG,1,1,6
6035,0,0,0,0,0,0,0,0,0,0,0,0,0,0,0,PB,PB,0,0,0,0,0,0,0,0,0,0,0,0,2009,UNK,juvenile,HUN,0,no,no,yes,1.09757632,1,1,1,0,GG,0,0,NA
6040,0,0,0,0,0,0,0,0,0,0,0,0,0,0,0,PB,PB,PB,B,B,B,B,B,PO,0,0,B,0,0,2009,Female,juvenile,HUN,0,no,no,yes,1.09757632,1,1,1,0,GG,0,0,NA
6045,0,0,0,0,0,0,0,0,0,0,0,0,0,0,0,PB,0,0,0,0,0,0,0,0,0,0,0,0,0,2009,UNK,juvenile,IGL,0,no,no,yes,0.359733241,1,1,1,0,GG,0,0,4
605,0,0,0,0,0,0,0,PB,0,PB,PB,B,B,B,PO,PO,B,PO,B,B,0,B,B,B,B,PO,0,PO,0,2001,Female,juvenile,PWA,0,no,no,yes,1.464141267,1,1,1,NA,GG,NA,NA,NA
6050,0,0,0,0,0,0,0,0,0,0,0,0,0,0,0,PB,0,0,0,0,0,0,0,0,0,0,0,0,0,2009,UNK,juvenile,IGL,0,no,no,yes,0.359733241,1,1,1,0,GG,0,0,4
6055,0,0,0,0,0,0,0,0,0,0,0,0,0,0,0,PB,0,0,0,0,0,0,0,0,0,0,0,0,0,2009,UNK,juvenile,IGL,0,no,no,yes,0.359733241,1,1,1,0,GG,1,1,4
6060,0,0,0,0,0,0,0,0,0,0,0,0,0,0,0,PB,0,0,0,0,0,0,0,0,0,0,0,0,0,2009,UNK,juvenile,JAS,0,no,no,yes,0.09697577,1,1,1,0.125,GG,1,1,6
6065,0,0,0,0,0,0,0,0,0,0,0,0,0,0,0,PB,0,0,0,0,0,0,0,0,0,0,0,0,0,2009,UNK,juvenile,JAS,0,no,no,yes,0.09697577,1,1,1,0.125,GG,1,1,6
6070,0,0,0,0,0,0,0,0,0,0,0,0,0,0,0,PB,PB,PB,B,B,B,B,0,PO,0,B,B,0,0,2009,Male,juvenile,KEL,0,no,no,yes,3.461566333,2,0,0,0,BO,0,0,5
6075,0,0,0,0,0,0,0,0,0,0,0,0,0,0,0,PB,0,PB,PB,PB,B,0,B,B,0,0,0,B,0,2009,Male,juvenile,KEL,0,no,no,yes,3.461566333,2,0,0,0,BO,0,0,5
6080,0,0,0,0,0,0,0,0,0,0,0,0,0,0,0,PB,PB,0,B,0,PO,B,B,B,0,0,0,0,0,2009,Female,juvenile,KEL,0,no,no,yes,3.461566333,2,0,0,0,BO,1,0,5
6085,0,0,0,0,0,0,0,0,0,0,0,0,0,0,0,PB,PB,0,PB,B,B,B,B,B,B,0,0,0,0,2009,Male,juvenile,KRA,0,no,no,yes,3.0714792,2,0,0,0,BO,1,1,6
6090,0,0,0,0,0,0,0,0,0,0,0,0,0,0,0,PB,PB,0,PB,PB,B,B,B,B,B,B,B,PO,B,2009,Female,juvenile,KRA,0,no,no,yes,3.0714792,2,0,0,0,BO,0,0,6
6095,0,0,0,0,0,0,0,0,0,0,0,0,0,0,0,PB,PB,PB,PB,0,0,B,0,B,PO,0,0,0,0,2009,Male,juvenile,KRA,0,no,no,yes,3.0714792,2,0,0,0,BO,1,1,6
6100,0,0,0,0,0,0,0,0,0,0,0,0,0,0,0,PB,PB,0,0,0,0,0,0,0,0,0,0,0,0,2009,UNK,juvenile,MET,0,no,no,yes,1.093273253,1,1,1,0,GG,0,0,5
6105,0,0,0,0,0,0,0,0,0,0,0,0,0,0,0,PB,PB,PB,B,0,B,B,B,0,B,0,B,0,0,2009,Female,juvenile,MET,0,no,no,yes,1.093273253,1,1,1,0,GG,0,0,5
6110,0,0,0,0,0,0,0,0,0,0,0,0,0,0,0,PB,0,0,0,0,0,0,0,0,0,0,0,0,0,2009,UNK,juvenile,MET,0,no,no,yes,1.093273253,1,1,1,0,GG,0,0,5
6115,0,0,0,0,0,0,0,0,0,0,0,0,0,0,0,PB,0,0,PB,0,0,0,0,B,0,0,0,0,0,2009,Male,juvenile,LEG,0,no,no,yes,1.017734063,1,1,1,0.0625,BO,0,0,3
6120,0,0,0,0,0,0,0,0,0,0,0,0,0,0,0,PB,PB,0,0,0,0,0,0,0,0,0,0,0,0,2009,UNK,juvenile,LIB,0,no,no,yes,1.875607299,1,1,1,NA,GG,0,0,NA
6125,0,0,0,0,0,0,0,0,0,0,0,0,0,0,0,PB,PB,0,0,0,0,0,0,0,0,0,0,0,0,2009,UNK,juvenile,LIB,0,no,no,yes,1.875607299,1,1,1,NA,GG,0,0,NA
6130,0,0,0,0,0,0,0,0,0,0,0,0,0,0,0,PB,PB,0,B,B,B,PO,B,B,B,B,B,B,B,2009,Female,juvenile,LOC,0,no,no,yes,0.623713981,1,1,1,0,GG,0,0,7
6135,0,0,0,0,0,0,0,0,0,0,0,0,0,0,0,PB,PB,0,B,B,B,PO,B,B,B,B,B,0,0,2009,Male,juvenile,LOC,0,no,no,yes,0.623713981,1,1,1,0,GG,0,0,7
6140,0,0,0,0,0,0,0,0,0,0,0,0,0,0,0,PB,PB,0,0,0,0,0,0,0,0,0,0,0,0,2009,UNK,juvenile,LON,0,no,no,yes,0.041881187,1,1,1,0,GG,1,0,9
6145,0,0,0,0,0,0,0,0,0,0,0,0,0,0,0,PB,0,0,0,0,0,0,0,0,0,0,0,0,0,2009,UNK,juvenile,LON,0,no,no,yes,0.041881187,1,1,1,0,GG,0,0,9
615,0,0,0,0,0,0,0,0,PB,0,PB,B,B,B,B,B,B,B,B,B,B,B,0,0,0,0,0,0,0,2002,Male,juvenile,FRN,0,no,no,yes,1.679535466,1,1,1,NA,GG,NA,NA,NA
6150,0,0,0,0,0,0,0,0,0,0,0,0,0,0,0,PB,0,0,0,0,0,0,0,0,0,0,0,0,0,2009,UNK,juvenile,LOR,0,no,no,yes,0.10187244,1,1,1,0.015625,GG,1,1,5
6155,0,0,0,0,0,0,0,0,0,0,0,0,0,0,0,PB,PB,0,0,0,0,0,0,0,0,0,0,0,0,2009,UNK,juvenile,LOR,0,no,no,yes,0.10187244,1,1,1,0.015625,GG,1,0,5
6160,0,0,0,0,0,0,0,0,0,0,0,0,0,0,0,PB,0,0,0,0,0,0,0,0,0,0,0,0,0,2009,UNK,juvenile,LOR,0,no,no,yes,0.10187244,1,1,1,0.015625,GG,1,0,5
6165,0,0,0,0,0,0,0,0,0,0,0,0,0,0,0,PB,PB,0,0,0,0,0,0,0,0,0,0,0,0,2009,UNK,juvenile,MKA,1,no,no,yes,0.143739904,1,1,1,0,GG,1,0,5
6170,0,0,0,0,0,0,0,0,0,0,0,0,0,0,0,PB,PB,0,0,0,0,0,0,0,0,0,0,0,0,2009,UNK,juvenile,MKA,1,no,no,yes,0.143739904,1,1,1,0,GG,1,1,5
6175,0,0,0,0,0,0,0,0,0,0,0,0,0,0,0,PB,0,0,0,0,0,0,0,0,0,0,0,0,0,2009,UNK,juvenile,MAR,0,no,no,yes,0.289798453,1,1,1,0,GG,0,0,8
6180,0,0,0,0,0,0,0,0,0,0,0,0,0,0,0,PB,PB,0,0,0,0,0,0,0,0,0,0,0,0,2009,UNK,juvenile,MAR,0,no,no,yes,0.289798453,1,1,1,0,GG,0,0,8
6185,0,0,0,0,0,0,0,0,0,0,0,0,0,0,0,PB,PB,0,PB,B,B,B,0,0,0,0,0,0,0,2009,Female,juvenile,MAZ,0,no,no,yes,0.383228265,1,1,1,0.0078125,GG,1,0,5
6190,0,0,0,0,0,0,0,0,0,0,0,0,0,0,0,PB,PB,0,B,B,B,0,0,0,0,0,0,0,0,2009,Female,juvenile,MAZ,0,no,no,yes,0.383228265,1,1,1,0.0078125,GG,0,0,5
6195,0,0,0,0,0,0,0,0,0,0,0,0,0,0,0,PB,0,0,0,0,0,0,0,0,0,0,0,0,0,2009,UNK,juvenile,MAZ,0,no,no,yes,0.383228265,1,1,1,0.0078125,GG,1,1,5
620,0,0,0,0,0,0,0,0,PB,0,PB,B,B,PO,0,0,0,0,0,0,0,0,0,0,0,0,0,0,0,2002,Female,juvenile,GDEWS,NA,no,no,no,NA,#N/A,NA,NA,0,NA,NA,NA,NA
6200,0,0,0,0,0,0,0,0,0,0,0,0,0,0,0,PB,0,0,0,0,0,0,0,0,0,0,0,0,0,2009,UNK,juvenile,MAZ,0,no,no,yes,0.383228265,1,1,1,0.0078125,GG,1,1,5
6205,0,0,0,0,0,0,0,0,0,0,0,0,0,0,0,PB,0,0,0,0,0,0,0,0,0,0,0,0,0,2009,UNK,juvenile,MFA,1,no,no,yes,0.405493656,1,1,1,0,GG,0,0,3
6210,0,0,0,0,0,0,0,0,0,0,0,0,0,0,0,PB,0,0,0,0,0,0,0,0,0,0,0,0,0,2009,UNK,juvenile,MFA,1,no,no,yes,0.405493656,1,1,1,0,GG,1,1,3
6215,0,0,0,0,0,0,0,0,0,0,0,0,0,0,0,PB,0,0,0,0,0,0,0,0,0,0,0,0,0,2009,UNK,juvenile,MNT,1,no,no,yes,0.349071666,1,1,1,0,GG,1,1,5
6220,0,0,0,0,0,0,0,0,0,0,0,0,0,0,0,PB,PB,0,0,0,0,0,0,0,0,0,0,0,0,2009,UNK,juvenile,MNT,1,no,no,yes,0.349071666,1,1,1,0,GG,1,1,5
6225,0,0,0,0,0,0,0,0,0,0,0,0,0,0,0,PB,PB,0,0,0,0,0,0,0,0,0,0,0,0,2009,Male,juvenile,MNT,1,no,no,yes,0.349071666,1,1,1,0,GG,1,0,5
6230,0,0,0,0,0,0,0,0,0,0,0,0,0,0,0,PB,0,0,0,0,0,0,0,PB,0,0,0,0,0,2009,Male,juvenile,MOL,0,no,no,yes,1.841449966,1,1,1,0.0625,BO,0,0,6
6235,0,0,0,0,0,0,0,0,0,0,0,0,0,0,0,PB,PB,0,0,B,B,0,0,0,0,0,0,0,0,2009,UNK,juvenile,MOL,0,no,no,yes,1.841449966,1,1,1,0.0625,BO,0,0,6
6240,0,0,0,0,0,0,0,0,0,0,0,0,0,0,0,PB,0,0,0,0,0,0,0,0,0,0,0,0,0,2009,UNK,juvenile,MOO,0,no,no,yes,3.672245661,2,0,0,0,BO,0,0,6
6245,0,0,0,0,0,0,0,0,0,0,0,0,0,0,0,PB,PB,0,0,0,0,0,0,0,0,0,0,0,0,2009,UNK,juvenile,MOO,0,no,no,yes,3.672245661,2,0,0,0,BO,NA,NA,6
625,0,0,0,0,0,0,0,0,0,PB,0,B,PO,0,0,0,0,0,0,0,0,0,0,0,0,0,0,0,0,2003,UNK,juvenile,SRB,0,no,no,yes,2.945461504,2,0,1,0.25,GG,0,0,4
6250,0,0,0,0,0,0,0,0,0,0,0,0,0,0,0,PB,PB,0,0,0,0,0,0,0,0,0,0,0,0,2009,UNK,juvenile,MOO,0,no,no,yes,3.672245661,2,0,0,0,BO,0,0,6
6255,0,0,0,0,0,0,0,0,0,0,0,0,0,0,0,PB,0,0,0,0,0,0,0,0,0,0,0,0,0,2009,UNK,juvenile,MQO,0,no,no,yes,0.161296177,1,1,1,0.25,GG,0,0,7
6260,0,0,0,0,0,0,0,0,0,0,0,0,0,0,0,PB,0,0,0,0,0,0,0,0,0,0,0,0,0,2009,UNK,juvenile,NAZ,0,no,no,yes,0.39188742,1,1,1,0,GG,0,0,8
6265,0,0,0,0,0,0,0,0,0,0,0,0,0,0,0,PB,PB,PB,0,0,0,0,0,0,0,0,0,0,0,2009,Female,juvenile,NAZ,0,no,no,yes,0.39188742,1,1,1,0,GG,1,1,8
6270,0,0,0,0,0,0,0,0,0,0,0,0,0,0,0,PB,PB,PB,PB,B,B,B,B,0,0,0,0,0,0,2009,Male,juvenile,NAZ,0,no,no,yes,0.39188742,1,1,1,0,GG,1,0,8
6275,0,0,0,0,0,0,0,0,0,0,0,0,0,0,0,PB,PB,PB,PB,PB,0,B,B,B,0,0,0,0,0,2009,Male,juvenile,NBS,1,no,no,yes,0.044941844,1,1,1,0,GG,1,1,8
6280,0,0,0,0,0,0,0,0,0,0,0,0,0,0,0,PB,PB,0,0,0,0,0,0,0,0,0,0,0,0,2009,UNK,juvenile,NBS,1,no,no,yes,0.044941844,1,1,1,0,GG,1,1,8
6285,0,0,0,0,0,0,0,0,0,0,0,0,0,0,0,PB,0,0,0,0,0,0,0,0,0,0,0,0,0,2009,UNK,juvenile,NBS,1,no,no,yes,0.044941844,1,1,1,0,GG,0,0,8
6290,0,0,0,0,0,0,0,0,0,0,0,0,0,0,0,PB,0,0,0,0,0,0,0,0,0,0,0,0,0,2009,UNK,juvenile,NIA,0,no,no,yes,1.074457819,1,1,1,0.0625,GG,0,0,2
6295,0,0,0,0,0,0,0,0,0,0,0,0,0,0,0,PB,0,0,0,0,0,0,0,0,0,0,0,PB,0,2009,UNK,juvenile,OLY,1,no,no,yes,0.084038717,1,1,1,0,GG,1,1,2
630,0,0,0,0,0,PB,PB,PB,0,PB,0,B,B,B,B,B,B,B,B,B,0,0,0,0,0,0,0,0,0,1999,Female,juvenile,PWA,0,no,no,yes,1.464141267,1,1,1,NA,GG,NA,NA,NA
6300,0,0,0,0,0,0,0,0,0,0,0,0,0,0,0,PB,0,0,0,0,0,0,0,0,0,0,0,0,0,2009,UNK,juvenile,OLY,1,no,no,yes,0.084038717,1,1,1,0,GG,1,1,2
6305,0,0,0,0,0,0,0,0,0,0,0,0,0,0,0,PB,PB,PB,B,B,0,0,0,0,0,0,0,0,0,2009,Female,juvenile,OLY,1,no,no,yes,0.084038717,1,1,1,0,GG,1,1,2
6310,0,0,0,0,0,0,0,0,0,0,0,0,0,0,0,PB,PB,0,0,0,0,0,0,0,0,0,0,0,0,2009,UNK,juvenile,PHO,0,no,no,yes,1.079327248,1,1,1,0,GG,0,0,5
6315,0,0,0,0,0,0,0,0,0,0,0,0,0,0,0,PB,PB,0,0,0,0,0,0,0,0,0,0,0,0,2009,Female,juvenile,QUA,0,no,no,yes,1.068978606,1,1,1,0,GG,1,1,7
6320,0,0,0,0,0,0,0,0,0,0,0,0,0,0,0,PB,0,0,PB,0,0,B,B,B,PO,B,B,0,B,2009,Female,juvenile,QUA,0,no,no,yes,1.068978606,1,1,1,0,GG,0,0,7
6325,0,0,0,0,0,0,0,0,0,0,0,0,0,0,0,PB,PB,PB,0,0,0,0,0,0,0,0,0,0,0,2009,Female,juvenile,QUA,0,no,no,yes,1.068978606,1,1,1,0,GG,0,0,7
6330,0,0,0,0,0,0,0,0,0,0,0,0,0,0,0,PB,PB,0,0,0,0,0,0,0,0,0,0,0,0,2009,UNK,juvenile,QUI,0,no,no,yes,0.713376379,1,1,1,0,GG,1,1,8
6335,0,0,0,0,0,0,0,0,0,0,0,0,0,0,0,PB,PB,B,B,B,B,B,B,B,B,B,B,PO,0,2009,Female,juvenile,QUI,0,no,no,yes,0.713376379,1,1,1,0,GG,NA,NA,8
6340,0,0,0,0,0,0,0,0,0,0,0,0,0,0,0,PB,0,PB,B,0,0,B,B,0,0,0,0,0,0,2009,Male,juvenile,RON,0,no,no,yes,1.456043944,1,1,1,0,BO,1,1,4
6345,0,0,0,0,0,0,0,0,0,0,0,0,0,0,0,PB,PB,B,B,B,B,0,B,B,PO,0,B,0,0,2009,Female,juvenile,RON,0,no,no,yes,1.456043944,1,1,1,0,BO,1,1,4
635,0,0,0,0,0,0,0,PB,0,PB,0,B,B,B,B,B,B,B,B,PO,B,B,B,B,B,B,B,B,0,2001,Female,juvenile,GDEWS,NA,no,no,no,NA,#N/A,NA,NA,0,NA,NA,NA,NA
6350,0,0,0,0,0,0,0,0,0,0,0,0,0,0,0,PB,0,0,0,0,0,0,0,0,0,0,0,0,0,2009,Female,juvenile,RON,0,no,no,yes,1.456043944,1,1,1,0,BO,0,0,4
6355,0,0,0,0,0,0,0,0,0,0,0,0,0,0,0,PB,PB,0,0,0,0,0,0,0,0,0,0,0,0,2009,UNK,juvenile,SAP,0,no,no,yes,1.610957558,1,1,1,0,GG,0,0,5
6360,0,0,0,0,0,0,0,0,0,0,0,0,0,0,0,PB,0,0,0,0,0,0,0,0,0,0,0,0,0,2009,UNK,juvenile,SLE,0,no,no,yes,1.349916214,1,1,1,0.25,GG,0,0,4
6365,0,0,0,0,0,0,0,0,0,0,0,0,0,0,0,PB,PB,0,0,0,0,0,0,0,0,0,0,0,0,2009,UNK,juvenile,SRB,0,no,no,yes,2.945461504,2,0,1,0.25,GG,0,0,10
6370,0,0,0,0,0,0,0,0,0,0,0,0,0,0,0,PB,PB,0,PB,0,0,B,0,0,0,0,0,0,0,2009,Male,juvenile,SQU,0,no,no,yes,3.019230646,2,0,0,0,BO,0,0,2
6375,0,0,0,0,0,0,0,0,0,0,0,0,0,0,0,PB,0,0,0,0,0,0,0,0,0,0,0,0,0,2009,UNK,juvenile,SQU,0,no,no,yes,3.019230646,2,0,0,0,BO,0,0,2
6380,0,0,0,0,0,0,0,0,0,0,0,0,0,0,0,PB,PB,0,0,0,0,0,0,0,0,0,0,0,0,2009,UNK,juvenile,STX,0,no,no,yes,1.931616027,1,1,1,0,BO,0,0,5
6385,0,0,0,0,0,0,0,0,0,0,0,0,0,0,0,PB,PB,B,B,B,B,B,B,B,B,0,0,0,0,2009,Female,juvenile,STX,0,no,no,yes,1.931616027,1,1,1,0,BO,0,0,5
6390,0,0,0,0,0,0,0,0,0,0,0,0,0,0,0,PB,0,0,0,0,0,0,0,0,0,0,0,0,0,2009,UNK,juvenile,STX,0,no,no,yes,1.931616027,1,1,1,0,BO,0,0,5
6395,0,0,0,0,0,0,0,0,0,0,0,0,0,0,0,PB,0,0,0,0,0,0,0,0,0,0,0,0,0,2009,UNK,juvenile,TAU,0,no,no,yes,0.412123285,1,1,1,0.125,GG,0,0,5
6400,0,0,0,0,0,0,0,0,0,0,0,0,0,0,0,PB,0,0,0,0,0,0,0,0,0,0,0,0,0,2009,UNK,juvenile,TAU,0,no,no,yes,0.412123285,1,1,1,0.125,GG,1,1,5
6410,0,0,0,0,0,0,0,0,0,0,0,0,0,0,0,PB,PB,B,B,B,B,0,0,0,0,0,0,0,0,2009,Male,juvenile,TRO,1,no,no,yes,0.042474,1,1,1,0,GG,1,1,9
6415,0,0,0,0,0,0,0,0,0,0,0,0,0,0,0,PB,0,0,0,0,0,0,0,0,0,0,0,0,0,2009,UNK,juvenile,TRO,1,no,no,yes,0.042474,1,1,1,0,GG,1,1,9
6420,0,0,0,0,0,0,0,0,0,0,0,0,0,0,0,PB,PB,PB,0,B,B,B,0,0,0,0,PO,0,0,2009,Male,juvenile,TRO,1,no,no,yes,0.042474,1,1,1,0,GG,1,0,9
6425,0,0,0,0,0,0,0,0,0,0,0,0,0,0,0,PB,PB,0,0,0,0,0,0,0,0,0,0,0,0,2009,Male,juvenile,TUT,0,no,no,yes,0.159228595,1,1,1,0.0625,GG,0,0,8
6430,0,0,0,0,0,0,0,0,0,0,0,0,0,0,0,PB,PB,0,0,0,0,0,0,0,0,0,0,0,0,2009,UNK,juvenile,TUT,0,no,no,yes,0.159228595,1,1,1,0.0625,GG,1,1,8
6435,0,0,0,0,0,0,0,0,0,0,0,0,0,0,0,PB,PB,0,0,0,B,B,B,0,0,0,PO,0,0,2009,Male,juvenile,TUT,0,no,no,yes,0.159228595,1,1,1,0.0625,GG,1,0,8
6440,0,0,0,0,0,0,0,0,0,0,0,0,0,0,0,PB,PB,0,0,0,0,0,0,0,0,0,0,0,0,2009,Male,juvenile,UEA,0,no,no,yes,2.859669641,2,0,1,0,GG,0,0,12
6445,0,0,0,0,0,0,0,0,0,0,0,0,0,0,0,PB,PB,0,0,B,0,B,0,0,0,0,0,0,0,2009,Male,juvenile,UEA,0,no,no,yes,2.859669641,2,0,1,0,GG,0,0,12
645,0,0,0,0,0,0,0,PB,0,PB,0,B,B,B,B,B,B,B,B,B,B,B,B,B,B,B,B,B,0,2001,Female,juvenile,NOW,0,no,no,no,2.298311335,2,0,1,NA,BO,NA,NA,NA
6450,0,0,0,0,0,0,0,0,0,0,0,0,0,0,0,PB,0,0,0,0,0,0,0,0,0,0,0,0,0,2009,UNK,juvenile,WAT,0,no,no,yes,3.690563635,2,0,0,0,BO,0,0,9
6455,0,0,0,0,0,0,0,0,0,0,0,0,0,0,0,PB,PB,0,0,0,0,0,0,0,0,0,0,0,0,2009,UNK,juvenile,WAT,0,no,no,yes,3.690563635,2,0,0,0,BO,0,0,9
6460,0,0,0,0,0,0,0,0,0,0,0,0,0,0,0,PB,0,PB,PB,0,B,B,B,B,B,PO,PO,0,0,2009,Male,juvenile,WEE,0,no,no,yes,1.18256435,1,1,1,0,GG,0,0,9
6465,0,0,0,0,0,0,0,0,0,0,0,0,0,0,0,PB,0,0,0,0,0,0,0,0,0,0,0,0,0,2009,UNK,juvenile,WEE,0,no,no,yes,1.18256435,1,1,1,0,GG,1,1,9
6470,0,0,0,0,0,0,0,0,0,0,0,0,0,0,0,PB,PB,0,0,0,0,0,0,0,0,0,0,0,0,2009,UNK,juvenile,WEE,0,no,no,yes,1.18256435,1,1,1,0,GG,0,0,9
6475,0,0,0,0,0,0,0,0,0,0,0,0,0,0,0,PB,0,0,0,0,0,0,0,0,0,0,0,0,0,2009,UNK,juvenile,WHA,0,no,no,yes,0.012678474,1,1,1,0,GG,0,0,11
6480,0,0,0,0,0,0,0,0,0,0,0,0,0,0,0,PB,0,0,0,0,0,0,0,0,0,0,0,0,0,2009,UNK,juvenile,WHA,0,no,no,yes,0.012678474,1,1,1,0,GG,0,0,11
6485,0,0,0,0,0,0,0,0,0,0,0,0,0,0,0,PB,0,0,0,0,0,0,0,0,0,0,0,0,0,2009,UNK,juvenile,WTW,0,no,no,yes,3.787888221,3,0,0,0,GG,0,0,5
6490,0,0,0,0,0,0,0,0,0,0,0,0,0,0,0,PB,PB,PB,B,B,B,B,B,0,0,0,0,0,0,2009,Male,juvenile,WTW,0,no,no,yes,3.787888221,3,0,0,0,GG,1,1,5
6495,0,0,0,0,0,0,0,0,0,0,0,0,0,0,0,PB,0,PB,PB,0,0,0,0,0,B,0,0,0,0,2009,Male,juvenile,WOO,0,no,no,yes,2.220009418,2,0,1,0.25,GG,0,0,7
650,0,0,0,0,0,0,0,0,0,PB,PB,B,B,B,B,B,B,B,B,B,B,B,B,B,B,B,B,PO,0,2003,Female,juvenile,FTS,0,no,no,yes,0.235687862,1,1,1,0,GG,0,0,6
6500,0,0,0,0,0,0,0,0,0,0,0,0,0,0,0,PB,PB,0,0,0,0,0,0,0,0,0,0,0,0,2009,UNK,juvenile,WOO,0,no,no,yes,2.220009418,2,0,1,0.25,GG,0,0,7
6505,0,0,0,0,0,0,0,0,0,0,0,0,0,0,0,PB,0,PB,0,B,0,0,0,0,0,0,0,0,0,2009,Male,juvenile,WOO,0,no,no,yes,2.220009418,2,0,1,0.25,GG,0,0,7
6530,0,0,0,0,0,0,0,0,0,0,0,0,0,0,0,PB,PB,PB,0,0,0,0,0,0,0,0,0,0,0,2009,Female,juvenile,HSP,0,no,no,yes,3.519636844,2,0,0,0,GG,0,0,10
6535,0,0,0,0,0,0,0,0,0,0,0,0,0,0,0,0,PB,0,0,0,0,0,0,0,0,0,0,0,0,2010,Male,juvenile,AAR,0,no,no,yes,2.144788508,2,0,1,0.0625,BO,0,0,7
6540,0,0,0,0,0,0,0,0,0,0,0,0,0,0,0,0,PB,PB,0,0,B,B,B,B,0,0,0,B,0,2010,Male,juvenile,AAR,0,no,no,yes,2.144788508,2,0,1,0.0625,BO,0,0,7
6545,0,0,0,0,0,0,0,0,0,0,0,0,0,0,0,0,PB,0,0,0,0,0,0,0,0,0,0,0,0,2010,UNK,juvenile,ATL,0,no,no,yes,0.290401009,1,1,1,0,GG,1,1,6
6555,0,0,0,0,0,0,0,0,0,0,0,0,0,0,0,0,PB,PB,PB,B,B,0,0,0,0,0,0,0,0,2010,Female,juvenile,BEE,0,no,no,yes,0.169170504,1,1,1,0,GG,1,1,8
656,0,0,0,0,0,0,0,0,PB,0,0,B,B,B,B,B,B,B,0,B,B,0,0,0,0,0,0,0,0,2002,Male,juvenile,BEV,0,no,no,yes,1.272783044,1,1,1,0,GG,NA,NA,3
6560,0,0,0,0,0,0,0,0,0,0,0,0,0,0,0,0,PB,0,B,B,B,B,B,B,B,B,B,PO,0,2010,Male,juvenile,BEE,0,no,no,yes,0.169170504,1,1,1,0,GG,1,1,8
6565,0,0,0,0,0,0,0,0,0,0,0,0,0,0,0,0,PB,0,0,0,0,0,0,0,0,0,0,0,0,2010,UNK,juvenile,BEE,0,no,no,yes,0.169170504,1,1,1,0,GG,0,0,8
6570,0,0,0,0,0,0,0,0,0,0,0,0,0,0,0,0,PB,0,0,0,0,0,0,0,0,0,0,0,0,2010,UNK,juvenile,BNW,0,no,no,yes,0.879565998,1,1,1,0,GG,1,1,11
6575,0,0,0,0,0,0,0,0,0,0,0,0,0,0,0,0,PB,0,0,0,0,0,0,0,0,0,0,0,0,2010,UNK,juvenile,BNW,0,no,no,yes,0.879565998,1,1,1,0,GG,0,0,11
6580,0,0,0,0,0,0,0,0,0,0,0,0,0,0,0,0,PB,0,0,0,0,0,0,0,0,0,0,0,0,2010,UNK,juvenile,BNW,0,no,no,yes,0.879565998,1,1,1,0,GG,1,1,11
6585,0,0,0,0,0,0,0,0,0,0,0,0,0,0,0,0,PB,PB,0,0,0,0,0,0,0,0,0,0,0,2010,UNK,juvenile,CLB,0,no,no,yes,0.191565712,1,1,1,0.015625,GG,1,NA,4
6590,0,0,0,0,0,0,0,0,0,0,0,0,0,0,0,0,PB,0,0,0,0,0,0,0,0,0,0,0,0,2010,UNK,juvenile,CLB,0,no,no,yes,0.191565712,1,1,1,0.015625,GG,0,0,4
6595,0,0,0,0,0,0,0,0,0,0,0,0,0,0,0,0,PB,0,0,0,0,0,0,0,0,0,0,0,0,2010,UNK,juvenile,COC,0,no,no,yes,0.477454083,1,1,1,0,GG,1,1,4
6600,0,0,0,0,0,0,0,0,0,0,0,0,0,0,0,0,PB,PB,0,PB,PB,PB,B,B,PO,0,PO,PO,PO,2010,Male,juvenile,COC,0,no,no,yes,0.477454083,1,1,1,0,GG,1,0,4
6605,0,0,0,0,0,0,0,0,0,0,0,0,0,0,0,0,PB,0,0,0,0,0,0,0,0,0,0,0,0,2010,Female,juvenile,GME,1,no,no,yes,0.050813928,1,1,1,0,GG,1,0,4
6610,0,0,0,0,0,0,0,0,0,0,0,0,0,0,0,0,PB,PB,PB,0,0,0,0,0,0,0,0,0,0,2010,Male,juvenile,GME,1,no,no,yes,0.050813928,1,1,1,0,GG,1,1,4
6615,0,0,0,0,0,0,0,0,0,0,0,0,0,0,0,0,PB,0,0,0,0,0,0,0,0,0,0,0,0,2010,UNK,juvenile,GME,1,no,no,yes,0.050813928,1,1,1,0,GG,1,1,4
6620,0,0,0,0,0,0,0,0,0,0,0,0,0,0,0,0,PB,PB,0,0,0,PB,0,0,0,0,0,0,0,2010,Female,juvenile,GON,0,no,no,yes,2.615733511,2,0,1,0,BO,1,0,3
6625,0,0,0,0,0,0,0,0,0,0,0,0,0,0,0,0,PB,PB,0,0,0,0,0,0,0,0,0,0,0,2010,UNK,juvenile,GON,0,no,no,yes,2.615733511,2,0,1,0,BO,0,0,3
6630,0,0,0,0,0,0,0,0,0,0,0,0,0,0,0,0,PB,PB,0,0,0,0,0,0,0,0,0,0,0,2010,Female,juvenile,GON,0,no,no,yes,2.615733511,2,0,1,0,BO,1,1,3
6635,0,0,0,0,0,0,0,0,0,0,0,0,0,0,0,0,PB,0,0,0,0,0,0,0,0,0,0,0,0,2010,UNK,juvenile,HIP,0,no,no,yes,3.747977041,3,0,0,0,BO,0,0,7
6645,0,0,0,0,0,0,0,0,0,0,0,0,0,0,0,0,PB,0,B,0,0,0,0,0,0,0,0,0,0,2010,Male,juvenile,IND,0,no,no,yes,1.495475977,1,1,1,0,GG,0,0,6
665,0,0,0,0,0,0,0,PB,0,PB,PB,B,PO,B,0,0,PO,0,0,0,0,0,0,0,0,0,0,0,0,2001,Female,juvenile,PWA,0,no,no,yes,1.464141267,1,1,1,NA,GG,NA,NA,NA
6650,0,0,0,0,0,0,0,0,0,0,0,0,0,0,0,0,PB,0,0,0,0,0,0,0,0,0,0,0,0,2010,UNK,juvenile,JAS,0,no,no,yes,0.09697577,1,1,1,0,GG,1,1,7
6655,0,0,0,0,0,0,0,0,0,0,0,0,0,0,0,0,PB,PB,PB,PB,B,B,B,B,B,B,B,B,B,2010,Female,juvenile,JAS,0,no,no,yes,0.09697577,1,1,1,0,GG,1,1,7
6660,0,0,0,0,0,0,0,0,0,0,0,0,0,0,0,0,PB,PB,PB,B,B,PO,B,B,B,B,B,B,B,2010,Male,juvenile,JAS,0,no,no,yes,0.09697577,1,1,1,0,GG,0,0,7
6665,0,0,0,0,0,0,0,0,0,0,0,0,0,0,0,0,PB,0,0,0,0,0,0,0,0,0,0,0,0,2010,UNK,juvenile,KIO,0,no,no,yes,1.334940322,1,1,1,0.03125,GG,0,0,4
6670,0,0,0,0,0,0,0,0,0,0,0,0,0,0,0,0,PB,PB,PB,0,0,0,0,0,PB,0,0,0,0,2010,Male,juvenile,KIO,0,no,no,yes,1.334940322,1,1,1,0.03125,GG,0,0,4
6685,0,0,0,0,0,0,0,0,0,0,0,0,0,0,0,0,PB,0,0,0,0,0,0,0,0,0,0,0,0,2010,UNK,juvenile,LOC,0,no,no,yes,0.623713981,1,1,1,0,GG,1,1,8
6690,0,0,0,0,0,0,0,0,0,0,0,0,0,0,0,0,PB,0,0,0,0,0,0,0,0,0,0,0,0,2010,UNK,juvenile,LOC,0,no,no,yes,0.623713981,1,1,1,0,GG,1,0,8
6695,0,0,0,0,0,0,0,0,0,0,0,0,0,0,0,0,PB,PB,PB,0,B,B,B,0,0,0,0,0,0,2010,Female,juvenile,LOC,0,no,no,yes,0.623713981,1,1,1,0,GG,1,1,8
670,0,0,0,0,0,0,0,PB,0,0,PB,B,PO,B,0,PO,0,0,0,0,0,0,0,0,0,0,0,0,0,2001,Male,juvenile,BET,0,no,no,yes,2.572,2,0,1,NA,GG,NA,NA,NA
6705,0,0,0,0,0,0,0,0,0,0,0,0,0,0,0,0,PB,0,0,0,0,0,0,0,0,0,0,0,0,2010,UNK,juvenile,MFA,1,no,no,yes,0.405493656,1,1,1,0,GG,1,1,4
6710,0,0,0,0,0,0,0,0,0,0,0,0,0,0,0,0,PB,PB,PB,B,0,0,B,0,0,0,0,0,0,2010,Male,juvenile,MID,0,no,no,yes,3.747665382,3,0,0,0.03125,BO,0,0,4
6715,0,0,0,0,0,0,0,0,0,0,0,0,0,0,0,0,PB,PB,B,B,0,B,B,B,0,B,B,B,B,2010,Female,juvenile,MID,0,no,no,yes,3.747665382,3,0,0,0.03125,BO,0,0,4
6720,0,0,0,0,0,0,0,0,0,0,0,0,0,0,0,0,PB,0,0,0,0,0,0,0,0,0,0,0,0,2010,UNK,juvenile,MNT,1,no,no,yes,0.349071666,1,1,1,0,GG,1,1,6
6725,0,0,0,0,0,0,0,0,0,0,0,0,0,0,0,0,PB,PB,0,0,0,0,0,0,0,0,0,0,0,2010,UNK,juvenile,MNT,1,no,no,yes,0.349071666,1,1,1,0,GG,1,0,6
6730,0,0,0,0,0,0,0,0,0,0,0,0,0,0,0,0,PB,0,B,B,B,B,B,B,PO,0,0,0,0,2010,Female,juvenile,MNT,1,no,no,yes,0.349071666,1,1,1,0,GG,0,0,6
6735,0,0,0,0,0,0,0,0,0,0,0,0,0,0,0,0,PB,0,0,0,0,PB,B,0,B,0,0,0,0,2010,Female,juvenile,NBS,1,no,no,yes,0.044941844,1,1,1,0,GG,0,0,9
6740,0,0,0,0,0,0,0,0,0,0,0,0,0,0,0,0,PB,0,0,0,0,0,0,0,0,0,0,0,0,2010,UNK,juvenile,NBS,1,no,no,yes,0.044941844,1,1,1,0,GG,NA,NA,9
6745,0,0,0,0,0,0,0,0,0,0,0,0,0,0,0,0,PB,0,0,0,0,0,0,0,0,0,0,0,0,2010,UNK,juvenile,NBS,1,no,no,yes,0.044941844,1,1,1,0,GG,NA,NA,9
675,0,0,0,0,0,0,0,0,0,PB,PB,B,B,PO,0,0,0,0,0,0,0,0,0,0,0,0,0,0,0,2003,Female,juvenile,BER,0,no,no,no,0.118585884,1,1,1,0.25,GG,NA,NA,4
6750,0,0,0,0,0,0,0,0,0,0,0,0,0,0,0,0,PB,PB,PB,0,0,0,0,0,0,0,0,0,0,2010,UNK,juvenile,NIA,0,no,no,yes,1.074457819,1,1,1,0,GG,1,1,3
6755,0,0,0,0,0,0,0,0,0,0,0,0,0,0,0,0,PB,0,0,0,B,B,B,B,B,B,0,PO,0,2010,Male,juvenile,NIA,0,no,no,yes,1.074457819,1,1,1,0,GG,0,0,3
6760,0,0,0,0,0,0,0,0,0,0,0,0,0,0,0,0,PB,0,PB,0,B,B,PO,PO,0,0,0,0,0,2010,Male,juvenile,ORC,0,no,no,yes,1.695116243,1,1,1,0.09375,GG,0,0,2
6765,0,0,0,0,0,0,0,0,0,0,0,0,0,0,0,0,PB,0,0,0,0,0,0,0,0,0,0,0,0,2010,UNK,juvenile,PAR,0,no,no,yes,2.011722582,2,0,1,0,BO,1,1,4
6770,0,0,0,0,0,0,0,0,0,0,0,0,0,0,0,0,PB,0,0,0,0,0,0,0,0,0,0,0,0,2010,UNK,juvenile,PHI,0,no,no,yes,0.538972658,1,1,1,0,GG,0,0,5
6775,0,0,0,0,0,0,0,0,0,0,0,0,0,0,0,0,PB,0,0,0,0,0,PB,0,0,0,0,0,0,2010,UNK,juvenile,PHI,0,no,no,yes,0.538972658,1,1,1,0,GG,0,0,5
6780,0,0,0,0,0,0,0,0,0,0,0,0,0,0,0,0,PB,0,0,0,0,0,0,0,0,0,0,0,0,2010,UNK,juvenile,PHI,0,no,no,yes,0.538972658,1,1,1,0,GG,1,0,5
6795,0,0,0,0,0,0,0,0,0,0,0,0,0,0,0,0,PB,0,0,0,0,0,0,0,0,0,0,0,0,2010,UNK,juvenile,QUA,0,no,no,yes,1.068978606,1,1,1,0,GG,0,0,8
680,0,0,0,0,0,0,0,0,0,PB,PB,B,B,B,B,B,B,B,B,B,B,B,B,B,B,B,B,B,0,2003,Female,juvenile,TRO,1,no,no,yes,0.042474,1,1,1,0,GG,NA,NA,3
6800,0,0,0,0,0,0,0,0,0,0,0,0,0,0,0,0,PB,0,0,0,0,0,0,0,0,0,0,0,0,2010,UNK,juvenile,QUI,0,no,no,yes,0.713376379,1,1,1,0,GG,0,0,9
6805,0,0,0,0,0,0,0,0,0,0,0,0,0,0,0,0,PB,0,0,0,0,0,0,0,0,0,0,0,0,2010,UNK,juvenile,QUI,0,no,no,yes,0.713376379,1,1,1,0,GG,1,0,9
6810,0,0,0,0,0,0,0,0,0,0,0,0,0,0,0,0,PB,0,0,0,0,0,0,0,0,0,0,0,0,2010,UNK,juvenile,QUI,0,no,no,yes,0.713376379,1,1,1,0,GG,0,0,9
6815,0,0,0,0,0,0,0,0,0,0,0,0,0,0,0,0,PB,0,0,0,0,0,0,0,0,0,0,0,0,2010,UNK,juvenile,RED,1,no,no,yes,0.440463006,1,1,1,0.015625,GG,1,0,6
6820,0,0,0,0,0,0,0,0,0,0,0,0,0,0,0,0,PB,PB,PB,0,0,PB,0,0,0,B,0,0,0,2010,Male,juvenile,RON,0,no,no,yes,1.456043944,1,1,1,0,BO,1,1,5
6825,0,0,0,0,0,0,0,0,0,0,0,0,0,0,0,0,PB,0,0,0,0,0,0,0,0,0,0,0,0,2010,UNK,juvenile,SLE,0,no,no,yes,1.349916214,1,1,1,0.25,GG,0,0,5
6830,0,0,0,0,0,0,0,0,0,0,0,0,0,0,0,0,PB,0,0,0,0,0,0,0,0,0,0,0,0,2010,UNK,juvenile,SLE,0,no,no,yes,1.349916214,1,1,1,0.25,GG,0,0,5
6835,0,0,0,0,0,0,0,0,0,0,0,0,0,0,0,0,PB,0,PB,PB,0,PB,PB,0,0,0,0,0,0,2010,Male,juvenile,STX,0,no,no,yes,1.931616027,1,1,1,0,BO,1,1,6
6840,0,0,0,0,0,0,0,0,0,0,0,0,0,0,0,0,PB,0,0,0,0,0,0,0,0,0,0,0,0,2010,UNK,juvenile,STX,0,no,no,yes,1.931616027,1,1,1,0,BO,NA,NA,6
6845,0,0,0,0,0,0,0,0,0,0,0,0,0,0,0,0,PB,0,0,0,0,0,0,0,0,0,0,0,0,2010,UNK,juvenile,STX,0,no,no,yes,1.931616027,1,1,1,0,BO,NA,NA,6
685,0,0,0,0,0,0,0,0,0,PB,0,B,B,B,B,B,B,B,B,B,B,B,B,B,B,0,0,0,0,2003,Female,juvenile,BER,0,no,no,yes,0.118585884,1,1,1,0.25,GG,0,0,4
6850,0,0,0,0,0,0,0,0,0,0,0,0,0,0,0,0,PB,0,PB,0,0,B,0,B,0,0,PO,0,0,2010,Male,juvenile,STX,0,no,no,yes,1.931616027,1,1,1,0,BO,1,1,6
6855,0,0,0,0,0,0,0,0,0,0,0,0,0,0,0,0,PB,0,0,0,0,0,0,0,0,0,0,0,0,2010,UNK,juvenile,SUZ,1,no,no,yes,0.045266475,1,1,1,0,GG,1,1,3
6860,0,0,0,0,0,0,0,0,0,0,0,0,0,0,0,0,PB,0,0,0,0,0,0,0,0,0,0,0,0,2010,UNK,juvenile,SUZ,1,no,no,yes,0.045266475,1,1,1,0,GG,1,1,3
6865,0,0,0,0,0,0,0,0,0,0,0,0,0,0,0,0,PB,PB,0,0,0,PB,0,0,0,PB,0,0,0,2010,Female,juvenile,TAU,0,no,no,yes,0.412123285,1,1,1,0.125,GG,1,0,6
6870,0,0,0,0,0,0,0,0,0,0,0,0,0,0,0,0,PB,PB,B,B,B,B,B,B,PO,B,B,B,0,2010,Male,juvenile,TAU,0,no,no,yes,0.412123285,1,1,1,0.125,GG,0,0,6
6880,0,0,0,0,0,0,0,0,0,0,0,0,0,0,0,0,PB,PB,0,0,0,0,0,0,0,0,0,0,0,2010,UNK,juvenile,TEX,0,no,no,yes,0.856844925,1,1,1,0,BO,1,0,7
6890,0,0,0,0,0,0,0,0,0,0,0,0,0,0,0,0,PB,0,0,0,0,0,0,0,0,0,0,0,0,2010,UNK,juvenile,TRO,1,no,no,yes,0.042474,1,1,1,0,GG,1,1,10
6895,0,0,0,0,0,0,0,0,0,0,0,0,0,0,0,0,PB,0,PB,0,0,0,0,0,0,0,0,0,0,2010,UNK,juvenile,TRO,1,no,no,yes,0.042474,1,1,1,0,GG,1,1,10
6900,0,0,0,0,0,0,0,0,0,0,0,0,0,0,0,0,PB,0,0,0,0,0,0,0,0,0,0,0,0,2010,UNK,juvenile,TWO,0,no,no,yes,1.687314122,1,1,1,0,GG,1,1,9
6905,0,0,0,0,0,0,0,0,0,0,0,0,0,0,0,0,PB,0,0,0,0,0,0,0,0,0,0,0,0,2010,UNK,juvenile,WAT,0,no,no,yes,3.690563635,2,0,0,0,BO,1,1,10
6910,0,0,0,0,0,0,0,0,0,0,0,0,0,0,0,0,PB,PB,0,0,0,B,B,B,0,0,B,PO,0,2010,Female,juvenile,WEE,0,no,no,yes,1.18256435,1,1,1,0,GG,0,0,10
6915,0,0,0,0,0,0,0,0,0,0,0,0,0,0,0,0,PB,PB,PB,0,0,PB,0,0,0,0,0,0,0,2010,Male,juvenile,WEE,0,no,no,yes,1.18256435,1,1,1,0,GG,0,0,10
6920,0,0,0,0,0,0,0,0,0,0,0,0,0,0,0,0,PB,0,0,0,0,0,0,0,0,0,0,0,0,2010,UNK,juvenile,WHA,0,no,no,yes,0.012678474,1,1,1,0,GG,1,1,12
6925,0,0,0,0,0,0,0,0,0,0,0,0,0,0,0,0,PB,PB,0,PB,B,B,B,B,B,B,B,B,B,2010,Male,juvenile,WHA,0,no,no,yes,0.012678474,1,1,1,0,GG,1,0,12
6930,0,0,0,0,0,0,0,0,0,0,0,0,0,0,0,0,PB,PB,PB,PB,0,0,0,0,0,0,0,0,0,2010,Male,juvenile,WHA,0,no,no,yes,0.012678474,1,1,1,0,GG,1,1,12
6935,0,0,0,0,0,0,0,0,0,0,0,0,0,0,0,0,PB,0,0,B,B,B,B,B,B,B,B,PO,0,2010,Female,juvenile,SQU,0,no,no,yes,3.019230646,2,0,0,0,BO,0,0,3
6940,0,0,0,0,0,0,0,0,0,0,0,0,0,0,0,0,PB,PB,B,B,B,B,B,B,B,B,B,0,B,2010,Female,juvenile,UEA,0,no,no,yes,2.859669641,2,0,1,0,GG,0,0,13
6945,0,0,0,0,0,0,0,0,0,0,0,0,0,0,0,0,PB,0,0,0,0,0,0,0,0,0,0,0,0,2010,UNK,juvenile,UEA,0,no,no,yes,2.859669641,2,0,1,0,GG,1,1,13
695,0,0,0,0,0,0,0,0,0,PB,0,B,B,B,B,B,B,B,B,B,B,B,B,B,0,0,0,PO,0,2003,Female,juvenile,BER,0,no,no,no,0.118585884,1,1,1,0.25,GG,NA,NA,4
6950,0,0,0,0,0,0,0,0,0,0,0,0,0,0,0,0,PB,PB,PB,PB,B,B,B,B,0,0,0,0,0,2010,Male,juvenile,BIN,0,no,no,yes,1.021107783,1,1,1,0,GG,1,1,NA
6955,0,0,0,0,0,0,0,0,0,0,0,0,0,0,0,0,PB,0,0,0,0,0,0,0,0,0,0,0,0,2010,UNK,juvenile,BIN,0,no,no,yes,1.021107783,1,1,1,0,GG,1,0,NA
6960,0,0,0,0,0,0,0,0,0,0,0,0,0,0,0,0,PB,0,0,0,0,0,0,0,0,0,0,0,0,2010,UNK,juvenile,PHO,0,no,no,yes,1.079327248,1,1,1,0,GG,0,0,6
6965,0,0,0,0,0,0,0,0,0,0,0,0,0,0,0,0,PB,0,PB,0,0,0,B,B,0,0,0,0,0,2010,Male,juvenile,PHO,0,no,no,yes,1.079327248,1,1,1,0,GG,1,1,6
6970,0,0,0,0,0,0,0,0,0,0,0,0,0,0,0,0,PB,PB,PB,0,0,B,B,B,B,B,B,B,B,2010,Male,juvenile,LOR,0,no,no,yes,0.10187244,1,1,1,0.015625,GG,0,0,6
6975,0,0,0,0,0,0,0,0,0,0,0,0,0,0,0,0,PB,0,0,0,0,0,0,0,0,0,0,0,0,2010,UNK,juvenile,LOR,0,no,no,yes,0.10187244,1,1,1,0.015625,GG,0,0,6
6980,0,0,0,0,0,0,0,0,0,0,0,0,0,0,0,0,PB,PB,0,0,0,0,0,0,0,0,0,0,0,2010,UNK,juvenile,LOR,0,no,no,yes,0.10187244,1,1,1,0.015625,GG,1,0,6
6995,0,0,0,0,0,0,0,0,0,0,0,0,0,0,0,0,PB,0,0,0,0,0,0,0,0,0,0,0,0,2010,UNK,juvenile,HEN,0,no,no,yes,0.641990806,1,1,1,0,GG,0,0,NA
700,0,0,0,0,0,0,0,0,0,PB,0,B,B,B,B,B,B,B,B,B,B,B,B,B,0,0,0,0,0,2003,Male,juvenile,MAR,0,no,no,no,0.289798453,1,1,1,0.0625,GG,NA,NA,2
7000,0,0,0,0,0,0,0,0,0,0,0,0,0,0,0,0,PB,0,0,0,0,0,0,0,0,0,0,0,0,2010,UNK,juvenile,HZN,0,no,no,yes,0.13292568,1,1,1,0,GG,1,0,7
7005,0,0,0,0,0,0,0,0,0,0,0,0,0,0,0,0,PB,0,0,PB,0,0,0,0,0,0,0,0,0,2010,UNK,juvenile,HZN,0,no,no,yes,0.13292568,1,1,1,0,GG,0,0,7
7010,0,0,0,0,0,0,0,0,0,0,0,0,0,0,0,0,PB,0,0,0,0,0,0,0,0,0,0,0,0,2010,UNK,juvenile,HZN,0,no,no,yes,0.13292568,1,1,1,0,GG,1,0,7
7015,0,0,0,0,0,0,0,0,0,0,0,0,0,0,0,0,PB,0,0,0,0,0,0,0,0,0,0,0,0,2010,UNK,juvenile,HZN,0,no,no,yes,0.13292568,1,1,1,0,GG,0,0,7
7020,0,0,0,0,0,0,0,0,0,0,0,0,0,0,0,0,PB,PB,PB,0,0,0,0,0,0,0,0,0,0,2010,Male,juvenile,LEG,0,no,no,yes,1.017734063,1,1,1,0,BO,0,0,4
7025,0,0,0,0,0,0,0,0,0,0,0,0,0,0,0,0,PB,PB,0,0,0,0,0,0,0,B,0,0,0,2010,Male,juvenile,LEG,0,no,no,yes,1.017734063,1,1,1,0,BO,1,1,4
7030,0,0,0,0,0,0,0,0,0,0,0,0,0,0,0,0,PB,PB,0,0,0,0,0,0,0,0,0,0,0,2010,UNK,juvenile,MOL,0,no,no,yes,1.841449966,1,1,1,0.0625,BO,0,0,7
7035,0,0,0,0,0,0,0,0,0,0,0,0,0,0,0,0,PB,0,PB,0,B,0,PO,B,PO,B,0,0,0,2010,Male,juvenile,MOL,0,no,no,yes,1.841449966,1,1,1,0.0625,BO,1,0,7
7040,0,0,0,0,0,0,0,0,0,0,0,0,0,0,0,0,PB,PB,0,0,0,0,0,0,0,0,0,0,0,2010,UNK,juvenile,MOS,0,no,no,yes,1.327013703,1,1,1,0,BO,0,0,8
7045,0,0,0,0,0,0,0,0,0,0,0,0,0,0,0,0,PB,PB,0,0,0,0,0,0,0,0,0,0,0,2010,UNK,juvenile,MOS,0,no,no,yes,1.327013703,1,1,1,0,BO,0,0,8
7050,0,0,0,0,0,0,0,0,0,0,0,0,0,0,0,0,PB,0,0,0,0,0,0,0,0,B,B,B,0,2010,Male,juvenile,MOS,0,no,no,yes,1.327013703,1,1,1,0,BO,0,0,8
7055,0,0,0,0,0,0,0,0,0,0,0,0,0,0,0,0,PB,PB,0,0,0,0,0,0,0,0,0,0,0,2010,Male,juvenile,MQO,0,no,no,yes,0.161296177,1,1,1,0.25,GG,1,1,8
7060,0,0,0,0,0,0,0,0,0,0,0,0,0,0,0,0,PB,PB,PB,PB,PB,0,0,0,0,0,0,0,0,2010,Female,juvenile,MQO,0,no,no,yes,0.161296177,1,1,1,0.25,GG,1,0,8
7065,0,0,0,0,0,0,0,0,0,0,0,0,0,0,0,0,PB,0,0,B,B,B,B,B,B,B,0,0,0,2010,Female,juvenile,WOO,0,no,no,yes,2.220009418,2,0,1,0,GG,0,0,5
7070,0,0,0,0,0,0,0,0,0,0,0,0,0,0,0,0,PB,0,0,0,0,0,0,0,0,0,0,0,0,2010,UNK,juvenile,MET,0,no,no,yes,1.093273253,1,1,1,0,GG,0,0,6
7075,0,0,0,0,0,0,0,0,0,0,0,0,0,0,0,0,PB,0,0,0,0,0,0,0,0,0,0,0,0,2010,UNK,juvenile,MET,0,no,no,yes,1.093273253,1,1,1,0,GG,1,1,6
7080,0,0,0,0,0,0,0,0,0,0,0,0,0,0,0,0,PB,0,0,0,0,0,0,0,0,0,0,0,0,2010,UNK,juvenile,MET,0,no,no,yes,1.093273253,1,1,1,0,GG,1,1,6
7085,0,0,0,0,0,0,0,0,0,0,0,0,0,0,0,0,PB,PB,0,0,B,B,B,B,B,B,B,B,0,2010,Male,juvenile,MAR,0,no,no,yes,0.289798453,1,1,1,0,GG,0,0,9
7090,0,0,0,0,0,0,0,0,0,0,0,0,0,0,0,0,PB,PB,0,0,0,0,0,0,0,0,0,0,0,2010,UNK,juvenile,MAR,0,no,no,yes,0.289798453,1,1,1,0,GG,1,1,9
7095,0,0,0,0,0,0,0,0,0,0,0,0,0,0,0,0,PB,0,0,0,0,0,0,0,0,0,0,0,0,2010,UNK,juvenile,MAR,0,no,no,yes,0.289798453,1,1,1,0,GG,1,1,9
710,0,0,0,0,0,0,0,0,0,PB,0,0,B,B,B,B,B,B,B,B,B,B,B,B,B,B,B,B,B,2003,Male,juvenile,GDEWS,NA,no,no,no,NA,#N/A,NA,NA,0,NA,NA,NA,NA
7100,0,0,0,0,0,0,0,0,0,0,0,0,0,0,0,0,PB,0,0,0,0,0,0,0,0,0,0,0,0,2010,UNK,juvenile,FTS,0,no,no,yes,0.235687862,1,1,1,0.0625,GG,1,1,9
7105,0,0,0,0,0,0,0,0,0,0,0,0,0,0,0,0,PB,PB,0,0,0,0,0,0,0,0,0,0,0,2010,UNK,juvenile,FTS,0,no,no,yes,0.235687862,1,1,1,0.0625,GG,1,0,9
7110,0,0,0,0,0,0,0,0,0,0,0,0,0,0,0,0,PB,0,0,0,0,0,0,0,0,0,0,0,0,2010,UNK,juvenile,HSP,0,no,no,yes,3.519636844,2,0,0,0,GG,0,0,11
7115,0,0,0,0,0,0,0,0,0,0,0,0,0,0,0,0,PB,PB,0,0,0,0,0,0,0,0,0,0,0,2010,UNK,juvenile,BEV,0,no,no,yes,1.272783044,1,1,1,0.0078125,GG,0,0,3
7120,0,0,0,0,0,0,0,0,0,0,0,0,0,0,0,0,PB,0,PB,0,B,B,B,B,B,B,B,0,B,2010,Male,juvenile,BEV,0,no,no,yes,1.272783044,1,1,1,0.0078125,GG,1,0,3
7125,0,0,0,0,0,0,0,0,0,0,0,0,0,0,0,0,PB,0,PB,0,0,0,0,0,0,0,0,0,0,2010,Female,juvenile,CRY,0,no,no,yes,1.413797171,1,1,1,0.125,GG,1,1,11
7130,0,0,0,0,0,0,0,0,0,0,0,0,0,0,0,0,PB,0,0,0,0,0,0,0,0,0,0,0,0,2010,UNK,juvenile,CRY,0,no,no,yes,1.413797171,1,1,1,0.125,GG,0,0,11
7135,0,0,0,0,0,0,0,0,0,0,0,0,0,0,0,0,PB,0,0,0,0,0,0,0,0,0,0,0,0,2010,UNK,juvenile,PWA,0,no,no,yes,1.464141267,1,1,1,0,GG,0,0,8
7140,0,0,0,0,0,0,0,0,0,0,0,0,0,0,0,0,PB,0,0,0,0,0,0,0,0,0,0,0,0,2010,UNK,juvenile,PWA,0,no,no,yes,1.464141267,1,1,1,0,GG,1,1,8
7145,0,0,0,0,0,0,0,0,0,0,0,0,0,0,0,0,PB,PB,0,B,B,B,B,B,B,B,B,PO,B,2010,Male,juvenile,MKA,1,no,no,yes,0.143739904,1,1,1,0.015625,GG,1,1,6
715,0,0,0,0,0,0,0,0,0,0,PB,0,B,B,B,B,B,B,B,B,0,PO,0,0,0,0,0,0,0,2004,Female,juvenile,QUA,0,no,no,yes,1.068978606,1,1,1,0,GG,1,1,6
7150,0,0,0,0,0,0,0,0,0,0,0,0,0,0,0,0,PB,0,0,0,0,0,0,0,0,0,0,0,0,2010,UNK,juvenile,MKA,1,no,no,yes,0.143739904,1,1,1,0.015625,GG,0,0,6
7155,0,0,0,0,0,0,0,0,0,0,0,0,0,0,0,0,PB,0,0,0,0,0,0,0,0,0,0,0,0,2010,UNK,juvenile,BFO,0,no,no,yes,1.355933677,1,1,1,0,GG,0,0,7
7160,0,0,0,0,0,0,0,0,0,0,0,0,0,0,0,0,PB,0,0,0,0,0,0,0,0,0,0,0,0,2010,UNK,juvenile,BFO,0,no,no,yes,1.355933677,1,1,1,0,GG,1,1,7
7165,0,0,0,0,0,0,0,0,0,0,0,0,0,0,0,0,PB,0,0,0,0,0,0,0,0,0,0,0,0,2010,UNK,juvenile,WTW,0,no,no,yes,3.787888221,3,0,0,0,GG,1,1,6
7170,0,0,0,0,0,0,0,0,0,0,0,0,0,0,0,0,PB,PB,0,0,0,0,0,0,0,0,0,0,0,2010,Female,juvenile,SAP,0,no,no,yes,1.610957558,1,1,1,0,GG,0,0,4
7175,0,0,0,0,0,0,0,0,0,0,0,0,0,0,0,0,PB,0,0,0,0,0,0,0,0,0,0,0,0,2010,UNK,juvenile,SAP,0,no,no,yes,1.610957558,1,1,1,0,GG,1,1,4
7180,0,0,0,0,0,0,0,0,0,0,0,0,0,0,0,0,PB,PB,PB,B,B,B,B,B,B,0,0,0,0,2010,Female,juvenile,GLO,0,no,no,yes,3.499181983,2,0,0,0.09375,BO,1,0,1
7185,0,0,0,0,0,0,0,0,0,0,0,0,0,0,0,0,PB,0,0,0,0,B,0,0,0,0,0,0,0,2010,Male,juvenile,NAZ,0,no,no,yes,0.39188742,1,1,1,0,GG,1,1,2
7190,0,0,0,0,0,0,0,0,0,0,0,0,0,0,0,0,PB,0,PB,0,0,0,B,B,B,B,B,B,B,2010,Male,juvenile,NAZ,0,no,no,yes,0.39188742,1,1,1,0,GG,1,0,2
7195,0,0,0,0,0,0,0,0,0,0,0,0,0,0,0,PB,0,PB,B,B,B,B,B,B,B,B,B,B,B,2009,Female,juvenile,UNK,NA,no,no,yes,NA,#N/A,NA,NA,NA,BO,1,NA,NA
720,0,0,0,0,0,0,0,0,0,0,PB,0,B,B,B,B,B,B,B,B,B,B,B,B,B,B,B,B,B,2004,Female,juvenile,MAR,0,no,no,no,0.289798453,1,1,1,0,GG,1,NA,3
7200,0,0,0,0,0,0,0,0,0,0,0,0,0,0,0,0,PB,0,0,0,0,0,0,0,0,0,0,0,0,2010,UNK,juvenile,NOW,0,no,no,yes,2.298311335,2,0,1,0,BO,0,0,11
7205,0,0,0,0,0,0,0,0,0,0,0,0,0,0,0,0,PB,0,PB,0,0,0,0,0,0,0,0,0,0,2010,UNK,juvenile,NOW,0,no,no,yes,2.298311335,2,0,1,0,BO,0,0,11
7210,0,0,0,0,0,0,0,0,0,0,0,0,0,0,0,0,PB,PB,PB,0,0,0,0,0,0,0,0,0,0,2010,Male,juvenile,ONE,1,no,no,yes,0.450070765,1,1,1,0,GG,1,NA,8
7215,0,0,0,0,0,0,0,0,0,0,0,0,0,0,0,0,PB,0,0,0,0,B,B,B,0,0,0,0,0,2010,Male,juvenile,UNK,NA,no,no,yes,NA,#N/A,NA,NA,NA,GG,NA,NA,NA
7220,0,0,0,0,0,0,0,0,0,0,0,0,0,0,0,0,0,PB,0,0,B,B,B,B,B,B,B,B,B,2011,Female,juvenile,AAR,0,no,no,yes,2.144788508,2,0,1,0,BO,0,0,8
7225,0,0,0,0,0,0,0,0,0,0,0,0,0,0,0,0,0,PB,0,0,0,0,0,0,0,0,0,0,0,2011,Male,juvenile,AAR,0,no,no,yes,2.144788508,2,0,1,0,BO,0,0,8
7230,0,0,0,0,0,0,0,0,0,0,0,0,0,0,0,0,0,PB,PB,0,0,0,0,0,0,0,0,0,0,2011,UNK,juvenile,AAR,0,no,no,yes,2.144788508,2,0,1,0,BO,1,1,8
7235,0,0,0,0,0,0,0,0,0,0,0,0,0,0,0,0,0,PB,PB,B,B,B,0,0,0,0,0,0,0,2011,Female,juvenile,ALA,0,no,no,yes,0.856844925,1,1,1,0,BO,1,1,NA
7240,0,0,0,0,0,0,0,0,0,0,0,0,0,0,0,0,0,PB,0,PB,0,B,0,0,0,0,0,0,0,2011,Male,juvenile,ALA,0,no,no,yes,0.856844925,1,1,1,0,BO,1,1,NA
725,0,0,0,0,0,0,0,0,0,0,PB,PB,B,B,B,0,0,0,0,0,0,0,0,0,0,0,0,0,0,2004,Male,juvenile,TRO,1,no,no,yes,0.042474,1,1,1,0,GG,NA,NA,4
7255,0,0,0,0,0,0,0,0,0,0,0,0,0,0,0,0,0,PB,0,PB,0,0,0,0,0,0,0,0,0,2011,Female,juvenile,BEE,0,no,no,yes,0.169170504,1,1,1,0,GG,1,1,9
7260,0,0,0,0,0,0,0,0,0,0,0,0,0,0,0,0,0,PB,PB,0,PB,PB,0,0,PB,0,0,PB,0,2011,Female,juvenile,BEE,0,no,no,yes,0.169170504,1,1,1,0,GG,1,0,9
7265,0,0,0,0,0,0,0,0,0,0,0,0,0,0,0,0,0,PB,0,0,0,0,0,0,0,0,B,B,B,2011,Male,juvenile,BEE,0,no,no,yes,0.169170504,1,1,1,0,GG,0,0,9
7270,0,0,0,0,0,0,0,0,0,0,0,0,0,0,0,0,0,PB,0,0,0,0,0,0,0,0,0,0,0,2011,UNK,juvenile,BER,0,no,no,yes,0.118585884,1,1,1,0,GG,1,0,8
7275,0,0,0,0,0,0,0,0,0,0,0,0,0,0,0,0,0,PB,0,0,PB,0,0,0,0,0,0,0,0,2011,Male,juvenile,BER,0,no,no,yes,0.118585884,1,1,1,0,GG,1,0,8
7280,0,0,0,0,0,0,0,0,0,0,0,0,0,0,0,0,0,PB,PB,PB,0,B,B,B,B,B,B,B,B,2011,Female,juvenile,BER,0,no,no,yes,0.118585884,1,1,1,0,GG,1,0,8
7285,0,0,0,0,0,0,0,0,0,0,0,0,0,0,0,0,0,PB,PB,0,0,0,0,0,B,B,B,0,0,2011,Female,juvenile,BEV,0,no,no,yes,1.272783044,1,1,1,0.0078125,GG,1,1,4
7290,0,0,0,0,0,0,0,0,0,0,0,0,0,0,0,0,0,PB,PB,0,PB,PB,B,B,0,B,0,0,0,2011,Male,juvenile,BEV,0,no,no,yes,1.272783044,1,1,1,0.0078125,GG,1,0,4
730,0,0,0,0,0,0,0,0,0,PB,0,0,B,B,B,PO,B,B,B,B,B,0,0,0,0,0,0,0,0,2003,Female,juvenile,HMS,0,no,no,no,3.573593113,2,0,0,0,BO,NA,NA,3
7300,0,0,0,0,0,0,0,0,0,0,0,0,0,0,0,0,0,PB,0,0,0,0,0,0,0,0,0,0,0,2011,UNK,juvenile,BFO,0,no,no,yes,1.355933677,1,1,1,0,GG,0,0,8
7305,0,0,0,0,0,0,0,0,0,0,0,0,0,0,0,0,0,PB,0,0,0,0,0,0,0,0,0,0,0,2011,UNK,juvenile,BFO,0,no,no,yes,1.355933677,1,1,1,0,GG,1,1,8
7310,0,0,0,0,0,0,0,0,0,0,0,0,0,0,0,0,0,PB,0,0,0,0,0,0,0,0,0,0,0,2011,UNK,juvenile,BIN,0,no,no,yes,1.021107783,1,1,1,0,GG,0,0,NA
7315,0,0,0,0,0,0,0,0,0,0,0,0,0,0,0,0,0,PB,0,0,0,0,PB,0,0,PB,0,0,0,2011,Male,juvenile,BIN,0,no,no,yes,1.021107783,1,1,1,0,GG,0,0,NA
7325,0,0,0,0,0,0,0,0,0,0,0,0,0,0,0,0,0,PB,0,0,0,B,B,B,B,B,B,PO,0,2011,Male,juvenile,BNW,0,no,no,yes,0.879565998,1,1,1,0,GG,1,1,12
7330,0,0,0,0,0,0,0,0,0,0,0,0,0,0,0,0,0,PB,0,0,B,B,B,B,B,B,B,B,B,2011,Female,juvenile,BNW,0,no,no,yes,0.879565998,1,1,1,0,GG,0,0,12
7340,0,0,0,0,0,0,0,0,0,0,0,0,0,0,0,0,0,PB,0,0,0,0,0,0,0,0,0,B,0,2011,UNK,juvenile,BOB,0,no,no,yes,1.982154844,1,1,1,0.0625,BO,NA,NA,2
735,0,0,0,0,0,0,0,0,PB,PB,PB,0,B,B,B,PO,0,0,0,0,0,0,0,0,0,0,0,0,0,2002,Male,juvenile,GME,1,no,no,yes,0.050813928,1,1,1,NA,GG,NA,NA,NA
7355,0,0,0,0,0,0,0,0,0,0,0,0,0,0,0,0,0,PB,0,0,0,0,0,0,0,0,0,0,0,2011,UNK,juvenile,CAK,0,no,no,yes,0.894448517,1,1,1,0,GG,1,1,NA
7360,0,0,0,0,0,0,0,0,0,0,0,0,0,0,0,0,0,PB,0,0,0,0,0,0,0,0,0,0,0,2011,UNK,juvenile,CLB,0,no,no,yes,0.191565712,1,1,1,0.015625,GG,0,0,5
7365,0,0,0,0,0,0,0,0,0,0,0,0,0,0,0,0,0,PB,0,0,0,0,0,0,0,0,0,0,0,2011,UNK,juvenile,CLB,0,no,no,yes,0.191565712,1,1,1,0.015625,GG,1,1,5
7370,0,0,0,0,0,0,0,0,0,0,0,0,0,0,0,0,0,PB,0,0,0,B,B,B,B,B,0,0,0,2011,Male,juvenile,CLB,0,no,no,yes,0.191565712,1,1,1,0.015625,GG,0,0,5
7375,0,0,0,0,0,0,0,0,0,0,0,0,0,0,0,0,0,PB,PB,0,0,0,0,B,B,B,B,B,B,2011,Male,juvenile,COC,0,no,no,yes,0.477454083,1,1,1,0,GG,1,0,5
7380,0,0,0,0,0,0,0,0,0,0,0,0,0,0,0,0,0,PB,0,0,0,0,0,0,0,0,0,0,0,2011,Male,juvenile,COC,0,no,no,yes,0.477454083,1,1,1,0,GG,1,0,5
7385,0,0,0,0,0,0,0,0,0,0,0,0,0,0,0,0,0,PB,0,PB,0,0,0,0,0,B,0,0,0,2011,UNK,juvenile,COC,0,no,no,yes,0.477454083,1,1,1,0,GG,NA,NA,5
740,0,0,0,0,0,0,0,0,PB,0,PB,0,B,B,B,PO,B,B,B,B,0,B,0,0,0,0,0,0,0,2002,Male,juvenile,NOW,0,no,no,yes,2.298311335,2,0,1,NA,BO,NA,NA,NA
7405,0,0,0,0,0,0,0,0,0,0,0,0,0,0,0,0,0,PB,PB,0,0,B,B,B,0,0,0,0,0,2011,Male,juvenile,CUT,0,no,no,yes,2.565296255,2,0,1,0,GG,0,0,8
7435,0,0,0,0,0,0,0,0,0,0,0,0,0,0,0,0,0,PB,0,0,0,0,B,B,B,B,B,B,B,2011,Female,juvenile,GAL,0,no,no,yes,0.254924523,1,1,1,0,GG,1,1,8
7440,0,0,0,0,0,0,0,0,0,0,0,0,0,0,0,0,0,PB,PB,0,0,0,0,0,0,0,0,0,0,2011,Female,juvenile,GAL,0,no,no,yes,0.254924523,1,1,1,0,GG,0,0,8
7445,0,0,0,0,0,0,0,0,0,0,0,0,0,0,0,0,0,PB,0,0,0,0,0,0,0,B,B,B,B,2011,UNK,juvenile,GAL,0,no,no,yes,0.254924523,1,1,1,0,GG,0,0,8
745,0,0,0,0,0,0,0,0,0,PB,PB,PB,B,B,B,B,B,B,B,B,B,B,B,B,B,B,B,PO,PO,2003,Female,juvenile,MAR,0,no,no,no,0.289798453,1,1,1,0.0625,GG,NA,NA,2
7470,0,0,0,0,0,0,0,0,0,0,0,0,0,0,0,0,0,PB,PB,0,0,0,0,0,0,0,0,0,0,2011,UNK,juvenile,GME,1,no,no,yes,0.050813928,1,1,1,0,GG,0,0,5
7475,0,0,0,0,0,0,0,0,0,0,0,0,0,0,0,0,0,PB,0,0,0,B,B,B,B,B,B,B,0,2011,Female,juvenile,GME,1,no,no,yes,0.050813928,1,1,1,0,GG,0,0,5
7485,0,0,0,0,0,0,0,0,0,0,0,0,0,0,0,0,0,PB,0,PB,0,B,B,B,0,0,0,0,0,2011,Male,juvenile,GON,0,no,no,yes,2.615733511,2,0,1,0,BO,0,0,4
7490,0,0,0,0,0,0,0,0,0,0,0,0,0,0,0,0,0,PB,0,0,0,0,PB,0,0,0,0,0,0,2011,Male,juvenile,GON,0,no,no,yes,2.615733511,2,0,1,0,BO,0,0,4
7495,0,0,0,0,0,0,0,0,0,0,0,0,0,0,0,0,0,PB,0,PB,0,B,B,B,B,B,B,B,0,2011,Female,juvenile,GON,0,no,no,yes,2.615733511,2,0,1,0,BO,0,0,4
750,0,0,0,0,0,0,0,0,0,PB,PB,PB,B,B,B,PO,B,0,B,B,B,B,B,B,B,B,B,PO,0,2003,Female,juvenile,BEV,0,no,no,no,1.272783044,1,1,1,0,GG,NA,NA,4
7500,0,0,0,0,0,0,0,0,0,0,0,0,0,0,0,0,0,PB,0,0,0,PB,0,PB,0,0,0,0,0,2011,Male,juvenile,HEN,0,no,no,yes,0.641990806,1,1,1,0,GG,0,0,6
7505,0,0,0,0,0,0,0,0,0,0,0,0,0,0,0,0,0,PB,0,0,0,0,0,0,0,0,0,0,0,2011,UNK,juvenile,HEN,0,no,no,yes,0.641990806,1,1,1,0,GG,1,0,6
755,0,0,0,0,0,0,0,0,PB,PB,PB,PB,B,B,B,B,B,B,PO,B,B,B,B,0,0,0,0,0,0,2002,Male,juvenile,GDEWS,NA,no,no,no,NA,#N/A,NA,NA,0,NA,NA,NA,NA
7555,0,0,0,0,0,0,0,0,0,0,0,0,0,0,0,0,0,PB,0,0,0,0,0,0,0,0,PB,0,0,2011,Female,juvenile,HUN,0,no,no,yes,1.09757632,1,1,1,0,GG,0,0,NA
7560,0,0,0,0,0,0,0,0,0,0,0,0,0,0,0,0,0,PB,0,0,0,0,0,0,0,0,0,0,0,2011,UNK,juvenile,HUN,0,no,no,yes,1.09757632,1,1,1,0,GG,0,0,NA
7565,0,0,0,0,0,0,0,0,0,0,0,0,0,0,0,0,0,PB,PB,0,0,0,0,0,0,0,0,0,0,2011,UNK,juvenile,JAS,0,no,no,yes,0.09697577,1,1,1,0,GG,1,1,8
7575,0,0,0,0,0,0,0,0,0,0,0,0,0,0,0,0,0,PB,PB,0,0,0,PB,B,PO,0,PO,0,0,2011,Female,juvenile,JUR,0,no,no,yes,0.406108964,1,1,1,0.0625,GG,0,0,3
760,0,0,0,0,0,0,0,0,0,0,PB,0,B,B,B,B,B,B,B,B,B,B,B,B,B,B,0,0,0,2004,Female,juvenile,BEE,0,no,no,yes,0.169170504,1,1,1,0.0625,GG,NA,NA,2
7615,0,0,0,0,0,0,0,0,0,0,0,0,0,0,0,0,0,PB,0,PB,0,PB,0,0,0,0,0,0,0,2011,Male,juvenile,LIB,0,no,no,yes,1.875607299,1,1,1,0,GG,1,1,NA
7640,0,0,0,0,0,0,0,0,0,0,0,0,0,0,0,0,0,PB,PB,0,B,B,B,0,0,B,B,B,0,2011,Male,juvenile,LOC,0,no,no,yes,0.623713981,1,1,1,0,GG,1,1,9
7645,0,0,0,0,0,0,0,0,0,0,0,0,0,0,0,0,0,PB,0,0,0,0,0,0,0,0,0,0,0,2011,UNK,juvenile,LOC,0,no,no,yes,0.623713981,1,1,1,0,GG,0,0,9
7670,0,0,0,0,0,0,0,0,0,0,0,0,0,0,0,0,0,PB,0,0,0,0,0,0,0,0,0,0,0,2011,UNK,juvenile,LOR,0,no,no,yes,0.10187244,1,1,1,0.015625,GG,1,0,7
7675,0,0,0,0,0,0,0,0,0,0,0,0,0,0,0,0,0,PB,0,0,0,0,0,0,0,0,0,0,0,2011,UNK,juvenile,LOR,0,no,no,yes,0.10187244,1,1,1,0.015625,GG,1,1,7
7685,0,0,0,0,0,0,0,0,0,0,0,0,0,0,0,0,0,PB,PB,0,0,B,B,B,0,B,0,0,0,2011,Male,juvenile,LOS,0,no,no,yes,3.047162498,2,0,0,0,BO,0,0,8
7690,0,0,0,0,0,0,0,0,0,0,0,0,0,0,0,0,0,PB,PB,0,0,0,0,0,0,0,0,0,0,2011,Male,juvenile,LOS,0,no,no,yes,3.047162498,2,0,0,0,BO,NA,NA,8
770,0,0,0,0,0,0,0,0,0,PB,0,0,B,B,B,B,B,B,B,B,B,B,B,B,B,0,0,0,0,2003,Male,juvenile,BNW,0,no,no,yes,0.879565998,1,1,1,0,GG,NA,NA,4
7705,0,0,0,0,0,0,0,0,0,0,0,0,0,0,0,0,0,PB,0,0,0,0,0,0,0,0,0,0,0,2011,UNK,juvenile,MET,0,no,no,yes,1.093273253,1,1,1,0,GG,0,0,7
7710,0,0,0,0,0,0,0,0,0,0,0,0,0,0,0,0,0,PB,0,0,0,0,0,0,0,0,0,0,0,2011,UNK,juvenile,MET,0,no,no,yes,1.093273253,1,1,1,0,GG,NA,NA,7
7715,0,0,0,0,0,0,0,0,0,0,0,0,0,0,0,0,0,PB,0,0,0,0,0,0,0,0,0,0,0,2011,UNK,juvenile,MET,0,no,no,yes,1.093273253,1,1,1,0,GG,0,0,7
7720,0,0,0,0,0,0,0,0,0,0,0,0,0,0,0,0,0,PB,0,0,0,0,0,0,0,0,0,0,0,2011,UNK,juvenile,MFA,1,no,no,yes,0.405493656,1,1,1,0,GG,0,0,5
7735,0,0,0,0,0,0,0,0,0,0,0,0,0,0,0,0,0,PB,0,0,0,0,0,0,0,0,0,0,0,2011,UNK,juvenile,MKA,1,no,no,yes,0.143739904,1,1,1,0.015625,GG,1,1,7
7740,0,0,0,0,0,0,0,0,0,0,0,0,0,0,0,0,0,PB,0,0,0,0,0,0,0,0,0,0,0,2011,UNK,juvenile,MKA,1,no,no,yes,0.143739904,1,1,1,0.015625,GG,0,0,7
775,0,0,0,0,0,0,0,0,PB,0,0,PB,B,B,B,B,PO,B,B,B,0,B,0,0,0,0,0,0,0,2002,Male,juvenile,BEV,0,no,no,no,1.272783044,1,1,1,0,GG,NA,NA,3
7750,0,0,0,0,0,0,0,0,0,0,0,0,0,0,0,0,0,PB,0,PB,PB,B,B,B,B,B,B,0,0,2011,Male,juvenile,MNT,1,no,no,yes,0.349071666,1,1,1,0,GG,0,0,7
7755,0,0,0,0,0,0,0,0,0,0,0,0,0,0,0,0,0,PB,0,0,0,0,0,0,0,0,0,0,0,2011,UNK,juvenile,MNT,1,no,no,yes,0.349071666,1,1,1,0,GG,0,0,7
7760,0,0,0,0,0,0,0,0,0,0,0,0,0,0,0,0,0,PB,PB,0,0,0,0,0,0,0,0,0,0,2011,Female,juvenile,MNT,1,no,no,yes,0.349071666,1,1,1,0,GG,0,0,7
7765,0,0,0,0,0,0,0,0,0,0,0,0,0,0,0,0,0,PB,PB,0,0,0,0,0,0,0,0,0,0,2011,Female,juvenile,MOL,0,no,no,yes,1.841449966,1,1,1,0.0625,BO,1,1,8
7770,0,0,0,0,0,0,0,0,0,0,0,0,0,0,0,0,0,PB,0,0,B,0,0,PO,0,0,0,0,0,2011,UNK,juvenile,MOL,0,no,no,yes,1.841449966,1,1,1,0.0625,BO,NA,NA,8
7775,0,0,0,0,0,0,0,0,0,0,0,0,0,0,0,0,0,PB,PB,PB,B,0,0,0,PO,0,0,0,0,2011,Male,juvenile,MOS,0,no,no,yes,1.327013703,1,1,1,0,BO,1,1,9
7780,0,0,0,0,0,0,0,0,0,0,0,0,0,0,0,0,0,PB,0,0,0,0,0,0,0,0,0,0,0,2011,UNK,juvenile,MOS,0,no,no,yes,1.327013703,1,1,1,0,BO,0,0,9
7790,0,0,0,0,0,0,0,0,0,0,0,0,0,0,0,0,0,PB,PB,0,0,PB,B,B,0,0,0,0,0,2011,Male,juvenile,MQO,0,no,no,yes,0.161296177,1,1,1,0.25,GG,1,0,9
780,0,0,0,0,0,0,0,0,0,0,PB,PB,B,B,B,B,PO,0,0,0,0,0,0,0,0,0,0,0,0,2004,Female,juvenile,GDEWS,NA,no,no,no,NA,#N/A,NA,NA,0,NA,1,1,NA
7805,0,0,0,0,0,0,0,0,0,0,0,0,0,0,0,0,0,PB,0,0,0,0,0,0,0,0,0,0,0,2011,UNK,juvenile,MTO,0,no,no,yes,1.038091464,1,1,1,0.015625,BO,0,0,2
7810,0,0,0,0,0,0,0,0,0,0,0,0,0,0,0,0,0,PB,0,PB,0,0,B,B,0,0,B,0,0,2011,Male,juvenile,MTO,0,no,no,yes,1.038091464,1,1,1,0.015625,BO,1,1,2
7815,0,0,0,0,0,0,0,0,0,0,0,0,0,0,0,0,0,PB,0,0,0,0,0,0,0,0,0,0,0,2011,UNK,juvenile,NAZ,0,no,no,yes,0.39188742,1,1,1,0,GG,0,0,3
7820,0,0,0,0,0,0,0,0,0,0,0,0,0,0,0,0,0,PB,0,PB,0,0,0,0,0,0,0,0,0,2011,Female,juvenile,NAZ,0,no,no,yes,0.39188742,1,1,1,0,GG,0,0,3
7825,0,0,0,0,0,0,0,0,0,0,0,0,0,0,0,0,0,PB,0,0,0,0,0,0,0,0,0,0,0,2011,UNK,juvenile,NAZ,0,no,no,yes,0.39188742,1,1,1,0,GG,0,0,3
7830,0,0,0,0,0,0,0,0,0,0,0,0,0,0,0,0,0,PB,0,0,0,0,0,0,0,0,0,0,0,2011,UNK,juvenile,NBS,1,no,no,yes,0.044941844,1,1,1,0,GG,1,1,10
7835,0,0,0,0,0,0,0,0,0,0,0,0,0,0,0,0,0,PB,0,0,0,0,0,0,0,0,0,0,0,2011,UNK,juvenile,NBS,1,no,no,yes,0.044941844,1,1,1,0,GG,0,0,10
7840,0,0,0,0,0,0,0,0,0,0,0,0,0,0,0,0,0,PB,0,0,0,0,0,0,0,0,0,0,0,2011,UNK,juvenile,NBS,1,no,no,yes,0.044941844,1,1,1,0,GG,1,1,10
7845,0,0,0,0,0,0,0,0,0,0,0,0,0,0,0,0,0,PB,PB,0,0,B,B,B,0,0,0,0,0,2011,Female,juvenile,NEV,0,no,no,yes,0.475933776,1,1,1,0.0078125,GG,0,0,7
785,0,0,0,0,0,0,0,0,0,0,PB,PB,B,B,B,B,B,B,B,B,PO,B,B,B,B,B,B,B,0,2004,Female,juvenile,FTS,0,no,no,yes,0.235687862,1,1,1,0,GG,0,0,7
7850,0,0,0,0,0,0,0,0,0,0,0,0,0,0,0,0,0,PB,PB,0,B,B,B,B,B,0,B,0,0,2011,Female,juvenile,NEV,0,no,no,yes,0.475933776,1,1,1,0.0078125,GG,0,0,7
7865,0,0,0,0,0,0,0,0,0,0,0,0,0,0,0,0,0,PB,0,PB,0,0,B,B,B,B,0,0,0,2011,Male,juvenile,NIA,0,no,no,yes,1.074457819,1,1,1,0,GG,0,0,4
7870,0,0,0,0,0,0,0,0,0,0,0,0,0,0,0,0,0,PB,PB,PB,B,B,0,0,PO,0,0,0,0,2011,Female,juvenile,NIA,0,no,no,yes,1.074457819,1,1,1,0,GG,0,0,4
7880,0,0,0,0,0,0,0,0,0,0,0,0,0,0,0,0,0,PB,0,0,0,0,0,0,0,0,0,0,0,2011,UNK,juvenile,NOW,0,no,no,yes,2.298311335,2,0,1,0,BO,0,0,12
7890,0,0,0,0,0,0,0,0,0,0,0,0,0,0,0,0,0,PB,0,0,0,0,0,0,0,0,0,0,0,2011,Female,juvenile,OLY,1,no,no,yes,0.084038717,1,1,1,0,GG,1,0,3
790,0,0,0,0,0,0,0,0,0,PB,PB,PB,B,B,B,0,0,0,0,0,0,0,0,0,0,0,0,0,0,2003,Female,juvenile,UEA,0,no,no,yes,2.859669641,2,0,1,0,GG,0,0,6
7905,0,0,0,0,0,0,0,0,0,0,0,0,0,0,0,0,0,PB,0,0,0,PB,0,0,0,0,0,0,0,2011,Male,juvenile,ONE,1,no,no,yes,0.450070765,1,1,1,0,GG,1,1,9
7935,0,0,0,0,0,0,0,0,0,0,0,0,0,0,0,0,0,PB,PB,PB,B,B,B,B,B,0,B,B,0,2011,Female,juvenile,PAR,0,no,no,yes,2.011722582,2,0,1,0,BO,0,0,5
7940,0,0,0,0,0,0,0,0,0,0,0,0,0,0,0,0,0,PB,PB,0,0,0,PB,0,0,0,0,0,0,2011,Male,juvenile,PHI,0,no,no,yes,0.538972658,1,1,1,0,GG,0,0,6
7950,0,0,0,0,0,0,0,0,0,0,0,0,0,0,0,0,0,PB,0,0,B,B,B,B,B,B,B,0,0,2011,Female,juvenile,PHI,0,no,no,yes,0.538972658,1,1,1,0,GG,0,0,6
7955,0,0,0,0,0,0,0,0,0,0,0,0,0,0,0,0,0,PB,0,0,0,0,0,0,0,0,0,0,0,2011,UNK,juvenile,PHI,0,no,no,yes,0.538972658,1,1,1,0,GG,0,0,6
7960,0,0,0,0,0,0,0,0,0,0,0,0,0,0,0,0,0,PB,PB,0,0,0,0,0,0,0,0,0,0,2011,UNK,juvenile,PHO,0,no,no,yes,1.079327248,1,1,1,0,GG,0,0,7
7965,0,0,0,0,0,0,0,0,0,0,0,0,0,0,0,0,0,PB,0,0,0,0,0,0,0,0,0,0,0,2011,UNK,juvenile,PWA,0,no,no,yes,1.464141267,1,1,1,0,GG,0,0,NA
7970,0,0,0,0,0,0,0,0,0,0,0,0,0,0,0,0,0,PB,PB,PB,0,0,PB,0,0,0,0,0,0,2011,Male,juvenile,PWA,0,no,no,yes,1.464141267,1,1,1,0,GG,0,0,NA
7980,0,0,0,0,0,0,0,0,0,0,0,0,0,0,0,0,0,PB,0,0,0,0,0,0,0,0,0,0,0,2011,UNK,juvenile,QUA,0,no,no,yes,1.068978606,1,1,1,0,GG,0,0,9
7985,0,0,0,0,0,0,0,0,0,0,0,0,0,0,0,0,0,PB,PB,0,0,0,0,PB,0,0,0,0,0,2011,Male,juvenile,QUA,0,no,no,yes,1.068978606,1,1,1,0,GG,0,0,9
7995,0,0,0,0,0,0,0,0,0,0,0,0,0,0,0,0,0,PB,PB,0,0,0,0,0,0,0,0,0,0,2011,UNK,juvenile,QUI,0,no,no,yes,0.713376379,1,1,1,0,GG,1,0,10
800,0,0,0,0,0,0,0,0,0,PB,0,0,B,B,B,PO,PO,B,B,B,B,B,B,0,0,0,0,0,0,2003,Male,juvenile,SRB,0,no,no,yes,2.945461504,2,0,1,0.25,GG,NA,NA,4
8000,0,0,0,0,0,0,0,0,0,0,0,0,0,0,0,0,0,PB,PB,0,0,PB,B,B,B,B,B,PO,0,2011,Female,juvenile,QUI,0,no,no,yes,0.713376379,1,1,1,0,GG,0,0,10
8005,0,0,0,0,0,0,0,0,0,0,0,0,0,0,0,0,0,PB,PB,0,0,0,0,0,0,0,0,0,0,2011,UNK,juvenile,QUI,0,no,no,yes,0.713376379,1,1,1,0,GG,0,0,10
8010,0,0,0,0,0,0,0,0,0,0,0,0,0,0,0,0,0,PB,0,0,0,0,0,0,0,0,0,0,0,2011,UNK,juvenile,RED,1,no,no,yes,0.440463006,1,1,1,0.015625,GG,0,0,7
8015,0,0,0,0,0,0,0,0,0,0,0,0,0,0,0,0,0,PB,0,PB,0,B,B,B,0,B,B,B,0,2011,Male,juvenile,RED,1,no,no,yes,0.440463006,1,1,1,0.015625,GG,0,0,7
8035,0,0,0,0,0,0,0,0,0,0,0,0,0,0,0,0,0,PB,PB,0,PB,B,B,B,B,B,B,0,B,2011,Male,juvenile,RPO,0,no,no,yes,0.49589173,1,1,1,0.125,GG,1,0,7
8040,0,0,0,0,0,0,0,0,0,0,0,0,0,0,0,0,0,PB,0,0,0,0,0,0,0,0,0,0,0,2011,UNK,juvenile,RPO,0,no,no,yes,0.49589173,1,1,1,0.125,GG,0,0,7
8045,0,0,0,0,0,0,0,0,0,0,0,0,0,0,0,0,0,PB,0,0,0,0,0,0,0,0,0,0,0,2011,UNK,juvenile,RPO,0,no,no,yes,0.49589173,1,1,1,0.125,GG,1,0,7
805,0,0,0,0,0,0,0,PB,0,0,B,0,B,B,B,B,0,0,0,0,0,0,0,0,0,0,0,0,0,2001,Female,juvenile,GDEWS,NA,no,no,no,NA,#N/A,NA,NA,0,NA,NA,NA,NA
8050,0,0,0,0,0,0,0,0,0,0,0,0,0,0,0,0,0,PB,PB,PB,0,0,0,0,0,0,0,0,0,2011,Male,juvenile,SAP,0,no,no,yes,1.610957558,1,1,1,0,GG,1,1,5
8055,0,0,0,0,0,0,0,0,0,0,0,0,0,0,0,0,0,PB,PB,0,0,0,0,0,0,0,0,0,0,2011,Male,juvenile,SAP,0,no,no,yes,1.610957558,1,1,1,0,GG,0,0,5
8065,0,0,0,0,0,0,0,0,0,0,0,0,0,0,0,0,0,PB,0,0,0,0,0,0,0,0,0,0,0,2011,UNK,juvenile,SLE,0,no,no,yes,1.349916214,1,1,1,0.25,GG,1,1,6
8085,0,0,0,0,0,0,0,0,0,0,0,0,0,0,0,0,0,PB,PB,0,0,0,0,0,0,0,0,0,0,2011,Male,juvenile,SQU,0,no,no,yes,3.019230646,2,0,0,0,BO,0,0,4
8095,0,0,0,0,0,0,0,0,0,0,0,0,0,0,0,0,0,PB,0,0,0,B,B,0,B,0,0,0,0,2011,Male,juvenile,STX,0,no,no,yes,1.931616027,1,1,1,0.15625,BO,NA,NA,7
810,0,0,0,0,0,0,0,0,0,PB,0,0,B,B,B,B,B,PO,B,B,B,B,B,B,PO,0,0,0,0,2003,Male,juvenile,UEA,0,no,no,no,2.859669641,2,0,1,0,GG,NA,NA,6
8100,0,0,0,0,0,0,0,0,0,0,0,0,0,0,0,0,0,PB,0,PB,0,0,0,PB,0,PB,0,0,0,2011,Male,juvenile,STX,0,no,no,yes,1.931616027,1,1,1,0.15625,BO,NA,NA,7
8105,0,0,0,0,0,0,0,0,0,0,0,0,0,0,0,0,0,PB,0,0,0,0,0,0,0,0,0,0,0,2011,UNK,juvenile,STX,0,no,no,yes,1.931616027,1,1,1,0.15625,BO,NA,NA,7
8110,0,0,0,0,0,0,0,0,0,0,0,0,0,0,0,0,0,PB,PB,0,0,PB,0,0,0,0,0,0,0,2011,Female,juvenile,STX,0,no,no,yes,1.931616027,1,1,1,0.15625,BO,0,0,7
8115,0,0,0,0,0,0,0,0,0,0,0,0,0,0,0,0,0,PB,0,PB,PB,B,B,B,B,B,0,B,0,2011,Male,juvenile,SUZ,1,no,no,yes,0.045266475,1,1,1,0,GG,0,0,4
8120,0,0,0,0,0,0,0,0,0,0,0,0,0,0,0,0,0,PB,0,0,0,0,0,0,0,0,0,0,0,2011,Male,juvenile,SUZ,1,no,no,yes,0.045266475,1,1,1,0,GG,0,0,4
8135,0,0,0,0,0,0,0,0,0,0,0,0,0,0,0,0,0,PB,PB,0,0,0,B,B,B,B,B,B,0,2011,Female,juvenile,TAK,0,no,no,yes,1.315004883,1,1,1,0.0625,GG,0,0,3
8140,0,0,0,0,0,0,0,0,0,0,0,0,0,0,0,0,0,PB,PB,PB,PB,B,B,B,B,B,B,0,0,2011,Male,juvenile,TAK,0,no,no,yes,1.315004883,1,1,1,0.0625,GG,0,0,3
8145,0,0,0,0,0,0,0,0,0,0,0,0,0,0,0,0,0,PB,0,0,0,0,0,0,0,0,0,0,0,2011,UNK,juvenile,TBF,0,no,no,yes,0.983262456,1,1,1,0.0625,GG,1,1,3
815,0,0,0,0,0,0,0,0,0,0,PB,0,B,B,B,B,B,B,B,B,B,B,B,PO,0,0,0,0,0,2004,Female,juvenile,BEE,0,no,no,yes,0.169170504,1,1,1,0.0625,GG,1,1,2
8155,0,0,0,0,0,0,0,0,0,0,0,0,0,0,0,0,0,PB,0,0,0,0,0,0,0,0,0,0,0,2011,UNK,juvenile,TRA,0,no,no,yes,0.243337301,1,1,1,0.03125,GG,0,0,7
816,0,0,0,0,0,0,0,0,0,0,PB,PB,B,B,B,B,B,B,B,B,B,B,B,0,0,0,0,0,0,2004,Male,juvenile,EST,0,no,no,no,0.406108964,1,1,1,0,GG,NA,NA,8
8160,0,0,0,0,0,0,0,0,0,0,0,0,0,0,0,0,0,PB,0,0,0,0,0,0,0,0,0,0,0,2011,UNK,juvenile,TRA,0,no,no,yes,0.243337301,1,1,1,0.03125,GG,0,0,7
8165,0,0,0,0,0,0,0,0,0,0,0,0,0,0,0,0,0,PB,0,0,0,0,0,0,0,0,0,0,0,2011,UNK,juvenile,TRA,0,no,no,yes,0.243337301,1,1,1,0.03125,GG,0,0,7
8170,0,0,0,0,0,0,0,0,0,0,0,0,0,0,0,0,0,PB,0,0,0,0,0,0,0,0,0,0,0,2011,UNK,juvenile,TRA,0,no,no,yes,0.243337301,1,1,1,0.03125,GG,0,0,7
8175,0,0,0,0,0,0,0,0,0,0,0,0,0,0,0,0,0,PB,0,PB,0,0,B,B,0,B,B,B,B,2011,Male,juvenile,TRO,1,no,no,yes,0.042474,1,1,1,0,GG,1,1,11
8180,0,0,0,0,0,0,0,0,0,0,0,0,0,0,0,0,0,PB,PB,0,0,0,0,0,0,0,0,0,0,2011,UNK,juvenile,TRO,1,no,no,yes,0.042474,1,1,1,0,GG,0,0,11
8185,0,0,0,0,0,0,0,0,0,0,0,0,0,0,0,0,0,PB,PB,0,B,0,0,0,0,0,0,0,0,2011,Female,juvenile,TRO,1,no,no,yes,0.042474,1,1,1,0,GG,0,0,11
8190,0,0,0,0,0,0,0,0,0,0,0,0,0,0,0,0,0,PB,0,PB,PB,B,B,B,B,B,B,B,B,2011,Male,juvenile,TRO,1,no,no,yes,0.042474,1,1,1,0,GG,0,0,11
820,0,0,0,0,0,0,0,0,0,0,PB,PB,B,B,B,B,B,B,B,B,B,B,0,0,0,0,0,0,0,2004,Female,juvenile,BNW,0,no,no,yes,0.879565998,1,1,1,0,GG,NA,NA,5
8210,0,0,0,0,0,0,0,0,0,0,0,0,0,0,0,0,0,PB,0,0,0,0,0,0,0,0,0,0,0,2011,UNK,juvenile,WAT,0,no,no,yes,3.690563635,2,0,0,0,BO,0,0,11
8220,0,0,0,0,0,0,0,0,0,0,0,0,0,0,0,0,0,PB,PB,0,0,PB,0,0,0,PB,B,0,0,2011,Male,juvenile,WEE,0,no,no,yes,1.18256435,1,1,1,0,GG,0,0,11
8225,0,0,0,0,0,0,0,0,0,0,0,0,0,0,0,0,0,PB,0,0,0,0,0,0,0,0,0,0,0,2011,UNK,juvenile,WEE,0,no,no,yes,1.18256435,1,1,1,0,GG,0,0,11
8235,0,0,0,0,0,0,0,0,0,0,0,0,0,0,0,0,0,PB,0,0,0,0,0,0,0,0,0,0,0,2011,UNK,juvenile,WHA,0,no,no,yes,0.012678474,1,1,1,0,GG,0,0,13
8240,0,0,0,0,0,0,0,0,0,0,0,0,0,0,0,0,0,PB,0,0,0,0,0,0,0,0,0,0,0,2011,UNK,juvenile,WHA,0,no,no,yes,0.012678474,1,1,1,0,GG,0,0,13
825,0,0,0,0,0,0,0,0,0,0,PB,PB,B,B,B,PO,0,0,0,0,0,0,0,0,0,0,0,0,0,2004,Female,juvenile,TUT,0,no,no,yes,0.159228595,1,1,1,0.0625,GG,1,1,3
8260,0,0,0,0,0,0,0,0,0,0,0,0,0,0,0,0,0,PB,PB,0,0,0,0,0,0,0,0,0,0,2011,UNK,juvenile,WIN,0,no,no,yes,1.695116243,1,1,1,0,GG,NA,NA,7
8265,0,0,0,0,0,0,0,0,0,0,0,0,0,0,0,0,0,PB,0,0,0,0,0,0,0,0,0,0,0,2011,UNK,juvenile,WIN,0,no,no,yes,1.695116243,1,1,1,0,GG,0,0,7
8275,0,0,0,0,0,0,0,0,0,0,0,0,0,0,0,0,0,PB,PB,0,0,0,0,0,0,0,0,0,0,2011,UNK,juvenile,WOO,0,no,no,yes,2.220009418,2,0,1,0,GG,NA,NA,NA
8290,0,0,0,0,0,0,0,0,0,0,0,0,0,0,0,0,0,PB,PB,0,0,0,0,0,0,0,0,0,0,2011,UNK,juvenile,WTW,0,no,no,yes,3.787888221,3,0,0,0,GG,1,1,7
8295,0,0,0,0,0,0,0,0,0,0,0,0,0,0,0,0,0,PB,0,PB,0,B,B,B,B,B,B,0,0,2011,Male,juvenile,WTW,0,no,no,yes,3.787888221,3,0,0,0,GG,NA,NA,7
830,0,0,0,0,0,0,0,0,0,PB,PB,PB,B,B,B,B,B,B,B,B,B,B,0,0,0,0,0,0,0,2003,Female,juvenile,TWO,0,no,no,yes,1.687314122,1,1,1,0,GG,0,0,4
8305,0,0,0,0,0,0,0,0,0,0,0,0,0,0,0,0,0,PB,0,0,0,0,0,0,0,0,0,0,0,2011,UNK,juvenile,UNK,NA,no,no,yes,NA,#N/A,NA,NA,NA,GG,NA,NA,NA
8310,0,0,0,0,0,0,0,0,0,0,0,0,0,0,0,0,0,PB,0,0,0,0,0,0,0,0,0,0,0,2011,UNK,juvenile,UNK,NA,no,no,yes,NA,#N/A,NA,NA,NA,GG,1,NA,NA
8325,0,0,0,0,0,0,0,0,0,0,0,0,0,0,0,0,0,0,PB,0,0,0,0,0,0,0,0,0,0,2012,Female,juvenile,AAR,0,no,no,yes,2.144788508,2,0,1,0,BO,0,0,9
8330,0,0,0,0,0,0,0,0,0,0,0,0,0,0,0,0,0,0,PB,0,0,0,0,0,0,0,0,0,0,2012,UNK,juvenile,AAR,0,no,no,yes,2.144788508,2,0,1,0,BO,0,0,9
835,0,0,0,0,0,PB,0,PB,0,0,0,0,PB,B,B,B,B,B,B,B,0,PO,0,0,0,0,0,0,0,1999,Female,juvenile,HMS,0,no,no,yes,3.573593113,2,0,0,NA,BO,NA,NA,NA
8370,0,0,0,0,0,0,0,0,0,0,0,0,0,0,0,0,0,0,PB,0,0,0,0,0,0,0,B,PO,0,2012,Male,juvenile,ALA,0,no,no,yes,0.856844925,1,1,1,0,BO,0,0,9
8380,0,0,0,0,0,0,0,0,0,0,0,0,0,0,0,0,0,0,PB,0,0,0,0,0,0,0,0,0,0,2012,UNK,juvenile,ALA,0,no,no,yes,0.856844925,1,1,1,0,BO,0,0,9
840,0,0,0,0,0,0,0,0,0,0,0,PB,PB,B,B,B,B,B,0,0,0,0,0,0,0,0,0,0,0,2005,Female,juvenile,STX,0,no,no,yes,1.931616027,1,1,1,0,BO,1,1,6
8400,0,0,0,0,0,0,0,0,0,0,0,0,0,0,0,0,0,0,PB,0,0,0,0,0,0,0,0,0,0,2012,UNK,juvenile,AOT,0,no,no,yes,1.870291177,1,1,1,0.0625,GG,0,0,3
8405,0,0,0,0,0,0,0,0,0,0,0,0,0,0,0,0,0,0,PB,0,0,0,0,0,0,0,0,0,0,2012,UNK,juvenile,AOT,0,no,no,yes,1.870291177,1,1,1,0.0625,GG,0,0,3
8410,0,0,0,0,0,0,0,0,0,0,0,0,0,0,0,0,0,0,PB,0,0,PB,0,0,0,0,0,0,0,2012,Male,juvenile,AUR,0,no,no,yes,1.144048243,1,1,1,0.0625,GG,1,0,4
8415,0,0,0,0,0,0,0,0,0,0,0,0,0,0,0,0,0,0,PB,PB,PB,PB,0,0,0,0,0,PB,0,2012,Male,juvenile,AUR,0,no,no,yes,1.144048243,1,1,1,0.0625,GG,0,0,4
8420,0,0,0,0,0,0,0,0,0,0,0,0,0,0,0,0,0,0,PB,0,0,0,0,0,0,0,0,0,0,2012,Female,juvenile,BEE,0,no,no,yes,0.169170504,1,1,1,0,GG,0,0,10
8425,0,0,0,0,0,0,0,0,0,0,0,0,0,0,0,0,0,0,PB,0,0,0,0,0,0,0,0,0,0,2012,UNK,juvenile,BEE,0,no,no,yes,0.169170504,1,1,1,0,GG,0,0,10
8430,0,0,0,0,0,0,0,0,0,0,0,0,0,0,0,0,0,0,PB,0,0,0,0,0,0,0,0,0,0,2012,Female,juvenile,BEE,0,no,no,yes,0.169170504,1,1,1,0,GG,1,0,10
8435,0,0,0,0,0,0,0,0,0,0,0,0,0,0,0,0,0,0,PB,0,0,PB,0,0,0,0,0,0,0,2012,UNK,juvenile,BEE,0,no,no,yes,0.169170504,1,1,1,0,GG,1,0,10
8440,0,0,0,0,0,0,0,0,0,0,0,0,0,0,0,0,0,0,PB,0,0,0,0,0,0,0,0,0,0,2012,UNK,juvenile,BER,0,no,no,yes,0.118585884,1,1,1,0.0625,GG,0,0,9
8445,0,0,0,0,0,0,0,0,0,0,0,0,0,0,0,0,0,0,PB,0,0,0,0,0,0,0,0,0,0,2012,UNK,juvenile,BER,0,no,no,yes,0.118585884,1,1,1,0.0625,GG,0,0,9
8450,0,0,0,0,0,0,0,0,0,0,0,0,0,0,0,0,0,0,PB,PB,0,B,B,B,B,B,B,B,B,2012,Female,juvenile,BEV,0,no,no,yes,1.272783044,1,1,1,0.0078125,GG,0,0,5
8455,0,0,0,0,0,0,0,0,0,0,0,0,0,0,0,0,0,0,PB,0,0,0,0,0,0,0,0,0,0,2012,Female,juvenile,BEV,0,no,no,yes,1.272783044,1,1,1,0.0078125,GG,0,0,5
8460,0,0,0,0,0,0,0,0,0,0,0,0,0,0,0,0,0,0,PB,0,0,0,0,0,0,0,0,0,0,2012,UNK,juvenile,BFO,0,no,no,yes,1.355933677,1,1,1,0,GG,0,0,9
8475,0,0,0,0,0,0,0,0,0,0,0,0,0,0,0,0,0,0,PB,0,0,0,0,0,0,0,0,0,0,2012,Male,juvenile,BIK,0,no,no,yes,0.307188878,1,1,1,0,GG,NA,NA,8
8480,0,0,0,0,0,0,0,0,0,0,0,0,0,0,0,0,0,0,PB,0,0,0,0,0,0,0,0,0,0,2012,UNK,juvenile,BIK,0,no,no,yes,0.307188878,1,1,1,0,GG,0,0,8
8485,0,0,0,0,0,0,0,0,0,0,0,0,0,0,0,0,0,0,PB,0,0,0,0,0,0,0,0,0,0,2012,Female,juvenile,BIK,0,no,no,yes,0.307188878,1,1,1,0,GG,0,0,8
8490,0,0,0,0,0,0,0,0,0,0,0,0,0,0,0,0,0,0,PB,0,0,0,0,0,0,0,0,0,0,2012,UNK,juvenile,BNW,0,no,no,yes,0.879565998,1,1,1,0,GG,0,0,13
8495,0,0,0,0,0,0,0,0,0,0,0,0,0,0,0,0,0,0,PB,0,0,0,0,0,0,0,0,0,0,2012,Female,juvenile,BNW,0,no,no,yes,0.879565998,1,1,1,0,GG,0,0,13
850,0,0,0,0,0,0,0,0,PB,0,PB,PB,PB,B,B,B,PO,0,0,0,0,0,0,0,0,0,0,0,0,2002,Female,juvenile,UEA,0,no,no,yes,2.859669641,2,0,1,0,GG,NA,NA,5
8505,0,0,0,0,0,0,0,0,0,0,0,0,0,0,0,0,0,0,PB,0,0,0,0,B,B,0,0,0,B,2012,Male,juvenile,BOB,0,no,no,yes,1.982154844,1,1,1,0.03125,BO,0,0,3
8510,0,0,0,0,0,0,0,0,0,0,0,0,0,0,0,0,0,0,PB,0,0,0,0,0,0,0,0,0,0,2012,Male,juvenile,BOB,0,no,no,yes,1.982154844,1,1,1,0.03125,BO,0,0,3
8515,0,0,0,0,0,0,0,0,0,0,0,0,0,0,0,0,0,0,PB,0,0,0,0,0,0,0,0,0,0,2012,Male,juvenile,BOB,0,no,no,yes,1.982154844,1,1,1,0.03125,BO,0,0,3
8520,0,0,0,0,0,0,0,0,0,0,0,0,0,0,0,0,0,0,PB,0,0,0,0,0,0,0,0,0,0,2012,UNK,juvenile,CAR,0,no,no,yes,0.695770435,1,1,1,0,GG,1,1,4
8525,0,0,0,0,0,0,0,0,0,0,0,0,0,0,0,0,0,0,PB,0,0,0,0,0,0,0,0,0,0,2012,Female,juvenile,CAR,0,no,no,yes,0.695770435,1,1,1,0,GG,0,0,4
8530,0,0,0,0,0,0,0,0,0,0,0,0,0,0,0,0,0,0,PB,0,0,0,0,0,0,0,0,0,0,2012,UNK,juvenile,CAR,0,no,no,yes,0.695770435,1,1,1,0,GG,0,0,4
8535,0,0,0,0,0,0,0,0,0,0,0,0,0,0,0,0,0,0,PB,0,0,0,0,0,0,0,0,0,0,2012,Male,juvenile,CAV,0,no,no,yes,0.905448884,1,1,1,0,GG,0,0,NA
8540,0,0,0,0,0,0,0,0,0,0,0,0,0,0,0,0,0,0,PB,0,0,0,0,0,0,0,0,0,0,2012,Male,juvenile,CAV,0,no,no,yes,0.905448884,1,1,1,0,GG,0,0,NA
855,0,0,0,0,0,0,0,0,0,0,0,PB,PB,B,B,PO,B,B,0,0,0,0,0,0,0,0,0,0,0,2005,Female,juvenile,QUI,0,no,no,yes,0.713376379,1,1,1,0,GG,1,1,4
8550,0,0,0,0,0,0,0,0,0,0,0,0,0,0,0,0,0,0,PB,0,0,0,0,0,0,0,0,0,0,2012,Male,juvenile,CLB,0,no,no,yes,0.191565712,1,1,1,0.015625,GG,0,0,3
8555,0,0,0,0,0,0,0,0,0,0,0,0,0,0,0,0,0,0,PB,0,0,0,0,0,PB,0,0,0,0,2012,Female,juvenile,CLB,0,no,no,yes,0.191565712,1,1,1,0.015625,GG,0,0,3
8560,0,0,0,0,0,0,0,0,0,0,0,0,0,0,0,0,0,0,PB,PB,0,B,B,B,B,B,B,0,B,2012,Male,juvenile,COC,0,no,no,yes,0.477454083,1,1,1,0,GG,0,0,6
8565,0,0,0,0,0,0,0,0,0,0,0,0,0,0,0,0,0,0,PB,PB,0,B,B,0,0,0,0,0,0,2012,Female,juvenile,COC,0,no,no,yes,0.477454083,1,1,1,0,GG,0,0,6
8575,0,0,0,0,0,0,0,0,0,0,0,0,0,0,0,0,0,0,PB,0,0,0,B,0,0,0,0,0,0,2012,Male,juvenile,CUT,0,no,no,yes,2.565296255,2,0,1,0,GG,0,0,9
8580,0,0,0,0,0,0,0,0,0,0,0,0,0,0,0,0,0,0,PB,0,0,B,B,B,B,B,B,B,B,2012,Female,juvenile,DRV,0,no,no,yes,1.181814126,1,1,1,0.0625,GG,0,0,3
8595,0,0,0,0,0,0,0,0,0,0,0,0,0,0,0,0,0,0,PB,0,0,0,0,0,0,0,0,0,0,2012,UNK,juvenile,DUP,0,no,no,yes,1.017734063,1,1,1,0,BO,0,0,6
860,0,0,0,0,0,0,0,0,0,0,PB,0,PB,B,B,PO,B,B,B,0,PO,0,0,0,0,0,0,0,0,2004,Male,juvenile,BNW,0,no,no,yes,0.879565998,1,1,1,0,GG,NA,NA,5
8600,0,0,0,0,0,0,0,0,0,0,0,0,0,0,0,0,0,0,PB,PB,0,0,0,0,0,0,0,0,0,2012,Male,juvenile,DUP,0,no,no,yes,1.017734063,1,1,1,0,BO,0,0,6
8610,0,0,0,0,0,0,0,0,0,0,0,0,0,0,0,0,0,0,PB,0,0,B,B,PO,0,0,0,0,0,2012,Female,juvenile,FAT,0,no,no,yes,1.890881944,1,1,1,0.0625,GG,0,0,5
8615,0,0,0,0,0,0,0,0,0,0,0,0,0,0,0,0,0,0,PB,0,0,0,0,0,0,0,0,0,0,2012,Male,juvenile,FAT,0,no,no,yes,1.890881944,1,1,1,0.0625,GG,0,0,5
8630,0,0,0,0,0,0,0,0,0,0,0,0,0,0,0,0,0,0,PB,0,0,B,B,B,B,0,0,0,0,2012,Male,juvenile,FMG,1,no,no,yes,0.234059632,1,1,1,0.0390625,GG,NA,NA,5
8635,0,0,0,0,0,0,0,0,0,0,0,0,0,0,0,0,0,0,PB,0,PB,B,B,B,0,B,B,PO,B,2012,Female,juvenile,FMG,1,no,no,yes,0.234059632,1,1,1,0.0390625,GG,NA,NA,5
8640,0,0,0,0,0,0,0,0,0,0,0,0,0,0,0,0,0,0,PB,PB,0,0,PB,PB,0,0,PB,0,0,2012,Male,juvenile,GAL,0,no,no,yes,0.254924523,1,1,1,0,GG,0,0,9
865,0,0,0,0,0,0,0,0,0,0,PB,PB,B,B,B,B,B,B,0,B,B,B,B,B,B,B,B,0,0,2004,Female,juvenile,BEV,0,no,no,yes,1.272783044,1,1,1,0,GG,0,0,5
8660,0,0,0,0,0,0,0,0,0,0,0,0,0,0,0,0,0,0,PB,0,0,0,0,0,0,0,0,0,0,2012,Female,juvenile,GLO,0,no,no,yes,3.499181983,2,0,0,0.03125,BO,0,0,6
8670,0,0,0,0,0,0,0,0,0,0,0,0,0,0,0,0,0,0,PB,0,0,0,0,0,0,0,0,0,0,2012,Female,juvenile,GME,1,no,no,yes,0.050813928,1,1,1,0,GG,0,0,6
8675,0,0,0,0,0,0,0,0,0,0,0,0,0,0,0,0,0,0,PB,0,0,0,PB,0,0,0,0,0,0,2012,Female,juvenile,GME,1,no,no,yes,0.050813928,1,1,1,0,GG,0,0,6
8680,0,0,0,0,0,0,0,0,0,0,0,0,0,0,0,0,0,0,PB,0,0,B,B,0,0,0,0,0,0,2012,Male,juvenile,GME,1,no,no,yes,0.050813928,1,1,1,0,GG,0,0,6
8685,0,0,0,0,0,0,0,0,0,0,0,0,0,0,0,0,0,0,PB,0,0,0,0,0,0,0,0,0,0,2012,Female,juvenile,GON,0,no,no,yes,2.615733511,2,0,1,0,BO,0,0,5
8690,0,0,0,0,0,0,0,0,0,0,0,0,0,0,0,0,0,0,PB,0,0,0,0,0,0,0,0,0,0,2012,Male,juvenile,GON,0,no,no,yes,2.615733511,2,0,1,0,BO,0,0,5
870,0,0,0,0,0,0,0,0,0,0,PB,0,B,B,B,B,B,B,B,B,B,B,B,B,B,B,B,B,PO,2004,Female,juvenile,UEA,0,no,no,yes,2.859669641,2,0,1,0,GG,NA,NA,7
8715,0,0,0,0,0,0,0,0,0,0,0,0,0,0,0,0,0,0,PB,0,0,0,0,0,0,0,0,0,0,2012,UNK,juvenile,HEN,0,no,no,yes,0.641990806,1,1,1,0,GG,1,0,7
8720,0,0,0,0,0,0,0,0,0,0,0,0,0,0,0,0,0,0,PB,0,0,0,0,0,0,0,0,0,0,2012,UNK,juvenile,HEN,0,no,no,yes,0.641990806,1,1,1,0,GG,1,0,7
8730,0,0,0,0,0,0,0,0,0,0,0,0,0,0,0,0,0,0,PB,0,0,B,B,0,0,B,0,B,0,2012,Male,juvenile,HHP,0,no,no,yes,3.108427933,2,0,0,0,BO,0,0,9
8735,0,0,0,0,0,0,0,0,0,0,0,0,0,0,0,0,0,0,PB,0,0,B,B,B,B,B,B,0,0,2012,Female,juvenile,HHP,0,no,no,yes,3.108427933,2,0,0,0,BO,0,0,9
8745,0,0,0,0,0,0,0,0,0,0,0,0,0,0,0,0,0,0,PB,PB,B,B,B,B,0,B,B,B,0,2012,Female,juvenile,HIP,0,no,no,yes,3.747977041,3,0,0,0,BO,0,0,3
875,0,0,0,0,0,0,0,0,0,0,PB,0,PB,B,B,B,B,B,B,B,B,B,B,B,PO,0,0,0,0,2004,Female,juvenile,TRO,1,no,no,yes,0.042474,1,1,1,0,GG,1,1,4
8750,0,0,0,0,0,0,0,0,0,0,0,0,0,0,0,0,0,0,PB,0,0,B,B,B,B,B,B,B,B,2012,Female,juvenile,HIP,0,no,no,yes,3.747977041,3,0,0,0,BO,0,0,3
8755,0,0,0,0,0,0,0,0,0,0,0,0,0,0,0,0,0,0,PB,0,0,0,B,0,0,0,0,0,0,2012,Male,juvenile,HSP,0,no,no,yes,3.519636844,2,0,0,0,GG,0,0,13
8760,0,0,0,0,0,0,0,0,0,0,0,0,0,0,0,0,0,0,PB,PB,0,0,0,0,0,0,0,0,0,2012,UNK,juvenile,HSP,0,no,no,yes,3.519636844,2,0,0,0,GG,0,0,13
8770,0,0,0,0,0,0,0,0,0,0,0,0,0,0,0,0,0,0,PB,0,0,0,0,0,0,0,0,0,0,2012,Female,juvenile,HUN,0,no,no,yes,1.09757632,1,1,1,0,GG,0,0,NA
8785,0,0,0,0,0,0,0,0,0,0,0,0,0,0,0,0,0,0,PB,0,0,0,0,0,0,0,0,0,0,2012,UNK,juvenile,HZN,0,no,no,yes,0.13292568,1,1,1,0.015625,GG,1,NA,6
8790,0,0,0,0,0,0,0,0,0,0,0,0,0,0,0,0,0,0,PB,0,0,0,0,0,0,0,0,0,0,2012,Female,juvenile,HZN,0,no,no,yes,0.13292568,1,1,1,0.015625,GG,NA,NA,6
8795,0,0,0,0,0,0,0,0,0,0,0,0,0,0,0,0,0,0,PB,0,PB,PB,B,B,B,B,B,B,B,2012,Female,juvenile,HZN,0,no,no,yes,0.13292568,1,1,1,0.015625,GG,0,0,6
880,0,0,0,0,0,0,0,0,0,0,PB,PB,PB,B,B,B,B,B,B,B,B,0,0,0,0,0,0,0,0,2004,Male,juvenile,WHA,0,no,no,yes,0.012678474,1,1,1,0,GG,NA,NA,6
8805,0,0,0,0,0,0,0,0,0,0,0,0,0,0,0,0,0,0,PB,0,0,PB,0,B,0,0,B,0,0,2012,Male,juvenile,IPR,0,no,no,yes,1.676437644,1,1,1,0,GG,1,NA,7
8815,0,0,0,0,0,0,0,0,0,0,0,0,0,0,0,0,0,0,PB,0,0,B,0,0,0,B,B,0,0,2012,Male,juvenile,IPR,0,no,no,yes,1.676437644,1,1,1,0,GG,NA,NA,7
8835,0,0,0,0,0,0,0,0,0,0,0,0,0,0,0,0,0,0,PB,0,0,0,0,0,0,0,0,0,0,2012,UNK,juvenile,JUR,0,no,no,yes,0.406108964,1,1,1,0.0625,GG,0,0,4
885,0,0,0,0,0,0,0,0,0,0,0,PB,PB,B,B,B,B,B,B,B,PO,PO,0,0,B,B,B,B,B,2005,Male,juvenile,QUI,0,no,no,yes,0.713376379,1,1,1,0,GG,1,0,4
8885,0,0,0,0,0,0,0,0,0,0,0,0,0,0,0,0,0,0,PB,0,0,0,0,0,0,0,0,0,0,2012,UNK,juvenile,LOC,0,no,no,yes,0.623713981,1,1,1,0,GG,0,0,10
8890,0,0,0,0,0,0,0,0,0,0,0,0,0,0,0,0,0,0,PB,0,0,0,0,0,0,0,0,0,0,2012,UNK,juvenile,LOC,0,no,no,yes,0.623713981,1,1,1,0,GG,0,0,10
890,0,0,0,0,0,0,PB,PB,0,0,0,0,0,B,B,B,B,B,B,B,B,B,B,B,0,0,0,0,0,2000,Female,juvenile,UEA,0,no,no,no,2.859669641,2,0,1,0,GG,NA,NA,3
8905,0,0,0,0,0,0,0,0,0,0,0,0,0,0,0,0,0,0,PB,PB,0,PB,B,B,B,B,B,B,B,2012,Male,juvenile,LON,0,no,no,yes,0.041881187,1,1,1,0,GG,0,0,12
8910,0,0,0,0,0,0,0,0,0,0,0,0,0,0,0,0,0,0,PB,PB,0,0,0,0,0,0,0,0,0,2012,Female,juvenile,LON,0,no,no,yes,0.041881187,1,1,1,0,GG,0,0,12
8915,0,0,0,0,0,0,0,0,0,0,0,0,0,0,0,0,0,0,PB,0,0,B,0,PO,0,0,0,0,0,2012,Male,juvenile,LON,0,no,no,yes,0.041881187,1,1,1,0,GG,0,0,12
8925,0,0,0,0,0,0,0,0,0,0,0,0,0,0,0,0,0,0,PB,PB,0,0,0,0,0,0,0,0,0,2012,Female,juvenile,LOR,0,no,no,yes,0.10187244,1,1,1,0.015625,GG,1,0,8
8930,0,0,0,0,0,0,0,0,0,0,0,0,0,0,0,0,0,0,PB,PB,0,0,0,0,0,0,0,0,0,2012,UNK,juvenile,LOR,0,no,no,yes,0.10187244,1,1,1,0.015625,GG,0,0,8
8935,0,0,0,0,0,0,0,0,0,0,0,0,0,0,0,0,0,0,PB,0,0,0,0,0,0,0,0,0,0,2012,UNK,juvenile,LOR,0,no,no,yes,0.10187244,1,1,1,0.015625,GG,0,0,8
8940,0,0,0,0,0,0,0,0,0,0,0,0,0,0,0,0,0,0,PB,0,0,0,0,0,0,0,0,0,0,2012,UNK,juvenile,MAR,0,no,no,yes,0.289798453,1,1,1,0.03125,GG,0,0,11
895,0,0,0,0,0,0,0,0,0,PB,PB,PB,PB,B,B,B,B,B,B,B,B,B,B,B,B,B,B,0,0,2003,Female,juvenile,BET,0,no,no,yes,2.572,2,0,1,NA,GG,0,0,NA
8955,0,0,0,0,0,0,0,0,0,0,0,0,0,0,0,0,0,0,PB,0,0,0,0,0,PB,PB,B,B,0,2012,Male,juvenile,MFA,1,no,no,yes,0.405493656,1,1,1,0,GG,0,0,6
8970,0,0,0,0,0,0,0,0,0,0,0,0,0,0,0,0,0,0,PB,0,0,0,0,0,0,0,0,0,0,2012,UNK,juvenile,MID,0,no,no,yes,3.747665382,3,0,0,0.125,BO,0,0,3
8980,0,0,0,0,0,0,0,0,0,0,0,0,0,0,0,0,0,0,PB,0,0,0,0,0,0,0,0,0,0,2012,UNK,juvenile,MKA,1,no,no,yes,0.143739904,1,1,1,0.015625,GG,1,0,8
900,0,0,0,0,0,0,0,0,PB,0,B,0,PO,0,0,0,0,0,0,0,0,0,0,0,0,0,0,0,0,2002,Female,juvenile,FTS,0,no,no,yes,0.235687862,1,1,1,0,GG,NA,NA,5
9000,0,0,0,0,0,0,0,0,0,0,0,0,0,0,0,0,0,0,PB,0,0,0,0,0,PB,0,0,0,0,2012,Female,juvenile,MNT,1,no,no,yes,0.349071666,1,1,1,0,GG,0,0,8
9005,0,0,0,0,0,0,0,0,0,0,0,0,0,0,0,0,0,0,PB,PB,0,0,0,0,0,0,0,0,0,2012,UNK,juvenile,MNT,1,no,no,yes,0.349071666,1,1,1,0,GG,0,0,8
9010,0,0,0,0,0,0,0,0,0,0,0,0,0,0,0,0,0,0,PB,0,0,PB,0,0,0,0,B,B,B,2012,Female,juvenile,MNT,1,no,no,yes,0.349071666,1,1,1,0,GG,0,0,8
9020,0,0,0,0,0,0,0,0,0,0,0,0,0,0,0,0,0,0,PB,0,0,0,0,0,B,0,0,0,0,2012,Male,juvenile,MOL,0,no,no,yes,1.841449966,1,1,1,0.0625,BO,0,0,9
9025,0,0,0,0,0,0,0,0,0,0,0,0,0,0,0,0,0,0,PB,0,0,0,0,0,0,0,0,0,0,2012,UNK,juvenile,MOL,0,no,no,yes,1.841449966,1,1,1,0.0625,BO,0,0,9
9030,0,0,0,0,0,0,0,0,0,0,0,0,0,0,0,0,0,0,PB,0,0,0,0,0,0,0,0,0,0,2012,UNK,juvenile,MOO,0,no,no,yes,3.672245661,2,0,0,0,BO,0,0,9
9035,0,0,0,0,0,0,0,0,0,0,0,0,0,0,0,0,0,0,PB,0,0,0,0,PB,0,0,0,0,0,2012,Female,juvenile,MOO,0,no,no,yes,3.672245661,2,0,0,0,BO,0,0,9
9040,0,0,0,0,0,0,0,0,0,0,0,0,0,0,0,0,0,0,PB,0,0,0,B,B,B,0,0,B,0,2012,Male,juvenile,MOO,0,no,no,yes,3.672245661,2,0,0,0,BO,0,0,9
9045,0,0,0,0,0,0,0,0,0,0,0,0,0,0,0,0,0,0,PB,PB,0,0,0,0,PB,0,0,0,0,2012,Female,juvenile,MOS,0,no,no,yes,1.327013703,1,1,1,0,BO,0,0,10
905,0,0,0,0,0,0,0,PB,0,0,0,0,0,0,0,0,0,0,0,0,0,0,0,0,0,0,0,0,0,2001,Female,juvenile,BEV,0,no,no,yes,1.272783044,1,1,1,0,GG,NA,NA,2
9050,0,0,0,0,0,0,0,0,0,0,0,0,0,0,0,0,0,0,PB,PB,0,B,B,B,B,B,B,0,0,2012,Female,juvenile,MOS,0,no,no,yes,1.327013703,1,1,1,0,BO,0,0,10
9060,0,0,0,0,0,0,0,0,0,0,0,0,0,0,0,0,0,0,PB,0,B,B,B,B,B,B,B,B,0,2012,Female,juvenile,MTO,0,no,no,yes,1.038091464,1,1,1,0.015625,BO,0,0,3
9065,0,0,0,0,0,0,0,0,0,0,0,0,0,0,0,0,0,0,PB,0,0,0,B,B,0,B,0,0,0,2012,Female,juvenile,MTO,0,no,no,yes,1.038091464,1,1,1,0.015625,BO,0,0,3
9070,0,0,0,0,0,0,0,0,0,0,0,0,0,0,0,0,0,0,PB,PB,0,B,B,B,B,B,B,B,B,2012,Female,juvenile,NAZ,0,no,no,yes,0.39188742,1,1,1,0,GG,0,0,4
9075,0,0,0,0,0,0,0,0,0,0,0,0,0,0,0,0,0,0,PB,0,0,0,B,B,B,B,B,B,B,2012,Female,juvenile,NAZ,0,no,no,yes,0.39188742,1,1,1,0,GG,1,0,4
9085,0,0,0,0,0,0,0,0,0,0,0,0,0,0,0,0,0,0,PB,0,0,0,0,0,0,0,0,0,0,2012,Male,juvenile,NBS,1,no,no,yes,0.044941844,1,1,1,0,GG,0,0,11
9090,0,0,0,0,0,0,0,0,0,0,0,0,0,0,0,0,0,0,PB,0,0,0,0,0,0,0,0,0,0,2012,UNK,juvenile,NBS,1,no,no,yes,0.044941844,1,1,1,0,GG,0,0,11
910,0,0,0,0,0,0,0,0,0,0,0,0,0,PB,PB,0,0,0,0,0,0,0,0,0,0,0,0,0,0,2007,UNK,juvenile,PWA,0,no,no,yes,1.464141267,1,1,1,0,GG,0,0,NA
9100,0,0,0,0,0,0,0,0,0,0,0,0,0,0,0,0,0,0,PB,0,0,0,0,0,0,0,0,0,0,2012,Female,juvenile,NEV,0,no,no,yes,0.475933776,1,1,1,0.078125,GG,0,0,8
9105,0,0,0,0,0,0,0,0,0,0,0,0,0,0,0,0,0,0,PB,0,PB,PB,PB,0,PB,0,0,0,0,2012,Female,juvenile,NEV,0,no,no,yes,0.475933776,1,1,1,0.078125,GG,NA,NA,8
9110,0,0,0,0,0,0,0,0,0,0,0,0,0,0,0,0,0,0,PB,0,0,0,0,0,0,0,0,0,0,2012,Female,juvenile,NEV,0,no,no,yes,0.475933776,1,1,1,0.078125,GG,0,0,8
9115,0,0,0,0,0,0,0,0,0,0,0,0,0,0,0,0,0,0,PB,0,0,B,B,B,B,B,B,B,B,2012,Female,juvenile,NIA,0,no,no,yes,1.074457819,1,1,1,0,GG,NA,NA,5
9120,0,0,0,0,0,0,0,0,0,0,0,0,0,0,0,0,0,0,PB,0,0,0,PB,0,0,0,0,0,0,2012,Female,juvenile,NIA,0,no,no,yes,1.074457819,1,1,1,0,GG,0,0,5
9125,0,0,0,0,0,0,0,0,0,0,0,0,0,0,0,0,0,0,PB,0,0,PB,PB,B,0,0,0,0,0,2012,Male,juvenile,NIA,0,no,no,yes,1.074457819,1,1,1,0,GG,1,1,5
9130,0,0,0,0,0,0,0,0,0,0,0,0,0,0,0,0,0,0,PB,0,0,0,PB,0,0,0,0,0,0,2012,Female,juvenile,NOW,0,no,no,yes,2.298311335,2,0,1,0,BO,0,0,13
9135,0,0,0,0,0,0,0,0,0,0,0,0,0,0,0,0,0,0,PB,0,0,0,PB,0,0,B,B,0,0,2012,Female,juvenile,NOW,0,no,no,yes,2.298311335,2,0,1,0,BO,0,0,13
915,0,0,0,0,0,0,0,0,0,0,PB,0,0,0,0,0,0,0,0,0,0,0,0,0,0,0,0,0,0,2004,UNK,juvenile,MCW,1,no,no,no,0.438101981,1,1,1,0,GG,NA,NA,4
9150,0,0,0,0,0,0,0,0,0,0,0,0,0,0,0,0,0,0,PB,0,0,0,0,0,0,0,0,0,0,2012,UNK,juvenile,OLY,1,no,no,yes,0.084038717,1,1,1,0.25,GG,1,0,4
9155,0,0,0,0,0,0,0,0,0,0,0,0,0,0,0,0,0,0,PB,0,0,0,0,0,0,0,PB,0,0,2012,UNK,juvenile,OLY,1,no,no,yes,0.084038717,1,1,1,0.25,GG,0,0,4
9190,0,0,0,0,0,0,0,0,0,0,0,0,0,0,0,0,0,0,PB,0,0,0,0,0,0,0,0,0,0,2012,UNK,juvenile,OVA,0,no,no,yes,3.613778632,2,0,0,0.078125,BO,0,0,2
9195,0,0,0,0,0,0,0,0,0,0,0,0,0,0,0,0,0,0,PB,0,0,0,0,0,0,0,0,0,0,2012,Female,juvenile,OVA,0,no,no,yes,3.613778632,2,0,0,0.078125,BO,0,0,2
920,0,0,0,0,0,PB,PB,PB,0,0,0,0,PB,0,0,0,0,0,0,0,0,0,0,0,0,0,0,0,0,1999,Female,juvenile,HMS,0,no,no,yes,3.573593113,2,0,0,NA,BO,NA,NA,NA
9200,0,0,0,0,0,0,0,0,0,0,0,0,0,0,0,0,0,0,PB,PB,0,0,0,0,0,0,0,0,0,2012,Female,juvenile,PAR,0,no,no,yes,2.011722582,2,0,1,0,BO,0,0,6
9205,0,0,0,0,0,0,0,0,0,0,0,0,0,0,0,0,0,0,PB,PB,0,0,0,0,0,0,0,0,0,2012,Female,juvenile,PAR,0,no,no,yes,2.011722582,2,0,1,0,BO,0,0,6
9215,0,0,0,0,0,0,0,0,0,0,0,0,0,0,0,0,0,0,PB,PB,B,B,B,0,B,B,B,B,B,2012,Female,juvenile,PHI,0,no,no,yes,0.538972658,1,1,1,0.0703125,GG,0,0,3
9230,0,0,0,0,0,0,0,0,0,0,0,0,0,0,0,0,0,0,PB,0,0,0,0,0,0,0,0,0,0,2012,UNK,juvenile,PHO,0,no,no,yes,1.079327248,1,1,1,0,GG,0,0,8
9235,0,0,0,0,0,0,0,0,0,0,0,0,0,0,0,0,0,0,PB,0,0,0,0,0,0,0,0,0,0,2012,UNK,juvenile,PHO,0,no,no,yes,1.079327248,1,1,1,0,GG,0,0,8
9250,0,0,0,0,0,0,0,0,0,0,0,0,0,0,0,0,0,0,PB,0,0,0,0,0,0,0,0,0,0,2012,UNK,juvenile,PWA,0,no,no,yes,1.464141267,1,1,1,0,GG,NA,NA,11
9255,0,0,0,0,0,0,0,0,0,0,0,0,0,0,0,0,0,0,PB,0,0,PB,B,B,PO,0,0,0,0,2012,Male,juvenile,PWA,0,no,no,yes,1.464141267,1,1,1,0,GG,NA,NA,11
9270,0,0,0,0,0,0,0,0,0,0,0,0,0,0,0,0,0,0,PB,0,0,PB,PB,0,0,0,0,0,0,2012,Male,juvenile,QUA,0,no,no,yes,1.068978606,1,1,1,0,GG,0,0,10
9275,0,0,0,0,0,0,0,0,0,0,0,0,0,0,0,0,0,0,PB,0,0,0,0,0,0,0,0,0,0,2012,UNK,juvenile,QUA,0,no,no,yes,1.068978606,1,1,1,0,GG,0,0,10
9280,0,0,0,0,0,0,0,0,0,0,0,0,0,0,0,0,0,0,PB,PB,0,PB,0,0,0,0,0,0,0,2012,Female,juvenile,QUI,0,no,no,yes,0.713376379,1,1,1,0,GG,0,0,11
9285,0,0,0,0,0,0,0,0,0,0,0,0,0,0,0,0,0,0,PB,0,0,B,B,B,B,B,B,B,B,2012,Male,juvenile,QUI,0,no,no,yes,0.713376379,1,1,1,0,GG,1,1,11
9290,0,0,0,0,0,0,0,0,0,0,0,0,0,0,0,0,0,0,PB,0,0,0,0,0,0,0,0,0,0,2012,UNK,juvenile,QUI,0,no,no,yes,0.713376379,1,1,1,0,GG,0,0,11
9295,0,0,0,0,0,0,0,0,0,0,0,0,0,0,0,0,0,0,PB,0,0,0,0,0,0,0,0,0,0,2012,UNK,juvenile,RAT,0,no,no,yes,1.997109374,1,1,1,0,GG,0,0,5
930,0,0,0,0,0,0,0,0,0,PB,0,0,PB,0,0,0,0,0,0,0,0,0,0,0,0,0,0,0,0,2003,Female,juvenile,GDEWS,NA,no,no,no,NA,#N/A,NA,NA,0,NA,NA,NA,NA
9300,0,0,0,0,0,0,0,0,0,0,0,0,0,0,0,0,0,0,PB,0,0,0,0,0,0,0,0,0,0,2012,UNK,juvenile,RAT,0,no,no,yes,1.997109374,1,1,1,0,GG,0,0,5
9325,0,0,0,0,0,0,0,0,0,0,0,0,0,0,0,0,0,0,PB,PB,0,PB,0,0,0,0,0,0,0,2012,Female,juvenile,RON,0,no,no,yes,1.456043944,1,1,1,0,BO,0,0,3
9330,0,0,0,0,0,0,0,0,0,0,0,0,0,0,0,0,0,0,PB,0,0,B,0,0,0,B,B,0,0,2012,Male,juvenile,SAP,0,no,no,yes,1.610957558,1,1,1,0,GG,1,0,6
9335,0,0,0,0,0,0,0,0,0,0,0,0,0,0,0,0,0,0,PB,0,0,0,0,0,0,0,0,0,0,2012,UNK,juvenile,SAP,0,no,no,yes,1.610957558,1,1,1,0,GG,0,0,6
9345,0,0,0,0,0,0,0,0,0,0,0,0,0,0,0,0,0,0,PB,0,0,PB,PB,0,0,0,0,0,0,2012,Male,juvenile,SEX,0,no,no,yes,1.630767846,1,1,1,0,BO,0,0,9
935,0,0,0,0,0,0,0,0,0,0,0,0,0,PB,0,0,0,0,0,0,0,0,0,0,0,0,0,0,0,2007,UNK,juvenile,NEV,0,no,no,yes,0.475933776,1,1,1,0.015625,GG,NA,NA,3
9355,0,0,0,0,0,0,0,0,0,0,0,0,0,0,0,0,0,0,PB,0,0,0,B,0,0,0,0,B,0,2012,Male,juvenile,SLE,0,no,no,yes,1.349916214,1,1,1,0.25,GG,0,0,7
9375,0,0,0,0,0,0,0,0,0,0,0,0,0,0,0,0,0,0,PB,0,0,0,0,0,0,0,0,0,0,2012,UNK,juvenile,SNA,0,no,no,yes,1.366245224,1,1,1,0.09375,GG,0,0,4
9380,0,0,0,0,0,0,0,0,0,0,0,0,0,0,0,0,0,0,PB,0,0,0,0,0,0,0,0,0,0,2012,Female,juvenile,SNA,0,no,no,yes,1.366245224,1,1,1,0.09375,GG,0,0,4
9390,0,0,0,0,0,0,0,0,0,0,0,0,0,0,0,0,0,0,PB,0,0,0,0,B,0,0,0,0,0,2012,Male,juvenile,SQU,0,no,no,yes,3.019230646,2,0,0,0,BO,0,0,5
9395,0,0,0,0,0,0,0,0,0,0,0,0,0,0,0,0,0,0,PB,0,0,0,0,PB,0,0,0,0,0,2012,Male,juvenile,SQU,0,no,no,yes,3.019230646,2,0,0,0,BO,0,0,5
940,0,0,0,0,0,0,0,PB,0,0,0,0,0,0,0,0,0,0,0,0,0,0,0,0,0,0,0,0,0,2001,Female,juvenile,GDEWS,NA,no,no,no,NA,#N/A,NA,NA,0,NA,NA,NA,NA
9400,0,0,0,0,0,0,0,0,0,0,0,0,0,0,0,0,0,0,PB,0,0,B,B,0,0,0,0,0,0,2012,Male,juvenile,SRB,0,no,no,yes,2.945461504,2,0,1,0.25,GG,0,0,13
9405,0,0,0,0,0,0,0,0,0,0,0,0,0,0,0,0,0,0,PB,0,0,0,0,0,0,0,0,0,0,2012,UNK,juvenile,SRB,0,no,no,yes,2.945461504,2,0,1,0.25,GG,0,0,13
9415,0,0,0,0,0,0,0,0,0,0,0,0,0,0,0,0,0,0,PB,0,0,0,0,0,0,0,0,0,0,2012,UNK,juvenile,STX,0,no,no,yes,1.931616027,1,1,1,0.15625,BO,0,0,8
9420,0,0,0,0,0,0,0,0,0,0,0,0,0,0,0,0,0,0,PB,0,0,0,0,0,0,0,0,0,0,2012,UNK,juvenile,STX,0,no,no,yes,1.931616027,1,1,1,0.15625,BO,0,0,8
9425,0,0,0,0,0,0,0,0,0,0,0,0,0,0,0,0,0,0,PB,PB,0,0,0,0,0,0,0,0,0,2012,Female,juvenile,STX,0,no,no,yes,1.931616027,1,1,1,0.15625,BO,0,0,8
9430,0,0,0,0,0,0,0,0,0,0,0,0,0,0,0,0,0,0,PB,0,0,0,0,0,0,0,0,0,0,2012,UNK,juvenile,STX,0,no,no,yes,1.931616027,1,1,1,0.15625,BO,0,0,8
945,0,0,0,0,0,0,0,0,0,0,0,0,0,PB,0,0,PB,0,0,0,0,0,0,0,0,0,0,0,0,2007,Female,juvenile,MOS,0,no,no,yes,1.327013703,1,1,1,0,BO,NA,NA,5
9450,0,0,0,0,0,0,0,0,0,0,0,0,0,0,0,0,0,0,PB,0,0,0,0,0,PB,0,0,0,0,2012,Female,juvenile,SUZ,1,no,no,yes,0.045266475,1,1,1,0,GG,0,0,5
9455,0,0,0,0,0,0,0,0,0,0,0,0,0,0,0,0,0,0,PB,0,0,0,0,0,0,0,0,0,0,2012,Male,juvenile,SUZ,1,no,no,yes,0.045266475,1,1,1,0,GG,0,0,5
9460,0,0,0,0,0,0,0,0,0,0,0,0,0,0,0,0,0,0,PB,PB,0,B,B,B,B,B,B,PO,B,2012,Female,juvenile,SUZ,1,no,no,yes,0.045266475,1,1,1,0,GG,1,0,5
9465,0,0,0,0,0,0,0,0,0,0,0,0,0,0,0,0,0,0,PB,PB,0,0,B,B,B,0,0,0,0,2012,Male,juvenile,SWI,0,no,no,yes,2.949732005,2,0,1,0,BO,0,0,3
9470,0,0,0,0,0,0,0,0,0,0,0,0,0,0,0,0,0,0,PB,PB,0,0,0,0,0,0,PB,0,0,2012,Female,juvenile,SWI,0,no,no,yes,2.949732005,2,0,1,0,BO,1,0,3
9475,0,0,0,0,0,0,0,0,0,0,0,0,0,0,0,0,0,0,PB,0,0,0,PB,0,0,B,0,0,0,2012,Female,juvenile,TAK,0,no,no,yes,1.315004883,1,1,1,0.0625,GG,0,0,4
9480,0,0,0,0,0,0,0,0,0,0,0,0,0,0,0,0,0,0,PB,0,0,B,B,B,B,B,B,0,0,2012,Female,juvenile,TAK,0,no,no,yes,1.315004883,1,1,1,0.0625,GG,0,0,4
9485,0,0,0,0,0,0,0,0,0,0,0,0,0,0,0,0,0,0,PB,0,PB,0,PB,0,0,0,0,0,0,2012,Male,juvenile,TAK,0,no,no,yes,1.315004883,1,1,1,0.0625,GG,0,0,4
9520,0,0,0,0,0,0,0,0,0,0,0,0,0,0,0,0,0,0,PB,0,0,0,0,0,0,0,0,0,0,2012,UNK,juvenile,TRA,0,no,no,yes,0.243337301,1,1,1,0.03125,GG,1,0,8
9525,0,0,0,0,0,0,0,0,0,0,0,0,0,0,0,0,0,0,PB,0,0,0,0,0,0,0,0,0,0,2012,UNK,juvenile,TRA,0,no,no,yes,0.243337301,1,1,1,0.03125,GG,0,0,8
9530,0,0,0,0,0,0,0,0,0,0,0,0,0,0,0,0,0,0,PB,0,PB,0,PB,PB,B,B,0,0,0,2012,Male,juvenile,TRO,1,no,no,yes,0.042474,1,1,1,0,GG,1,0,12
9545,0,0,0,0,0,0,0,0,0,0,0,0,0,0,0,0,0,0,PB,0,0,0,0,0,0,0,0,0,0,2012,UNK,juvenile,TUT,0,no,no,yes,0.159228595,1,1,1,0.0625,GG,0,0,11
955,0,0,0,0,0,0,0,0,0,0,0,0,0,PB,0,0,0,0,0,0,0,0,0,0,0,0,0,0,0,2007,UNK,juvenile,AAR,0,no,no,yes,2.144788508,2,0,1,0,BO,NA,NA,8
9550,0,0,0,0,0,0,0,0,0,0,0,0,0,0,0,0,0,0,PB,0,0,0,0,0,0,0,0,PB,0,2012,Male,juvenile,TUT,0,no,no,yes,0.159228595,1,1,1,0.0625,GG,0,0,11
9555,0,0,0,0,0,0,0,0,0,0,0,0,0,0,0,0,0,0,PB,0,0,0,0,0,0,0,0,0,0,2012,UNK,juvenile,TUT,0,no,no,yes,0.159228595,1,1,1,0.0625,GG,0,0,11
9560,0,0,0,0,0,0,0,0,0,0,0,0,0,0,0,0,0,0,PB,0,B,B,B,B,B,B,B,B,0,2012,Female,juvenile,UEA,0,no,no,yes,2.859669641,2,0,1,0,GG,0,0,NA
9565,0,0,0,0,0,0,0,0,0,0,0,0,0,0,0,0,0,0,PB,0,0,B,B,B,0,B,B,0,0,2012,Female,juvenile,UEA,0,no,no,yes,2.859669641,2,0,1,0,GG,0,0,NA
9570,0,0,0,0,0,0,0,0,0,0,0,0,0,0,0,0,0,0,PB,0,0,B,0,0,0,0,0,0,0,2012,Male,juvenile,VES,0,no,no,yes,3.052730754,2,0,0,0,BO,0,0,9
9575,0,0,0,0,0,0,0,0,0,0,0,0,0,0,0,0,0,0,PB,0,0,0,0,0,0,0,0,0,0,2012,Female,juvenile,VES,0,no,no,yes,3.052730754,2,0,0,0,BO,0,0,9
9585,0,0,0,0,0,0,0,0,0,0,0,0,0,0,0,0,0,0,PB,PB,0,0,0,PB,0,0,0,0,0,2012,Female,juvenile,WAT,0,no,no,yes,3.690563635,2,0,0,0,BO,0,0,12
9590,0,0,0,0,0,0,0,0,0,0,0,0,0,0,0,0,0,0,PB,0,0,0,0,0,0,0,0,0,0,2012,UNK,juvenile,WAT,0,no,no,yes,3.690563635,2,0,0,0,BO,0,0,12
9595,0,0,0,0,0,0,0,0,0,0,0,0,0,0,0,0,0,0,PB,PB,0,PB,PB,0,0,0,0,0,0,2012,Male,juvenile,WEE,0,no,no,yes,1.18256435,1,1,1,0,GG,0,0,12
9600,0,0,0,0,0,0,0,0,0,0,0,0,0,0,0,0,0,0,PB,0,0,0,0,0,0,0,0,0,0,2012,UNK,juvenile,WEE,0,no,no,yes,1.18256435,1,1,1,0,GG,0,0,12
9605,0,0,0,0,0,0,0,0,0,0,0,0,0,0,0,0,0,0,PB,0,0,0,0,0,0,0,0,0,0,2012,UNK,juvenile,WEE,0,no,no,yes,1.18256435,1,1,1,0,GG,0,0,12
9610,0,0,0,0,0,0,0,0,0,0,0,0,0,0,0,0,0,0,PB,0,0,0,0,0,0,0,0,0,0,2012,Male,juvenile,WHA,0,no,no,yes,0.012678474,1,1,1,0,GG,0,0,14
9615,0,0,0,0,0,0,0,0,0,0,0,0,0,0,0,0,0,0,PB,0,0,0,0,0,0,0,0,0,0,2012,UNK,juvenile,WHA,0,no,no,yes,0.012678474,1,1,1,0,GG,1,1,14
9625,0,0,0,0,0,0,0,0,0,0,0,0,0,0,0,0,0,0,PB,PB,0,0,0,0,B,0,B,0,0,2012,Female,juvenile,WOO,0,no,no,yes,2.220009418,2,0,1,0,GG,0,0,7
9660,0,0,0,0,0,0,0,0,0,0,0,0,0,0,0,0,0,0,0,PB,0,0,0,0,0,0,0,0,0,2013,Male,juvenile,ONE,1,no,no,yes,0.450070765,1,1,1,0,GG,0,0,11
9680,0,0,0,0,0,0,0,0,0,0,0,0,0,0,0,0,0,0,0,PB,0,PB,B,B,B,0,0,B,0,2013,Female,juvenile,AAR,0,no,no,yes,2.144788508,2,0,1,0,BO,0,0,10
9685,0,0,0,0,0,0,0,0,0,0,0,0,0,0,0,0,0,0,0,PB,0,B,0,0,PO,0,0,0,0,2013,Male,juvenile,AAR,0,no,no,yes,2.144788508,2,0,1,0,BO,0,0,10
9690,0,0,0,0,0,0,0,0,0,0,0,0,0,0,0,0,0,0,0,PB,0,0,PB,0,0,0,B,0,0,2013,Male,juvenile,AAR,0,no,no,yes,2.144788508,2,0,1,0,BO,0,0,10
9695,0,0,0,0,0,0,0,0,0,0,0,0,0,0,0,0,0,0,0,PB,0,0,0,0,0,0,0,0,0,2013,Female,juvenile,ADV,0,no,no,yes,1.128041703,1,1,1,0,GG,1,1,4
9700,0,0,0,0,0,0,0,0,0,0,0,0,0,0,0,0,0,0,0,PB,0,0,0,0,0,0,0,0,0,2013,UNK,juvenile,ADV,0,no,no,yes,1.128041703,1,1,1,0,GG,0,0,4
9705,0,0,0,0,0,0,0,0,0,0,0,0,0,0,0,0,0,0,0,PB,0,0,0,0,0,0,0,0,0,2013,Male,juvenile,ALA,0,no,no,yes,0.856844925,1,1,1,0,BO,0,0,10
9710,0,0,0,0,0,0,0,0,0,0,0,0,0,0,0,0,0,0,0,PB,0,0,0,0,0,0,0,0,0,2013,UNK,juvenile,ALA,0,no,no,yes,0.856844925,1,1,1,0,BO,1,1,10
9735,0,0,0,0,0,0,0,0,0,0,0,0,0,0,0,0,0,0,0,PB,0,B,B,B,B,B,0,PO,B,2013,Female,juvenile,AUR,0,no,no,yes,1.144048243,1,1,1,0.0625,GG,1,1,5
9755,0,0,0,0,0,0,0,0,0,0,0,0,0,0,0,0,0,0,0,PB,0,0,0,0,0,0,0,0,0,2013,UNK,juvenile,BEE,0,no,no,yes,0.169170504,1,1,1,0,GG,0,0,11
9760,0,0,0,0,0,0,0,0,0,0,0,0,0,0,0,0,0,0,0,PB,0,PB,PB,PB,B,PO,PO,0,0,2013,Female,juvenile,BEE,0,no,no,yes,0.169170504,1,1,1,0,GG,0,0,11
9765,0,0,0,0,0,0,0,0,0,0,0,0,0,0,0,0,0,0,0,PB,0,0,0,0,0,0,0,0,0,2013,UNK,juvenile,BEE,0,no,no,yes,0.169170504,1,1,1,0,GG,1,1,11
9770,0,0,0,0,0,0,0,0,0,0,0,0,0,0,0,0,0,0,0,PB,0,0,PB,0,0,PB,PB,PB,0,2013,Male,juvenile,BER,0,no,no,yes,0.118585884,1,1,1,0,GG,1,1,10
9775,0,0,0,0,0,0,0,0,0,0,0,0,0,0,0,0,0,0,0,PB,PB,0,0,0,0,0,0,0,0,2013,UNK,juvenile,BER,0,no,no,yes,0.118585884,1,1,1,0,GG,1,0,10
9780,0,0,0,0,0,0,0,0,0,0,0,0,0,0,0,0,0,0,0,PB,0,0,0,0,0,0,0,0,0,2013,UNK,juvenile,BER,0,no,no,yes,0.118585884,1,1,1,0,GG,0,0,10
9785,0,0,0,0,0,0,0,0,0,0,0,0,0,0,0,0,0,0,0,PB,0,0,0,0,0,B,0,0,0,2013,Female,juvenile,BER,0,no,no,yes,0.118585884,1,1,1,0,GG,0,0,10
9790,0,0,0,0,0,0,0,0,0,0,0,0,0,0,0,0,0,0,0,PB,0,0,B,B,B,B,B,B,B,2013,Female,juvenile,BEV,0,no,no,yes,1.272783044,1,1,1,0.0078125,GG,1,1,6
9795,0,0,0,0,0,0,0,0,0,0,0,0,0,0,0,0,0,0,0,PB,0,B,0,0,0,B,B,B,0,2013,Female,juvenile,BEV,0,no,no,yes,1.272783044,1,1,1,0.0078125,GG,0,0,6
9800,0,0,0,0,0,0,0,0,0,0,0,0,0,0,0,0,0,0,0,PB,0,0,PB,0,PB,B,0,0,0,2013,Male,juvenile,BEV,0,no,no,yes,1.272783044,1,1,1,0.0078125,GG,1,1,6
9805,0,0,0,0,0,0,0,0,0,0,0,0,0,0,0,0,0,0,0,PB,0,0,0,0,0,0,0,0,0,2013,UNK,juvenile,BLR,0,no,no,yes,0.326113279,1,1,1,0.0625,GG,0,0,5
9810,0,0,0,0,0,0,0,0,0,0,0,0,0,0,0,0,0,0,0,PB,0,B,B,B,0,B,B,0,B,2013,Female,juvenile,BLR,0,no,no,yes,0.326113279,1,1,1,0.0625,GG,0,0,5
9815,0,0,0,0,0,0,0,0,0,0,0,0,0,0,0,0,0,0,0,PB,0,0,0,0,0,0,0,0,0,2013,Male,juvenile,BIK,0,no,no,yes,0.307188878,1,1,1,0,GG,1,1,9
9820,0,0,0,0,0,0,0,0,0,0,0,0,0,0,0,0,0,0,0,PB,0,0,0,0,0,0,0,0,0,2013,UNK,juvenile,BIK,0,no,no,yes,0.307188878,1,1,1,0,GG,1,1,9
9845,0,0,0,0,0,0,0,0,0,0,0,0,0,0,0,0,0,0,0,PB,0,0,PB,0,0,0,0,0,0,2013,Male,juvenile,BOB,0,no,no,yes,1.982154844,1,1,1,0.03125,BO,0,0,4
985,PB,0,0,0,0,0,0,0,0,0,0,0,0,0,0,0,0,0,0,0,0,0,0,0,0,0,0,0,0,1994,Female,juvenile,NBS,1,no,no,yes,0.044941844,1,1,1,NA,GG,NA,NA,NA
9850,0,0,0,0,0,0,0,0,0,0,0,0,0,0,0,0,0,0,0,PB,0,0,0,0,0,0,0,0,0,2013,UNK,juvenile,BOB,0,no,no,yes,1.982154844,1,1,1,0.03125,BO,1,1,4
9855,0,0,0,0,0,0,0,0,0,0,0,0,0,0,0,0,0,0,0,PB,0,0,B,0,0,B,0,0,0,2013,Male,juvenile,BOB,0,no,no,yes,1.982154844,1,1,1,0.03125,BO,0,0,4
9860,0,0,0,0,0,0,0,0,0,0,0,0,0,0,0,0,0,0,0,PB,0,0,PB,0,0,B,0,0,0,2013,Male,juvenile,BBA,0,no,no,yes,2.384051007,2,0,1,0,BO,0,0,4
9865,0,0,0,0,0,0,0,0,0,0,0,0,0,0,0,0,0,0,0,PB,0,0,0,0,0,0,0,0,0,2013,UNK,juvenile,BBA,0,no,no,yes,2.384051007,2,0,1,0,BO,1,1,4
9895,0,0,0,0,0,0,0,0,0,0,0,0,0,0,0,0,0,0,0,PB,PB,PB,0,0,0,0,0,0,0,2013,Female,juvenile,BFO,0,no,no,yes,1.355933677,1,1,1,0,GG,0,0,10
9900,0,0,0,0,0,0,0,0,0,0,0,0,0,0,0,0,0,0,0,PB,0,0,0,0,0,0,0,0,0,2013,UNK,juvenile,BFO,0,no,no,yes,1.355933677,1,1,1,0,GG,0,0,10
9930,0,0,0,0,0,0,0,0,0,0,0,0,0,0,0,0,0,0,0,PB,0,0,B,B,B,B,B,B,B,2013,Male,juvenile,COC,0,no,no,yes,0.477454083,1,1,1,0.0625,GG,NA,NA,5
9945,0,0,0,0,0,0,0,0,0,0,0,0,0,0,0,0,0,0,0,PB,0,0,0,0,0,0,0,0,0,2013,Male,juvenile,DRV,0,no,no,yes,1.181814126,1,1,1,0.0625,GG,1,1,4
9950,0,0,0,0,0,0,0,0,0,0,0,0,0,0,0,0,0,0,0,PB,0,PB,PB,0,B,PO,B,B,0,2013,Male,juvenile,DRV,0,no,no,yes,1.181814126,1,1,1,0.0625,GG,1,1,4
9965,0,0,0,0,0,0,0,0,0,0,0,0,0,0,0,0,0,0,0,PB,0,0,0,0,0,0,0,0,0,2013,UNK,juvenile,DUP,0,no,no,yes,1.017734063,1,1,1,0,BO,1,1,7
9970,0,0,0,0,0,0,0,0,0,0,0,0,0,0,0,0,0,0,0,PB,0,B,B,B,B,B,B,B,B,2013,Female,juvenile,DUP,0,no,no,yes,1.017734063,1,1,1,0,BO,1,1,7
9975,0,0,0,0,0,0,0,0,0,0,0,0,0,0,0,0,0,0,0,PB,0,0,0,0,0,0,0,0,0,2013,UNK,juvenile,DUP,0,no,no,yes,1.017734063,1,1,1,0,BO,1,1,7
9980,0,0,0,0,0,0,0,0,0,0,0,0,0,0,0,0,0,0,0,PB,PB,0,0,0,0,0,PB,PB,0,2013,Male,juvenile,FAT,0,no,no,yes,1.890881944,1,1,1,0.0625,GG,1,1,6
9985,0,0,0,0,0,0,0,0,0,0,0,0,0,0,0,0,0,0,0,PB,0,0,0,0,0,0,PB,0,0,2013,Female,juvenile,FAT,0,no,no,yes,1.890881944,1,1,1,0.0625,GG,0,0,6
9995,0,0,0,0,0,0,0,0,0,0,0,0,0,0,0,0,0,0,0,PB,0,B,B,B,PO,B,B,B,0,2013,Female,juvenile,FMG,1,no,no,yes,0.234059632,1,1,1,0.0390625,GG,0,0,6
